Type,Localisation,Latitude,Longitude,Title,Price in DH,Tags,Tags_length,Area in m²,Rooms,Bedrooms,Bathrooms,Condition,Floor,House Age in ans
Appartements Casablanca,Casablanca Finance City à Casablanca,33.56170473792227,-7.630379283521052,Somptueux appartement à louer au tour végétal,22000.0,"['219 m²', '4 Pièces', '3 Chambres', '3 Salles de bains', 'Nouveau', ""Moins d'un an"", '11ème étage']",7,219.0,4.0,3.0,3.0,Nouveau,11.0,0
Appartements Casablanca,Anfa à Casablanca,33.56170473792227,-7.630379283521052,A vendre appartement 86m face ELBILIA lahjajma,1230000.0,"['86 m²', '3 Pièces', '2 Chambres', '2 Salles de bains', 'Bon état', '10-20 ans', '1er étage']",7,86.0,3.0,2.0,2.0,Bon état,1.0,15
Appartements Casablanca,La Gironde à Casablanca,33.56170473792227,-7.630379283521052,A vendre bel appartement 2 chambres Gironde,900000.0,"['86 m²', '3 Pièces', '2 Chambres', '1 Salle de bain', 'Bon état', '10-20 ans', '5ème étage']",7,86.0,3.0,2.0,1.0,Bon état,5.0,15
Appartements Casablanca,Bourgogne Ouest à Casablanca,33.56170473792227,-7.630379283521052,A vendre appartement 180m clinique Badr pas cher,2400000.0,"['180 m²', '5 Pièces', '3 Chambres', '3 Salles de bains', 'Bon état', '10-20 ans', '3ème étage']",7,180.0,5.0,3.0,3.0,Bon état,3.0,15
Appartements Casablanca,Les princesses à Casablanca,33.5742088,-7.644182400000005,Appartement 3 chambres yaacoub almansour pas cher,1550000.0,"['120 m²', '5 Pièces', '3 Chambres', '2 Salles de bains', 'Bon état', '5-10 ans', '5ème étage']",7,120.0,5.0,3.0,2.0,Bon état,5.0,7
Appartements Casablanca,Bourgogne Ouest à Casablanca,33.56170473792227,-7.630379283521052,A vendre bel appartement de 3 chambres BOURGOGNE,1450000.0,"['113 m²', '4 Pièces', '3 Chambres', '2 Salles de bains', 'Bon état', '10-20 ans', '1er étage']",7,113.0,4.0,3.0,2.0,Bon état,1.0,15
Appartements Casablanca,Triangle d'Or à Casablanca,33.582734173084866,-7.675838470458984,Appartement luxe à vendre Triangle d'or,4800000.0,"['245 m²', '4 Pièces', '3 Chambres', '3 Salles de bains', 'Bon état', '10-20 ans', '3ème étage']",7,245.0,4.0,3.0,3.0,Bon état,3.0,15
Appartements Casablanca,Maârif Extension à Casablanca,33.56170473792227,-7.630379283521052,Joli appartement romandie 2 a vendre,1700000.0,"['110 m²', '3 Pièces', '2 Chambres', '2 Salles de bains', 'Bon état', '20-30 ans']",6,110.0,3.0,2.0,2.0,Bon état,3.0,25
Appartements Casablanca,Anassi à Casablanca,33.56170473792227,-7.630379283521052,Superbe appartement à vendre à Anassi alliance,330000.0,"['50 m²', '3 Pièces', '2 Chambres', '1 Salle de bain', 'Bon état', '5-10 ans', '1er étage']",7,50.0,3.0,2.0,1.0,Bon état,1.0,7
Villas & maisons de luxe Casablanca,Californie à Casablanca,33.53595755299843,-7.625627517700195,Vente villa 400m² avec jardin Californie,7500000.0,"['400 m²', '8 Pièces', '5 Chambres', '4 Salles de bains', 'Bon état']",5,400.0,8.0,5.0,4.0,Bon état,3.0,15
Appartements Casablanca,Triangle d'Or à Casablanca,33.582734173084866,-7.675838470458984,Vente magnifique appartement 144m² Triangle d'or,3600000.0,"['144 m²', '5 Pièces', '3 Chambres', '3 Salles de bains', 'Bon état']",5,144.0,5.0,3.0,3.0,Bon état,3.0,15
Appartements Casablanca,Maârif à Casablanca,33.58602331802259,-7.636442184448242,Très bel appartement en vente,1750000.0,"['113 m²', '3 Pièces', '2 Chambres', '2 Salles de bains', 'Nouveau', '1-5 ans', '4ème étage']",7,113.0,3.0,2.0,2.0,Nouveau,4.0,3
Appartements Casablanca,Bourgogne Ouest à Casablanca,33.56170473792227,-7.630379283521052,Appartement neuf de très haut standing,2590000.0,"['100 m²', '3 Pièces', '2 Chambres', '3 Salles de bains', 'Nouveau', ""Moins d'un an"", '6ème étage']",7,100.0,3.0,2.0,3.0,Nouveau,6.0,0
Appartements Casablanca,Triangle d'Or à Casablanca,33.582734173084866,-7.675838470458984,Penthouse neuf de très haut standing 10 ème étage,3300000.0,"['121 m²', '3 Pièces', '1 Chambre', '2 Salles de bains', 'Nouveau', ""Moins d'un an"", '10ème étage']",7,121.0,3.0,1.0,2.0,Nouveau,10.0,0
Appartements Casablanca,Racine à Casablanca,33.592458238962855,-7.648158073425293,Studio meublé Racine très haut standing,1300000.0,"['48 m²', '2 Pièces', '1 Chambre', '1 Salle de bain', 'Nouveau', '1-5 ans', '2ème étage']",7,48.0,2.0,1.0,1.0,Nouveau,2.0,3
Appartements Casablanca,Gauthier à Casablanca,33.56170473792227,-7.630379283521052,"Appartement a vendre sur Gauthier, ensoleillé et terrasse",2900000.0,"['230 m²', '4 Pièces', '3 Chambres', '3 Salles de bains', 'Bon état', '10-20 ans', '7ème étage']",7,230.0,4.0,3.0,3.0,Bon état,7.0,15
Appartements Casablanca,La Gironde à Casablanca,33.58505803848486,-7.601637840270996,Ente appartement meublé à la Gironde,1290000.0,"['105 m²', '7 Pièces', '2 Chambres', '2 Salles de bains', 'Bon état', '5-10 ans', '1er étage']",7,105.0,7.0,2.0,2.0,Bon état,1.0,7
Appartements Casablanca,Val Fleury à Casablanca,33.56170473792227,-7.630379283521052,Un magnifique appartement neuf à vendre,2219000.0,"['124 m²', '8 Pièces', '3 Chambres', '3 Salles de bains', 'Nouveau', ""Moins d'un an"", '3ème étage']",7,124.0,8.0,3.0,3.0,Nouveau,3.0,0
Appartements Casablanca,Anfa à Casablanca,33.56170473792227,-7.630379283521052,Appartement à vendre à Anfa. 6 grandes pièces. Ascenseur et garage,2408000.0,"['165 m²', '6 Pièces', '4 Chambres', '2 Salles de bains', 'Bon état', '9ème étage']",6,165.0,6.0,4.0,2.0,Bon état,9.0,15
Appartements Casablanca,Val Fleury à Casablanca,33.63154039181085,-7.6297176422365,Vente d'un bel appartement de haut standing,2500000.0,"['137 m²', '4 Pièces', '3 Chambres', '3 Salles de bains', 'Nouveau', ""Moins d'un an"", '2ème étage']",7,137.0,4.0,3.0,3.0,Nouveau,2.0,0
Appartements Casablanca,Gauthier à Casablanca,33.56170473792227,-7.630379283521052,Très bel appartement à vendre à Gauthier,1870000.0,"['107 m²', '4 Pièces', '3 Chambres', '2 Salles de bains', 'Nouveau', '6ème étage']",6,107.0,4.0,3.0,2.0,Nouveau,6.0,15
Appartements Casablanca,Maârif à Casablanca,33.58602331802259,-7.636442184448242,2 studios à vendre à Maarif,860000.0,"['51 m²', '2 Pièces', '1 Chambre', '1 Salle de bain', 'Nouveau', '1-5 ans', '2ème étage']",7,51.0,2.0,1.0,1.0,Nouveau,2.0,3
Appartements Casablanca,Gauthier à Casablanca,33.56170473792227,-7.630379283521052,Appartement neuf ths gauthier au 3ème étage,2300000.0,"['88 m²', '3 Pièces', '2 Chambres', '2 Salles de bains', 'Nouveau', ""Moins d'un an"", '3ème étage']",7,88.0,3.0,2.0,2.0,Nouveau,3.0,0
Villas & maisons de luxe Casablanca,Anfa à Casablanca,33.56170473792227,-7.630379283521052,TerrainANFA Sur Bv. Driss SLAOUI,11900000.0,"['625 m²', '6 Pièces', '5 Chambres', '6 Salles de bains', 'À rénover', '30-50 ans']",6,625.0,6.0,5.0,6.0,À rénover,3.0,40
Villas & maisons de luxe Casablanca,Anfa à Casablanca,33.56170473792227,-7.630379283521052,VillaANFA ANGLE Sur Bv. DrissSLAOUI,27000000.0,"['1000 m²', '6 Pièces', '6 Chambres', '7 Salles de bains', 'À rénover', '30-50 ans']",6,1000.0,6.0,6.0,7.0,À rénover,3.0,40
Appartements Casablanca,Maârif Extension à Casablanca,33.57987394514173,-7.646827697753906,Appartement 87m Haut Standing A Maarif Extension,1200000.0,"['87 m²', '3 Pièces', '2 Chambres', '2 Salles de bains', 'Bon état']",5,87.0,3.0,2.0,2.0,Bon état,3.0,15
Appartements Casablanca,Les princesses à Casablanca,33.56170473792227,-7.630379283521052,Appartement 89m A Les Princesses,930000.0,"['89 m²', '3 Pièces', '2 Chambres', '2 Salles de bains', 'Bon état']",5,89.0,3.0,2.0,2.0,Bon état,3.0,15
Appartements Casablanca,Val Fleury à Casablanca,33.56170473792227,-7.630379283521052,Appartement 82 m2 Haut Standing A Val Fleuri,1290000.0,"['81 m²', '4 Pièces', '2 Chambres', '1 Salle de bain', 'Bon état']",5,81.0,4.0,2.0,1.0,Bon état,3.0,15
Appartements Casablanca,Beauséjour à Casablanca,33.568610876168464,-7.648673057556152,Appartements Neuf 75m 88m 110m Beauséjour,1125000.0,"['75 m²', '3 Pièces', '2 Chambres', '2 Salles de bains', 'Nouveau']",5,75.0,3.0,2.0,2.0,Nouveau,3.0,15
Appartements Casablanca,Riviera à Casablanca,33.56170473792227,-7.630379283521052,Appartements Neuf 80m 130m Luxe A Riviera,1600000.0,"['80 m²', '4 Pièces', '3 Chambres', '2 Salles de bains', 'Nouveau', ""Moins d'un an""]",6,80.0,4.0,3.0,2.0,Nouveau,3.0,0
Villas & maisons de luxe Casablanca,Sidi Maarouf à Casablanca,33.56170473792227,-7.630379283521052,Villa 400m A Florida Proche Carrefour,5500000.0,"['400 m²', '7 Pièces', '5 Chambres', '4 Salles de bains', 'Bon état']",5,400.0,7.0,5.0,4.0,Bon état,3.0,15
Appartements Casablanca,Val Fleury à Casablanca,33.57519011717882,-7.636785507202148,Appartement 225m Sans Vis A Vis 4 Ch A Val Fleuri,3000000.0,"['225 m²', '6 Pièces', '4 Chambres', '4 Salles de bains', 'Bon état']",5,225.0,6.0,4.0,4.0,Bon état,3.0,15
Appartements Casablanca,Val Fleury à Casablanca,33.57519011717882,-7.636785507202148,Appartement 160m Haut Standing A Val Fleuri,2200000.0,"['160 m²', '4 Pièces', '3 Chambres', '2 Salles de bains', 'Bon état']",5,160.0,4.0,3.0,2.0,Bon état,3.0,15
Appartements Casablanca,Ain Diab à Casablanca,33.58630932470067,-7.671375274658203,Plusieurs appartements de luxe à vendre,4500000.0,"['238 m²', '4 Pièces', '3 Chambres', '4 Salles de bains', 'Nouveau', ""Moins d'un an"", '3ème étage']",7,238.0,4.0,3.0,4.0,Nouveau,3.0,0
Appartements Casablanca,Racine Extension à Casablanca,33.56170473792227,-7.630379283521052,Vente d'un joli appartement à Racine extension,3400000.0,"['198 m²', '4 Pièces', '3 Chambres', '3 Salles de bains', 'Bon état', '10-20 ans', '4ème étage']",7,198.0,4.0,3.0,3.0,Bon état,4.0,15
Appartements Casablanca,Racine à Casablanca,33.56170473792227,-7.630379283521052,Appartement lumineux neuf de très haut standing,2800000.0,"['107 m²', '4 Pièces', '3 Chambres', '4 Salles de bains', 'Nouveau', ""Moins d'un an"", '5ème étage']",7,107.0,4.0,3.0,4.0,Nouveau,5.0,0
Villas & maisons de luxe Casablanca,Californie à Casablanca,33.53620795401007,-7.588162422180375,"Propriété d'exception sur 4037m², Californie Casa",45000000.0,"['4037 m²', '12 Pièces', '6 Chambres', '7 Salles de bains', 'Bon état', '10-20 ans']",6,4037.0,12.0,6.0,7.0,Bon état,3.0,15
Appartements Casablanca,Gauthier à Casablanca,33.56170473792227,-7.630379283521052,"Appartement a vendre Gauthier, luxe, terasse",4200000.0,"['244 m²', '4 Pièces', '3 Chambres', '4 Salles de bains', 'Nouveau', '5-10 ans', '6ème étage']",7,244.0,4.0,3.0,4.0,Nouveau,6.0,7
Appartements Casablanca,Gauthier à Casablanca,33.58891909184207,-7.628674507141113,"Duplex 6 ème étage, terrasse ensoleillé 446m",4900000.0,"['446 m²', '6 Pièces', '5 Chambres', '4 Salles de bains', 'Bon état', '1-5 ans', '6ème étage']",7,446.0,6.0,5.0,4.0,Bon état,6.0,3
Appartements Casablanca,Gauthier à Casablanca,33.56170473792227,-7.630379283521052,Appartement a vendre sur Gauthier,3400000.0,"['229 m²', '4 Pièces', '3 Chambres', '3 Salles de bains', 'Bon état', '5-10 ans', '1er étage']",7,229.0,4.0,3.0,3.0,Bon état,1.0,7
Appartements Casablanca,Gauthier à Casablanca,33.58891909184207,-7.628674507141113,Appartement a vendre Gauthier,4200000.0,"['200 m²', '4 Pièces', '3 Chambres', '3 Salles de bains', 'Nouveau', '1-5 ans', '1er étage']",7,200.0,4.0,3.0,3.0,Nouveau,1.0,3
Appartements Casablanca,Ain Diab à Casablanca,33.56170473792227,-7.630379283521052,Rez de Jardin refait à neuf,2256000.0,"['94 m²', '3 Pièces', '2 Chambres', '2 Salles de bains', 'Bon état', '10-20 ans']",6,94.0,3.0,2.0,2.0,Bon état,3.0,15
Appartements Casablanca,Casablanca Finance City à Casablanca,33.56170473792227,-7.630379283521052,FAUBOURGS D'ANFA Belle terrasse sans vis à vis,2090000.0,"['99 m²', '3 Pièces', '2 Chambres', '2 Salles de bains', 'Nouveau', '1-5 ans', '3ème étage']",7,99.0,3.0,2.0,2.0,Nouveau,3.0,3
Appartements Casablanca,Racine à Casablanca,33.592458238962855,-7.648158073425293,"Très bel appartement à vendre, 183 m2, Racine",3500000.0,"['183 m²', '5 Pièces', '3 Chambres', '2 Salles de bains', 'Bon état', '4ème étage']",6,183.0,5.0,3.0,2.0,Bon état,4.0,15
Appartements Casablanca,Palmier à Casablanca,33.57154299116339,-7.636313438415527,Appt a vendre a palmier sup 258 m 4 ch,3800000.0,"['258 m²', '7 Pièces', '4 Chambres', '3 Salles de bains', 'Bon état', '5-10 ans', '4ème étage']",7,258.0,7.0,4.0,3.0,Bon état,4.0,7
Appartements Casablanca,Californie à Casablanca,33.56170473792227,-7.630379283521052,Appartement Rez de jardin de 145m² en vente UTOPIA,1558920.0,"['145 m²', '3 Pièces', '2 Chambres', '2 Salles de bains']",4,145.0,3.0,2.0,2.306532663316583,Bon état,3.0,15
Appartements Casablanca,El Manar - El Hank à Casablanca,33.56170473792227,-7.630379283521052,"Appartement de 97m² en vente, Les terrasses d'anfa",4558824.761494253,"['97 m²', '4 Pièces', '3 Chambres', '2 Salles de bains', 'Nouveau']",5,97.0,4.0,3.0,2.0,Nouveau,3.0,15
Appartements Casablanca,Oasis à Casablanca,33.56170473792227,-7.630379283521052,Appartement au RDC de 96m² en vente Résidence Les Palmiers,1540000.0,"['96 m²', '3 Pièces', '2 Chambres', '1 Salle de bain', 'Nouveau']",5,96.0,3.0,2.0,1.0,Nouveau,3.0,15
Appartements Casablanca,Oasis à Casablanca,33.56170473792227,-7.630379283521052,Appartement de 59m² en vente Résidence Les Palmiers,1239000.0,"['59 m²', '3 Pièces', '2 Chambres', '1 Salle de bain', 'Nouveau', '1er étage']",6,59.0,3.0,2.0,1.0,Nouveau,1.0,15
Appartements Casablanca,Oasis à Casablanca,33.56170473792227,-7.630379283521052,Appartement de 59m² en vente Résidence Les Palmiers,1239000.0,"['59 m²', '2 Pièces', '1 Chambre', '1 Salle de bain', 'Nouveau', '1er étage']",6,59.0,2.0,1.0,1.0,Nouveau,1.0,15
Appartements Casablanca,Oasis à Casablanca,33.56170473792227,-7.630379283521052,Appartement de 56m² en vente Résidence Les Palmiers,1176000.0,"['56 m²', '2 Pièces', '1 Chambre', '1 Salle de bain', 'Nouveau', '1er étage']",6,56.0,2.0,1.0,1.0,Nouveau,1.0,15
Appartements Casablanca,La Gironde à Casablanca,33.56170473792227,-7.630379283521052,"Appartement de 90 m² en vente, Résidence Shangai",1035000.0,"['90 m²', '4 Pièces', '3 Chambres', '2 Salles de bains', 'Nouveau', '5ème étage']",6,90.0,4.0,3.0,2.0,Nouveau,5.0,15
Appartements Casablanca,Hay Lmkansa à Casablanca,33.56170473792227,-7.630379283521052,Vend appartement à Hay Lmkansa. 3 pièces confortables. Parking et terrasse,4558824.761494253,"['82 m²', '3 Pièces', '2 Chambres', '2 Salles de bains', 'Nouveau', '1-5 ans', '3ème étage']",7,82.0,3.0,2.0,2.0,Nouveau,3.0,3
Villas & maisons de luxe Casablanca,CIL (Hay Salam) à Casablanca,33.56170473792227,-7.630379283521052,Villa commercial dune superficie de 400m2 au cil,10400000.0,"['400 m²', '3 Pièces', '5 Chambres', '3 Salles de bains', 'À rénover', '20-30 ans']",6,400.0,3.0,5.0,3.0,À rénover,3.0,25
Villas & maisons de luxe Casablanca,Racine Extension à Casablanca,33.59056356209817,-7.640819549560547,"Magnifique villa à vendre à Racine Extension. 5 pièces confortables. Porte blindée, salon marocain",3400000.0,"['122 m²', '5 Pièces', '3 Chambres', '2 Salles de bains', 'Bon état', '20-30 ans']",6,122.0,5.0,3.0,2.0,Bon état,3.0,25
Villas & maisons de luxe Casablanca,Les Crêtes à Casablanca,33.56170473792227,-7.630379283521052,"Magnifique villa à vendre à Les Crêtes. 4 chambres. Piscine, climatisation",9000000.0,"['800 m²', '5 Pièces', '4 Chambres', '3 Salles de bains', 'Bon état']",5,800.0,5.0,4.0,3.0,Bon état,3.0,15
Villas & maisons de luxe Casablanca,Sidi Maarouf à Casablanca,33.56170473792227,-7.630379283521052,Villa 330m2 Moderne A Islan,3900000.0,"['330 m²', '6 Pièces', '5 Chambres', '4 Salles de bains', 'Bon état']",5,330.0,6.0,5.0,4.0,Bon état,3.0,15
Appartements Casablanca,Val Fleury à Casablanca,33.56170473792227,-7.630379283521052,Appartement 77m Haut Standing A Val Fleuri Maarif,1030000.0,"['77 m²', '3 Pièces', '2 Chambres', '2 Salles de bains', 'Bon état']",5,77.0,3.0,2.0,2.0,Bon état,3.0,15
Appartements Casablanca,Les princesses à Casablanca,33.57154299116339,-7.636313438415527,Appartement 150m Haut Standing A Les Princesses,2200000.0,"['150 m²', '4 Pièces', '3 Chambres', '3 Salles de bains', 'Bon état']",5,150.0,4.0,3.0,3.0,Bon état,3.0,15
Appartements Casablanca,Maârif Extension à Casablanca,33.56170473792227,-7.630379283521052,Vente d'un bel appartement à Casablanca. 3 chambres. Ascenseur et stationnement,1650000.0,"['113 m²', '4 Pièces', '3 Chambres', '2 Salles de bains', 'Nouveau']",5,113.0,4.0,3.0,2.0,Nouveau,3.0,15
Appartements Casablanca,Les princesses à Casablanca,33.57154299116339,-7.636313438415527,Appartement 121m Haut Standing A Les Princesses,1810000.0,"['121 m²', '4 Pièces', '2 Chambres', '2 Salles de bains', 'Bon état']",5,121.0,4.0,2.0,2.0,Bon état,3.0,15
Appartements Casablanca,Les princesses à Casablanca,33.56170473792227,-7.630379283521052,Appartement 131m Haut Standing A Les Princesses,1950000.0,"['131 m²', '4 Pièces', '3 Chambres', '2 Salles de bains', 'Bon état']",5,131.0,4.0,3.0,2.0,Bon état,3.0,15
Appartements Casablanca,Les princesses à Casablanca,33.56170473792227,-7.630379283521052,Appartement 130m Neuf Luxe A Les Princesses,2500000.0,"['130 m²', '4 Pièces', '3 Chambres', '2 Salles de bains', 'Nouveau']",5,130.0,4.0,3.0,2.0,Nouveau,3.0,15
Appartements Casablanca,Les Hôpitaux à Casablanca,33.56170473792227,-7.630379283521052,Appartement 155m Meublé Proche Pasteur,1700000.0,"['155 m²', '4 Pièces', '3 Chambres', '2 Salles de bains', 'Bon état']",5,155.0,4.0,3.0,2.0,Bon état,3.0,15
Appartements Casablanca,Maârif à Casablanca,33.56170473792227,-7.630379283521052,Studio 59m Neuf Prés BD Biranzaran,920000.0,"['59 m²', '2 Pièces', '1 Chambre', '2 Salles de bains', 'Nouveau']",5,59.0,2.0,1.0,2.0,Nouveau,3.0,15
Appartements Casablanca,Val Fleury à Casablanca,33.56170473792227,-7.630379283521052,Vend appartement 121m Luxe A Val Fleuri,1550000.0,"['121 m²', '3 Pièces', '2 Chambres', '1 Salle de bain', 'Bon état', '5-10 ans']",6,121.0,3.0,2.0,1.0,Bon état,3.0,7
Appartements Casablanca,Ain Diab à Casablanca,33.58630932470067,-7.671375274658203,Plusieurs appartements de luxe à vendre,4500000.0,"['238 m²', '4 Pièces', '3 Chambres', '4 Salles de bains', 'Nouveau', ""Moins d'un an"", '3ème étage']",7,238.0,4.0,3.0,4.0,Nouveau,3.0,0
Appartements Casablanca,Racine Extension à Casablanca,33.59056356209817,-7.640819549560547,Vente d'un joli appartement à Racine extension,3400000.0,"['198 m²', '4 Pièces', '3 Chambres', '3 Salles de bains', 'Bon état', '10-20 ans', '4ème étage']",7,198.0,4.0,3.0,3.0,Bon état,4.0,15
Appartements Casablanca,Racine à Casablanca,33.56170473792227,-7.630379283521052,Appartement lumineux neuf de très haut standing,2800000.0,"['107 m²', '4 Pièces', '3 Chambres', '4 Salles de bains', 'Nouveau', ""Moins d'un an"", '5ème étage']",7,107.0,4.0,3.0,4.0,Nouveau,5.0,0
Villas & maisons de luxe Casablanca,Californie à Casablanca,33.53620795401007,-7.588162422180375,"Propriété d'exception sur 4037m², Californie Casa",45000000.0,"['4037 m²', '12 Pièces', '6 Chambres', '7 Salles de bains', 'Bon état', '10-20 ans']",6,4037.0,12.0,6.0,7.0,Bon état,3.0,15
Appartements Casablanca,Gauthier à Casablanca,33.58891909184207,-7.628674507141113,"Appartement a vendre Gauthier, luxe, terasse",4200000.0,"['244 m²', '4 Pièces', '3 Chambres', '4 Salles de bains', 'Nouveau', '5-10 ans', '6ème étage']",7,244.0,4.0,3.0,4.0,Nouveau,6.0,7
Appartements Casablanca,Gauthier à Casablanca,33.58891909184207,-7.628674507141113,"Duplex 6 ème étage, terrasse ensoleillé 446m",4900000.0,"['446 m²', '6 Pièces', '5 Chambres', '4 Salles de bains', 'Bon état', '1-5 ans', '6ème étage']",7,446.0,6.0,5.0,4.0,Bon état,6.0,3
Appartements Casablanca,Gauthier à Casablanca,33.56170473792227,-7.630379283521052,Appartement a vendre sur Gauthier,3400000.0,"['229 m²', '4 Pièces', '3 Chambres', '3 Salles de bains', 'Bon état', '5-10 ans', '1er étage']",7,229.0,4.0,3.0,3.0,Bon état,1.0,7
Appartements Casablanca,Gauthier à Casablanca,33.58891909184207,-7.628674507141113,Appartement a vendre Gauthier,4200000.0,"['200 m²', '4 Pièces', '3 Chambres', '3 Salles de bains', 'Nouveau', '1-5 ans', '1er étage']",7,200.0,4.0,3.0,3.0,Nouveau,1.0,3
Appartements Casablanca,Ain Diab à Casablanca,33.58630932470067,-7.671375274658203,Rez de Jardin refait à neuf,2256000.0,"['94 m²', '3 Pièces', '2 Chambres', '2 Salles de bains', 'Bon état', '10-20 ans']",6,94.0,3.0,2.0,2.0,Bon état,3.0,15
Appartements Casablanca,Casablanca Finance City à Casablanca,33.5585265011327,-7.605092525482178,FAUBOURGS D'ANFA Belle terrasse sans vis à vis,2090000.0,"['99 m²', '3 Pièces', '2 Chambres', '2 Salles de bains', 'Nouveau', '1-5 ans', '3ème étage']",7,99.0,3.0,2.0,2.0,Nouveau,3.0,3
Appartements Casablanca,Racine à Casablanca,33.592458238962855,-7.648158073425293,"Très bel appartement à vendre, 183 m2, Racine",3500000.0,"['183 m²', '5 Pièces', '3 Chambres', '2 Salles de bains', 'Bon état', '4ème étage']",6,183.0,5.0,3.0,2.0,Bon état,4.0,15
Appartements Casablanca,Palmier à Casablanca,33.57154299116339,-7.636313438415527,Appt a vendre a palmier sup 258 m 4 ch,3800000.0,"['258 m²', '7 Pièces', '4 Chambres', '3 Salles de bains', 'Bon état', '5-10 ans', '4ème étage']",7,258.0,7.0,4.0,3.0,Bon état,4.0,7
Appartements Casablanca,Californie à Casablanca,33.56170473792227,-7.630379283521052,Appartement Rez de jardin de 145m² en vente UTOPIA,1558920.0,"['145 m²', '3 Pièces', '2 Chambres', '2 Salles de bains']",4,145.0,3.0,2.0,2.306532663316583,Bon état,3.0,15
Appartements Casablanca,El Manar - El Hank à Casablanca,33.56170473792227,-7.630379283521052,"Appartement de 97m² en vente, Les terrasses d'anfa",4558824.761494253,"['97 m²', '4 Pièces', '3 Chambres', '2 Salles de bains', 'Nouveau']",5,97.0,4.0,3.0,2.0,Nouveau,3.0,15
Appartements Casablanca,Oasis à Casablanca,33.56170473792227,-7.630379283521052,Appartement au RDC de 96m² en vente Résidence Les Palmiers,1540000.0,"['96 m²', '3 Pièces', '2 Chambres', '1 Salle de bain', 'Nouveau']",5,96.0,3.0,2.0,1.0,Nouveau,3.0,15
Appartements Casablanca,Oasis à Casablanca,33.56170473792227,-7.630379283521052,Appartement de 59m² en vente Résidence Les Palmiers,1239000.0,"['59 m²', '3 Pièces', '2 Chambres', '1 Salle de bain', 'Nouveau', '1er étage']",6,59.0,3.0,2.0,1.0,Nouveau,1.0,15
Appartements Casablanca,Oasis à Casablanca,33.56170473792227,-7.630379283521052,Appartement de 59m² en vente Résidence Les Palmiers,1239000.0,"['59 m²', '2 Pièces', '1 Chambre', '1 Salle de bain', 'Nouveau', '1er étage']",6,59.0,2.0,1.0,1.0,Nouveau,1.0,15
Appartements Casablanca,Oasis à Casablanca,33.56170473792227,-7.630379283521052,Appartement de 56m² en vente Résidence Les Palmiers,1176000.0,"['56 m²', '2 Pièces', '1 Chambre', '1 Salle de bain', 'Nouveau', '1er étage']",6,56.0,2.0,1.0,1.0,Nouveau,1.0,15
Appartements Casablanca,La Gironde à Casablanca,33.56170473792227,-7.630379283521052,"Appartement de 90 m² en vente, Résidence Shangai",1035000.0,"['90 m²', '4 Pièces', '3 Chambres', '2 Salles de bains', 'Nouveau', '5ème étage']",6,90.0,4.0,3.0,2.0,Nouveau,5.0,15
Appartements Casablanca,Hay Lmkansa à Casablanca,33.56170473792227,-7.630379283521052,Vend appartement à Hay Lmkansa. 3 pièces confortables. Parking et terrasse,4558824.761494253,"['82 m²', '3 Pièces', '2 Chambres', '2 Salles de bains', 'Nouveau', '1-5 ans', '3ème étage']",7,82.0,3.0,2.0,2.0,Nouveau,3.0,3
Villas & maisons de luxe Casablanca,CIL (Hay Salam) à Casablanca,33.56170473792227,-7.630379283521052,Villa commercial dune superficie de 400m2 au cil,10400000.0,"['400 m²', '3 Pièces', '5 Chambres', '3 Salles de bains', 'À rénover', '20-30 ans']",6,400.0,3.0,5.0,3.0,À rénover,3.0,25
Villas & maisons de luxe Casablanca,Racine Extension à Casablanca,33.56170473792227,-7.630379283521052,"Magnifique villa à vendre à Racine Extension. 5 pièces confortables. Porte blindée, salon marocain",3400000.0,"['122 m²', '5 Pièces', '3 Chambres', '2 Salles de bains', 'Bon état', '20-30 ans']",6,122.0,5.0,3.0,2.0,Bon état,3.0,25
Villas & maisons de luxe Casablanca,Les Crêtes à Casablanca,33.55269705228837,-7.616100311279297,"Magnifique villa à vendre à Les Crêtes. 4 chambres. Piscine, climatisation",9000000.0,"['800 m²', '5 Pièces', '4 Chambres', '3 Salles de bains', 'Bon état']",5,800.0,5.0,4.0,3.0,Bon état,3.0,15
Villas & maisons de luxe Casablanca,Sidi Maarouf à Casablanca,33.56170473792227,-7.630379283521052,Villa 330m2 Moderne A Islan,3900000.0,"['330 m²', '6 Pièces', '5 Chambres', '4 Salles de bains', 'Bon état']",5,330.0,6.0,5.0,4.0,Bon état,3.0,15
Appartements Casablanca,Val Fleury à Casablanca,33.56170473792227,-7.630379283521052,Appartement 77m Haut Standing A Val Fleuri Maarif,1030000.0,"['77 m²', '3 Pièces', '2 Chambres', '2 Salles de bains', 'Bon état']",5,77.0,3.0,2.0,2.0,Bon état,3.0,15
Appartements Casablanca,Les princesses à Casablanca,33.56170473792227,-7.630379283521052,Appartement 150m Haut Standing A Les Princesses,2200000.0,"['150 m²', '4 Pièces', '3 Chambres', '3 Salles de bains', 'Bon état']",5,150.0,4.0,3.0,3.0,Bon état,3.0,15
Appartements Casablanca,Maârif Extension à Casablanca,33.56170473792227,-7.630379283521052,Vente d'un bel appartement à Casablanca. 3 chambres. Ascenseur et stationnement,1650000.0,"['113 m²', '4 Pièces', '3 Chambres', '2 Salles de bains', 'Nouveau']",5,113.0,4.0,3.0,2.0,Nouveau,3.0,15
Appartements Casablanca,Les princesses à Casablanca,33.56170473792227,-7.630379283521052,Appartement 121m Haut Standing A Les Princesses,1810000.0,"['121 m²', '4 Pièces', '2 Chambres', '2 Salles de bains', 'Bon état']",5,121.0,4.0,2.0,2.0,Bon état,3.0,15
Appartements Casablanca,Les princesses à Casablanca,33.56170473792227,-7.630379283521052,Appartement 131m Haut Standing A Les Princesses,1950000.0,"['131 m²', '4 Pièces', '3 Chambres', '2 Salles de bains', 'Bon état']",5,131.0,4.0,3.0,2.0,Bon état,3.0,15
Appartements Casablanca,Les princesses à Casablanca,33.57154299116339,-7.636313438415527,Appartement 130m Neuf Luxe A Les Princesses,2500000.0,"['130 m²', '4 Pièces', '3 Chambres', '2 Salles de bains', 'Nouveau']",5,130.0,4.0,3.0,2.0,Nouveau,3.0,15
Appartements Casablanca,Les Hôpitaux à Casablanca,33.56170473792227,-7.630379283521052,Appartement 155m Meublé Proche Pasteur,1700000.0,"['155 m²', '4 Pièces', '3 Chambres', '2 Salles de bains', 'Bon état']",5,155.0,4.0,3.0,2.0,Bon état,3.0,15
Appartements Casablanca,Maârif à Casablanca,33.56170473792227,-7.630379283521052,Studio 59m Neuf Prés BD Biranzaran,920000.0,"['59 m²', '2 Pièces', '1 Chambre', '2 Salles de bains', 'Nouveau']",5,59.0,2.0,1.0,2.0,Nouveau,3.0,15
Appartements Casablanca,Val Fleury à Casablanca,33.56170473792227,-7.630379283521052,Vend appartement 121m Luxe A Val Fleuri,1550000.0,"['121 m²', '3 Pièces', '2 Chambres', '1 Salle de bain', 'Bon état', '5-10 ans']",6,121.0,3.0,2.0,1.0,Bon état,3.0,7
Appartements Casablanca,Ain Diab à Casablanca,33.58630932470067,-7.671375274658203,Plusieurs appartements de luxe à vendre,4500000.0,"['238 m²', '4 Pièces', '3 Chambres', '4 Salles de bains', 'Nouveau', ""Moins d'un an"", '3ème étage']",7,238.0,4.0,3.0,4.0,Nouveau,3.0,0
Appartements Casablanca,Racine Extension à Casablanca,33.59056356209817,-7.640819549560547,Vente d'un joli appartement à Racine extension,3400000.0,"['198 m²', '4 Pièces', '3 Chambres', '3 Salles de bains', 'Bon état', '10-20 ans', '4ème étage']",7,198.0,4.0,3.0,3.0,Bon état,4.0,15
Appartements Casablanca,Racine à Casablanca,33.56170473792227,-7.630379283521052,Appartement lumineux neuf de très haut standing,2800000.0,"['107 m²', '4 Pièces', '3 Chambres', '4 Salles de bains', 'Nouveau', ""Moins d'un an"", '5ème étage']",7,107.0,4.0,3.0,4.0,Nouveau,5.0,0
Villas & maisons de luxe Casablanca,Californie à Casablanca,33.53620795401007,-7.588162422180375,"Propriété d'exception sur 4037m², Californie Casa",45000000.0,"['4037 m²', '12 Pièces', '6 Chambres', '7 Salles de bains', 'Bon état', '10-20 ans']",6,4037.0,12.0,6.0,7.0,Bon état,3.0,15
Appartements Casablanca,Gauthier à Casablanca,33.56170473792227,-7.630379283521052,"Appartement a vendre Gauthier, luxe, terasse",4200000.0,"['244 m²', '4 Pièces', '3 Chambres', '4 Salles de bains', 'Nouveau', '5-10 ans', '6ème étage']",7,244.0,4.0,3.0,4.0,Nouveau,6.0,7
Appartements Casablanca,Gauthier à Casablanca,33.58891909184207,-7.628674507141113,"Duplex 6 ème étage, terrasse ensoleillé 446m",4900000.0,"['446 m²', '6 Pièces', '5 Chambres', '4 Salles de bains', 'Bon état', '1-5 ans', '6ème étage']",7,446.0,6.0,5.0,4.0,Bon état,6.0,3
Appartements Casablanca,Gauthier à Casablanca,33.58891909184207,-7.628674507141113,Appartement a vendre sur Gauthier,3400000.0,"['229 m²', '4 Pièces', '3 Chambres', '3 Salles de bains', 'Bon état', '5-10 ans', '1er étage']",7,229.0,4.0,3.0,3.0,Bon état,1.0,7
Appartements Casablanca,Gauthier à Casablanca,33.56170473792227,-7.630379283521052,Appartement a vendre Gauthier,4200000.0,"['200 m²', '4 Pièces', '3 Chambres', '3 Salles de bains', 'Nouveau', '1-5 ans', '1er étage']",7,200.0,4.0,3.0,3.0,Nouveau,1.0,3
Appartements Casablanca,Ain Diab à Casablanca,33.56170473792227,-7.630379283521052,Rez de Jardin refait à neuf,2256000.0,"['94 m²', '3 Pièces', '2 Chambres', '2 Salles de bains', 'Bon état', '10-20 ans']",6,94.0,3.0,2.0,2.0,Bon état,3.0,15
Appartements Casablanca,Casablanca Finance City à Casablanca,33.5585265011327,-7.605092525482178,FAUBOURGS D'ANFA Belle terrasse sans vis à vis,2090000.0,"['99 m²', '3 Pièces', '2 Chambres', '2 Salles de bains', 'Nouveau', '1-5 ans', '3ème étage']",7,99.0,3.0,2.0,2.0,Nouveau,3.0,3
Appartements Casablanca,Racine à Casablanca,33.592458238962855,-7.648158073425293,"Très bel appartement à vendre, 183 m2, Racine",3500000.0,"['183 m²', '5 Pièces', '3 Chambres', '2 Salles de bains', 'Bon état', '4ème étage']",6,183.0,5.0,3.0,2.0,Bon état,4.0,15
Appartements Casablanca,Palmier à Casablanca,33.57154299116339,-7.636313438415527,Appt a vendre a palmier sup 258 m 4 ch,3800000.0,"['258 m²', '7 Pièces', '4 Chambres', '3 Salles de bains', 'Bon état', '5-10 ans', '4ème étage']",7,258.0,7.0,4.0,3.0,Bon état,4.0,7
Appartements Casablanca,Californie à Casablanca,33.56170473792227,-7.630379283521052,Appartement Rez de jardin de 145m² en vente UTOPIA,1558920.0,"['145 m²', '3 Pièces', '2 Chambres', '2 Salles de bains']",4,145.0,3.0,2.0,2.306532663316583,Bon état,3.0,15
Appartements Casablanca,El Manar - El Hank à Casablanca,33.56170473792227,-7.630379283521052,"Appartement de 97m² en vente, Les terrasses d'anfa",4558824.761494253,"['97 m²', '4 Pièces', '3 Chambres', '2 Salles de bains', 'Nouveau']",5,97.0,4.0,3.0,2.0,Nouveau,3.0,15
Appartements Casablanca,Oasis à Casablanca,33.56170473792227,-7.630379283521052,Appartement au RDC de 96m² en vente Résidence Les Palmiers,1540000.0,"['96 m²', '3 Pièces', '2 Chambres', '1 Salle de bain', 'Nouveau']",5,96.0,3.0,2.0,1.0,Nouveau,3.0,15
Appartements Casablanca,Oasis à Casablanca,33.56170473792227,-7.630379283521052,Appartement de 59m² en vente Résidence Les Palmiers,1239000.0,"['59 m²', '3 Pièces', '2 Chambres', '1 Salle de bain', 'Nouveau', '1er étage']",6,59.0,3.0,2.0,1.0,Nouveau,1.0,15
Appartements Casablanca,Oasis à Casablanca,33.56170473792227,-7.630379283521052,Appartement de 59m² en vente Résidence Les Palmiers,1239000.0,"['59 m²', '2 Pièces', '1 Chambre', '1 Salle de bain', 'Nouveau', '1er étage']",6,59.0,2.0,1.0,1.0,Nouveau,1.0,15
Appartements Casablanca,Oasis à Casablanca,33.56170473792227,-7.630379283521052,Appartement de 56m² en vente Résidence Les Palmiers,1176000.0,"['56 m²', '2 Pièces', '1 Chambre', '1 Salle de bain', 'Nouveau', '1er étage']",6,56.0,2.0,1.0,1.0,Nouveau,1.0,15
Appartements Casablanca,La Gironde à Casablanca,33.56170473792227,-7.630379283521052,"Appartement de 90 m² en vente, Résidence Shangai",1035000.0,"['90 m²', '4 Pièces', '3 Chambres', '2 Salles de bains', 'Nouveau', '5ème étage']",6,90.0,4.0,3.0,2.0,Nouveau,5.0,15
Appartements Casablanca,Hay Lmkansa à Casablanca,33.56170473792227,-7.630379283521052,Vend appartement à Hay Lmkansa. 3 pièces confortables. Parking et terrasse,4558824.761494253,"['82 m²', '3 Pièces', '2 Chambres', '2 Salles de bains', 'Nouveau', '1-5 ans', '3ème étage']",7,82.0,3.0,2.0,2.0,Nouveau,3.0,3
Villas & maisons de luxe Casablanca,CIL (Hay Salam) à Casablanca,33.56170473792227,-7.630379283521052,Villa commercial dune superficie de 400m2 au cil,10400000.0,"['400 m²', '3 Pièces', '5 Chambres', '3 Salles de bains', 'À rénover', '20-30 ans']",6,400.0,3.0,5.0,3.0,À rénover,3.0,25
Villas & maisons de luxe Casablanca,Racine Extension à Casablanca,33.59056356209817,-7.640819549560547,"Magnifique villa à vendre à Racine Extension. 5 pièces confortables. Porte blindée, salon marocain",3400000.0,"['122 m²', '5 Pièces', '3 Chambres', '2 Salles de bains', 'Bon état', '20-30 ans']",6,122.0,5.0,3.0,2.0,Bon état,3.0,25
Villas & maisons de luxe Casablanca,Les Crêtes à Casablanca,33.55269705228837,-7.616100311279297,"Magnifique villa à vendre à Les Crêtes. 4 chambres. Piscine, climatisation",9000000.0,"['800 m²', '5 Pièces', '4 Chambres', '3 Salles de bains', 'Bon état']",5,800.0,5.0,4.0,3.0,Bon état,3.0,15
Villas & maisons de luxe Casablanca,Sidi Maarouf à Casablanca,33.56170473792227,-7.630379283521052,Villa 330m2 Moderne A Islan,3900000.0,"['330 m²', '6 Pièces', '5 Chambres', '4 Salles de bains', 'Bon état']",5,330.0,6.0,5.0,4.0,Bon état,3.0,15
Appartements Casablanca,Val Fleury à Casablanca,33.57519011717882,-7.636785507202148,Appartement 77m Haut Standing A Val Fleuri Maarif,1030000.0,"['77 m²', '3 Pièces', '2 Chambres', '2 Salles de bains', 'Bon état']",5,77.0,3.0,2.0,2.0,Bon état,3.0,15
Appartements Casablanca,Les princesses à Casablanca,33.56170473792227,-7.630379283521052,Appartement 150m Haut Standing A Les Princesses,2200000.0,"['150 m²', '4 Pièces', '3 Chambres', '3 Salles de bains', 'Bon état']",5,150.0,4.0,3.0,3.0,Bon état,3.0,15
Appartements Casablanca,Maârif Extension à Casablanca,33.57987394514173,-7.646827697753906,Vente d'un bel appartement à Casablanca. 3 chambres. Ascenseur et stationnement,1650000.0,"['113 m²', '4 Pièces', '3 Chambres', '2 Salles de bains', 'Nouveau']",5,113.0,4.0,3.0,2.0,Nouveau,3.0,15
Appartements Casablanca,Les princesses à Casablanca,33.56170473792227,-7.630379283521052,Appartement 121m Haut Standing A Les Princesses,1810000.0,"['121 m²', '4 Pièces', '2 Chambres', '2 Salles de bains', 'Bon état']",5,121.0,4.0,2.0,2.0,Bon état,3.0,15
Appartements Casablanca,Les princesses à Casablanca,33.57154299116339,-7.636313438415527,Appartement 131m Haut Standing A Les Princesses,1950000.0,"['131 m²', '4 Pièces', '3 Chambres', '2 Salles de bains', 'Bon état']",5,131.0,4.0,3.0,2.0,Bon état,3.0,15
Appartements Casablanca,Les princesses à Casablanca,33.56170473792227,-7.630379283521052,Appartement 130m Neuf Luxe A Les Princesses,2500000.0,"['130 m²', '4 Pièces', '3 Chambres', '2 Salles de bains', 'Nouveau']",5,130.0,4.0,3.0,2.0,Nouveau,3.0,15
Appartements Casablanca,Les Hôpitaux à Casablanca,33.56170473792227,-7.630379283521052,Appartement 155m Meublé Proche Pasteur,1700000.0,"['155 m²', '4 Pièces', '3 Chambres', '2 Salles de bains', 'Bon état']",5,155.0,4.0,3.0,2.0,Bon état,3.0,15
Appartements Casablanca,Maârif à Casablanca,33.56170473792227,-7.630379283521052,Studio 59m Neuf Prés BD Biranzaran,920000.0,"['59 m²', '2 Pièces', '1 Chambre', '2 Salles de bains', 'Nouveau']",5,59.0,2.0,1.0,2.0,Nouveau,3.0,15
Appartements Casablanca,Val Fleury à Casablanca,33.56170473792227,-7.630379283521052,Vend appartement 121m Luxe A Val Fleuri,1550000.0,"['121 m²', '3 Pièces', '2 Chambres', '1 Salle de bain', 'Bon état', '5-10 ans']",6,121.0,3.0,2.0,1.0,Bon état,3.0,7
Appartements Casablanca,Ain Diab à Casablanca,33.56170473792227,-7.630379283521052,Plusieurs appartements de luxe à vendre,4500000.0,"['238 m²', '4 Pièces', '3 Chambres', '4 Salles de bains', 'Nouveau', ""Moins d'un an"", '3ème étage']",7,238.0,4.0,3.0,4.0,Nouveau,3.0,0
Appartements Casablanca,Racine Extension à Casablanca,33.59056356209817,-7.640819549560547,Vente d'un joli appartement à Racine extension,3400000.0,"['198 m²', '4 Pièces', '3 Chambres', '3 Salles de bains', 'Bon état', '10-20 ans', '4ème étage']",7,198.0,4.0,3.0,3.0,Bon état,4.0,15
Appartements Casablanca,Racine à Casablanca,33.592458238962855,-7.648158073425293,Appartement lumineux neuf de très haut standing,2800000.0,"['107 m²', '4 Pièces', '3 Chambres', '4 Salles de bains', 'Nouveau', ""Moins d'un an"", '5ème étage']",7,107.0,4.0,3.0,4.0,Nouveau,5.0,0
Villas & maisons de luxe Casablanca,Californie à Casablanca,33.53620795401007,-7.588162422180375,"Propriété d'exception sur 4037m², Californie Casa",45000000.0,"['4037 m²', '12 Pièces', '6 Chambres', '7 Salles de bains', 'Bon état', '10-20 ans']",6,4037.0,12.0,6.0,7.0,Bon état,3.0,15
Appartements Casablanca,Gauthier à Casablanca,33.58891909184207,-7.628674507141113,"Appartement a vendre Gauthier, luxe, terasse",4200000.0,"['244 m²', '4 Pièces', '3 Chambres', '4 Salles de bains', 'Nouveau', '5-10 ans', '6ème étage']",7,244.0,4.0,3.0,4.0,Nouveau,6.0,7
Appartements Casablanca,Gauthier à Casablanca,33.58891909184207,-7.628674507141113,"Duplex 6 ème étage, terrasse ensoleillé 446m",4900000.0,"['446 m²', '6 Pièces', '5 Chambres', '4 Salles de bains', 'Bon état', '1-5 ans', '6ème étage']",7,446.0,6.0,5.0,4.0,Bon état,6.0,3
Appartements Casablanca,Gauthier à Casablanca,33.56170473792227,-7.630379283521052,Appartement a vendre sur Gauthier,3400000.0,"['229 m²', '4 Pièces', '3 Chambres', '3 Salles de bains', 'Bon état', '5-10 ans', '1er étage']",7,229.0,4.0,3.0,3.0,Bon état,1.0,7
Appartements Casablanca,Gauthier à Casablanca,33.56170473792227,-7.630379283521052,Appartement a vendre Gauthier,4200000.0,"['200 m²', '4 Pièces', '3 Chambres', '3 Salles de bains', 'Nouveau', '1-5 ans', '1er étage']",7,200.0,4.0,3.0,3.0,Nouveau,1.0,3
Appartements Casablanca,Ain Diab à Casablanca,33.58630932470067,-7.671375274658203,Rez de Jardin refait à neuf,2256000.0,"['94 m²', '3 Pièces', '2 Chambres', '2 Salles de bains', 'Bon état', '10-20 ans']",6,94.0,3.0,2.0,2.0,Bon état,3.0,15
Appartements Casablanca,Casablanca Finance City à Casablanca,33.56170473792227,-7.630379283521052,FAUBOURGS D'ANFA Belle terrasse sans vis à vis,2090000.0,"['99 m²', '3 Pièces', '2 Chambres', '2 Salles de bains', 'Nouveau', '1-5 ans', '3ème étage']",7,99.0,3.0,2.0,2.0,Nouveau,3.0,3
Appartements Casablanca,Racine à Casablanca,33.592458238962855,-7.648158073425293,"Très bel appartement à vendre, 183 m2, Racine",3500000.0,"['183 m²', '5 Pièces', '3 Chambres', '2 Salles de bains', 'Bon état', '4ème étage']",6,183.0,5.0,3.0,2.0,Bon état,4.0,15
Appartements Casablanca,Palmier à Casablanca,33.57154299116339,-7.636313438415527,Appt a vendre a palmier sup 258 m 4 ch,3800000.0,"['258 m²', '7 Pièces', '4 Chambres', '3 Salles de bains', 'Bon état', '5-10 ans', '4ème étage']",7,258.0,7.0,4.0,3.0,Bon état,4.0,7
Appartements Casablanca,Californie à Casablanca,33.56170473792227,-7.630379283521052,Appartement Rez de jardin de 145m² en vente UTOPIA,1558920.0,"['145 m²', '3 Pièces', '2 Chambres', '2 Salles de bains']",4,145.0,3.0,2.0,2.306532663316583,Bon état,3.0,15
Appartements Casablanca,El Manar - El Hank à Casablanca,33.56170473792227,-7.630379283521052,"Appartement de 97m² en vente, Les terrasses d'anfa",4558824.761494253,"['97 m²', '4 Pièces', '3 Chambres', '2 Salles de bains', 'Nouveau']",5,97.0,4.0,3.0,2.0,Nouveau,3.0,15
Appartements Casablanca,Oasis à Casablanca,33.56170473792227,-7.630379283521052,Appartement au RDC de 96m² en vente Résidence Les Palmiers,1540000.0,"['96 m²', '3 Pièces', '2 Chambres', '1 Salle de bain', 'Nouveau']",5,96.0,3.0,2.0,1.0,Nouveau,3.0,15
Appartements Casablanca,Oasis à Casablanca,33.56170473792227,-7.630379283521052,Appartement de 59m² en vente Résidence Les Palmiers,1239000.0,"['59 m²', '3 Pièces', '2 Chambres', '1 Salle de bain', 'Nouveau', '1er étage']",6,59.0,3.0,2.0,1.0,Nouveau,1.0,15
Appartements Casablanca,Oasis à Casablanca,33.56170473792227,-7.630379283521052,Appartement de 59m² en vente Résidence Les Palmiers,1239000.0,"['59 m²', '2 Pièces', '1 Chambre', '1 Salle de bain', 'Nouveau', '1er étage']",6,59.0,2.0,1.0,1.0,Nouveau,1.0,15
Appartements Casablanca,Oasis à Casablanca,33.56170473792227,-7.630379283521052,Appartement de 56m² en vente Résidence Les Palmiers,1176000.0,"['56 m²', '2 Pièces', '1 Chambre', '1 Salle de bain', 'Nouveau', '1er étage']",6,56.0,2.0,1.0,1.0,Nouveau,1.0,15
Appartements Casablanca,La Gironde à Casablanca,33.56170473792227,-7.630379283521052,"Appartement de 90 m² en vente, Résidence Shangai",1035000.0,"['90 m²', '4 Pièces', '3 Chambres', '2 Salles de bains', 'Nouveau', '5ème étage']",6,90.0,4.0,3.0,2.0,Nouveau,5.0,15
Appartements Casablanca,Hay Lmkansa à Casablanca,33.57971305450377,-7.606980800628662,Vend appartement à Hay Lmkansa. 3 pièces confortables. Parking et terrasse,4558824.761494253,"['82 m²', '3 Pièces', '2 Chambres', '2 Salles de bains', 'Nouveau', '1-5 ans', '3ème étage']",7,82.0,3.0,2.0,2.0,Nouveau,3.0,3
Villas & maisons de luxe Casablanca,CIL (Hay Salam) à Casablanca,33.57243690885356,-7.657556533813477,Villa commercial dune superficie de 400m2 au cil,10400000.0,"['400 m²', '3 Pièces', '5 Chambres', '3 Salles de bains', 'À rénover', '20-30 ans']",6,400.0,3.0,5.0,3.0,À rénover,3.0,25
Villas & maisons de luxe Casablanca,Racine Extension à Casablanca,33.59056356209817,-7.640819549560547,"Magnifique villa à vendre à Racine Extension. 5 pièces confortables. Porte blindée, salon marocain",3400000.0,"['122 m²', '5 Pièces', '3 Chambres', '2 Salles de bains', 'Bon état', '20-30 ans']",6,122.0,5.0,3.0,2.0,Bon état,3.0,25
Villas & maisons de luxe Casablanca,Les Crêtes à Casablanca,33.56170473792227,-7.630379283521052,"Magnifique villa à vendre à Les Crêtes. 4 chambres. Piscine, climatisation",9000000.0,"['800 m²', '5 Pièces', '4 Chambres', '3 Salles de bains', 'Bon état']",5,800.0,5.0,4.0,3.0,Bon état,3.0,15
Villas & maisons de luxe Casablanca,Sidi Maarouf à Casablanca,33.51821300640254,-7.644338607788086,Villa 330m2 Moderne A Islan,3900000.0,"['330 m²', '6 Pièces', '5 Chambres', '4 Salles de bains', 'Bon état']",5,330.0,6.0,5.0,4.0,Bon état,3.0,15
Appartements Casablanca,Val Fleury à Casablanca,33.57519011717882,-7.636785507202148,Appartement 77m Haut Standing A Val Fleuri Maarif,1030000.0,"['77 m²', '3 Pièces', '2 Chambres', '2 Salles de bains', 'Bon état']",5,77.0,3.0,2.0,2.0,Bon état,3.0,15
Appartements Casablanca,Les princesses à Casablanca,33.56170473792227,-7.630379283521052,Appartement 150m Haut Standing A Les Princesses,2200000.0,"['150 m²', '4 Pièces', '3 Chambres', '3 Salles de bains', 'Bon état']",5,150.0,4.0,3.0,3.0,Bon état,3.0,15
Appartements Casablanca,Maârif Extension à Casablanca,33.56170473792227,-7.630379283521052,Vente d'un bel appartement à Casablanca. 3 chambres. Ascenseur et stationnement,1650000.0,"['113 m²', '4 Pièces', '3 Chambres', '2 Salles de bains', 'Nouveau']",5,113.0,4.0,3.0,2.0,Nouveau,3.0,15
Appartements Casablanca,Les princesses à Casablanca,33.57154299116339,-7.636313438415527,Appartement 121m Haut Standing A Les Princesses,1810000.0,"['121 m²', '4 Pièces', '2 Chambres', '2 Salles de bains', 'Bon état']",5,121.0,4.0,2.0,2.0,Bon état,3.0,15
Appartements Casablanca,Les princesses à Casablanca,33.57154299116339,-7.636313438415527,Appartement 131m Haut Standing A Les Princesses,1950000.0,"['131 m²', '4 Pièces', '3 Chambres', '2 Salles de bains', 'Bon état']",5,131.0,4.0,3.0,2.0,Bon état,3.0,15
Appartements Casablanca,Les princesses à Casablanca,33.56170473792227,-7.630379283521052,Appartement 130m Neuf Luxe A Les Princesses,2500000.0,"['130 m²', '4 Pièces', '3 Chambres', '2 Salles de bains', 'Nouveau']",5,130.0,4.0,3.0,2.0,Nouveau,3.0,15
Appartements Casablanca,Les Hôpitaux à Casablanca,33.56170473792227,-7.630379283521052,Appartement 155m Meublé Proche Pasteur,1700000.0,"['155 m²', '4 Pièces', '3 Chambres', '2 Salles de bains', 'Bon état']",5,155.0,4.0,3.0,2.0,Bon état,3.0,15
Appartements Casablanca,Maârif à Casablanca,33.58602331802259,-7.636442184448242,Studio 59m Neuf Prés BD Biranzaran,920000.0,"['59 m²', '2 Pièces', '1 Chambre', '2 Salles de bains', 'Nouveau']",5,59.0,2.0,1.0,2.0,Nouveau,3.0,15
Appartements Casablanca,Val Fleury à Casablanca,33.56170473792227,-7.630379283521052,Vend appartement 121m Luxe A Val Fleuri,1550000.0,"['121 m²', '3 Pièces', '2 Chambres', '1 Salle de bain', 'Bon état', '5-10 ans']",6,121.0,3.0,2.0,1.0,Bon état,3.0,7
Appartements Casablanca,Ain Diab à Casablanca,33.56170473792227,-7.630379283521052,Plusieurs appartements de luxe à vendre,4500000.0,"['238 m²', '4 Pièces', '3 Chambres', '4 Salles de bains', 'Nouveau', ""Moins d'un an"", '3ème étage']",7,238.0,4.0,3.0,4.0,Nouveau,3.0,0
Appartements Casablanca,Racine Extension à Casablanca,33.56170473792227,-7.630379283521052,Vente d'un joli appartement à Racine extension,3400000.0,"['198 m²', '4 Pièces', '3 Chambres', '3 Salles de bains', 'Bon état', '10-20 ans', '4ème étage']",7,198.0,4.0,3.0,3.0,Bon état,4.0,15
Appartements Casablanca,Racine à Casablanca,33.56170473792227,-7.630379283521052,Appartement lumineux neuf de très haut standing,2800000.0,"['107 m²', '4 Pièces', '3 Chambres', '4 Salles de bains', 'Nouveau', ""Moins d'un an"", '5ème étage']",7,107.0,4.0,3.0,4.0,Nouveau,5.0,0
Villas & maisons de luxe Casablanca,Californie à Casablanca,33.53620795401007,-7.588162422180375,"Propriété d'exception sur 4037m², Californie Casa",45000000.0,"['4037 m²', '12 Pièces', '6 Chambres', '7 Salles de bains', 'Bon état', '10-20 ans']",6,4037.0,12.0,6.0,7.0,Bon état,3.0,15
Appartements Casablanca,Gauthier à Casablanca,33.56170473792227,-7.630379283521052,"Appartement a vendre Gauthier, luxe, terasse",4200000.0,"['244 m²', '4 Pièces', '3 Chambres', '4 Salles de bains', 'Nouveau', '5-10 ans', '6ème étage']",7,244.0,4.0,3.0,4.0,Nouveau,6.0,7
Appartements Casablanca,Gauthier à Casablanca,33.58891909184207,-7.628674507141113,"Duplex 6 ème étage, terrasse ensoleillé 446m",4900000.0,"['446 m²', '6 Pièces', '5 Chambres', '4 Salles de bains', 'Bon état', '1-5 ans', '6ème étage']",7,446.0,6.0,5.0,4.0,Bon état,6.0,3
Appartements Casablanca,Gauthier à Casablanca,33.56170473792227,-7.630379283521052,Appartement a vendre sur Gauthier,3400000.0,"['229 m²', '4 Pièces', '3 Chambres', '3 Salles de bains', 'Bon état', '5-10 ans', '1er étage']",7,229.0,4.0,3.0,3.0,Bon état,1.0,7
Appartements Casablanca,Gauthier à Casablanca,33.56170473792227,-7.630379283521052,Appartement a vendre Gauthier,4200000.0,"['200 m²', '4 Pièces', '3 Chambres', '3 Salles de bains', 'Nouveau', '1-5 ans', '1er étage']",7,200.0,4.0,3.0,3.0,Nouveau,1.0,3
Appartements Casablanca,Ain Diab à Casablanca,33.58630932470067,-7.671375274658203,Rez de Jardin refait à neuf,2256000.0,"['94 m²', '3 Pièces', '2 Chambres', '2 Salles de bains', 'Bon état', '10-20 ans']",6,94.0,3.0,2.0,2.0,Bon état,3.0,15
Appartements Casablanca,Casablanca Finance City à Casablanca,33.56170473792227,-7.630379283521052,FAUBOURGS D'ANFA Belle terrasse sans vis à vis,2090000.0,"['99 m²', '3 Pièces', '2 Chambres', '2 Salles de bains', 'Nouveau', '1-5 ans', '3ème étage']",7,99.0,3.0,2.0,2.0,Nouveau,3.0,3
Appartements Casablanca,Racine à Casablanca,33.592458238962855,-7.648158073425293,"Très bel appartement à vendre, 183 m2, Racine",3500000.0,"['183 m²', '5 Pièces', '3 Chambres', '2 Salles de bains', 'Bon état', '4ème étage']",6,183.0,5.0,3.0,2.0,Bon état,4.0,15
Appartements Casablanca,Palmier à Casablanca,33.57154299116339,-7.636313438415527,Appt a vendre a palmier sup 258 m 4 ch,3800000.0,"['258 m²', '7 Pièces', '4 Chambres', '3 Salles de bains', 'Bon état', '5-10 ans', '4ème étage']",7,258.0,7.0,4.0,3.0,Bon état,4.0,7
Appartements Casablanca,Californie à Casablanca,33.56170473792227,-7.630379283521052,Appartement Rez de jardin de 145m² en vente UTOPIA,1558920.0,"['145 m²', '3 Pièces', '2 Chambres', '2 Salles de bains']",4,145.0,3.0,2.0,2.306532663316583,Bon état,3.0,15
Appartements Casablanca,El Manar - El Hank à Casablanca,33.56170473792227,-7.630379283521052,"Appartement de 97m² en vente, Les terrasses d'anfa",4558824.761494253,"['97 m²', '4 Pièces', '3 Chambres', '2 Salles de bains', 'Nouveau']",5,97.0,4.0,3.0,2.0,Nouveau,3.0,15
Appartements Casablanca,Oasis à Casablanca,33.56170473792227,-7.630379283521052,Appartement au RDC de 96m² en vente Résidence Les Palmiers,1540000.0,"['96 m²', '3 Pièces', '2 Chambres', '1 Salle de bain', 'Nouveau']",5,96.0,3.0,2.0,1.0,Nouveau,3.0,15
Appartements Casablanca,Oasis à Casablanca,33.56170473792227,-7.630379283521052,Appartement de 59m² en vente Résidence Les Palmiers,1239000.0,"['59 m²', '3 Pièces', '2 Chambres', '1 Salle de bain', 'Nouveau', '1er étage']",6,59.0,3.0,2.0,1.0,Nouveau,1.0,15
Appartements Casablanca,Oasis à Casablanca,33.56170473792227,-7.630379283521052,Appartement de 59m² en vente Résidence Les Palmiers,1239000.0,"['59 m²', '2 Pièces', '1 Chambre', '1 Salle de bain', 'Nouveau', '1er étage']",6,59.0,2.0,1.0,1.0,Nouveau,1.0,15
Appartements Casablanca,Oasis à Casablanca,33.56170473792227,-7.630379283521052,Appartement de 56m² en vente Résidence Les Palmiers,1176000.0,"['56 m²', '2 Pièces', '1 Chambre', '1 Salle de bain', 'Nouveau', '1er étage']",6,56.0,2.0,1.0,1.0,Nouveau,1.0,15
Appartements Casablanca,La Gironde à Casablanca,33.56170473792227,-7.630379283521052,"Appartement de 90 m² en vente, Résidence Shangai",1035000.0,"['90 m²', '4 Pièces', '3 Chambres', '2 Salles de bains', 'Nouveau', '5ème étage']",6,90.0,4.0,3.0,2.0,Nouveau,5.0,15
Appartements Casablanca,Hay Lmkansa à Casablanca,33.56170473792227,-7.630379283521052,Vend appartement à Hay Lmkansa. 3 pièces confortables. Parking et terrasse,4558824.761494253,"['82 m²', '3 Pièces', '2 Chambres', '2 Salles de bains', 'Nouveau', '1-5 ans', '3ème étage']",7,82.0,3.0,2.0,2.0,Nouveau,3.0,3
Villas & maisons de luxe Casablanca,CIL (Hay Salam) à Casablanca,33.57243690885356,-7.657556533813477,Villa commercial dune superficie de 400m2 au cil,10400000.0,"['400 m²', '3 Pièces', '5 Chambres', '3 Salles de bains', 'À rénover', '20-30 ans']",6,400.0,3.0,5.0,3.0,À rénover,3.0,25
Villas & maisons de luxe Casablanca,Racine Extension à Casablanca,33.59056356209817,-7.640819549560547,"Magnifique villa à vendre à Racine Extension. 5 pièces confortables. Porte blindée, salon marocain",3400000.0,"['122 m²', '5 Pièces', '3 Chambres', '2 Salles de bains', 'Bon état', '20-30 ans']",6,122.0,5.0,3.0,2.0,Bon état,3.0,25
Villas & maisons de luxe Casablanca,Les Crêtes à Casablanca,33.56170473792227,-7.630379283521052,"Magnifique villa à vendre à Les Crêtes. 4 chambres. Piscine, climatisation",9000000.0,"['800 m²', '5 Pièces', '4 Chambres', '3 Salles de bains', 'Bon état']",5,800.0,5.0,4.0,3.0,Bon état,3.0,15
Villas & maisons de luxe Casablanca,Sidi Maarouf à Casablanca,33.51821300640254,-7.644338607788086,Villa 330m2 Moderne A Islan,3900000.0,"['330 m²', '6 Pièces', '5 Chambres', '4 Salles de bains', 'Bon état']",5,330.0,6.0,5.0,4.0,Bon état,3.0,15
Appartements Casablanca,Val Fleury à Casablanca,33.56170473792227,-7.630379283521052,Appartement 77m Haut Standing A Val Fleuri Maarif,1030000.0,"['77 m²', '3 Pièces', '2 Chambres', '2 Salles de bains', 'Bon état']",5,77.0,3.0,2.0,2.0,Bon état,3.0,15
Appartements Casablanca,Les princesses à Casablanca,33.57154299116339,-7.636313438415527,Appartement 150m Haut Standing A Les Princesses,2200000.0,"['150 m²', '4 Pièces', '3 Chambres', '3 Salles de bains', 'Bon état']",5,150.0,4.0,3.0,3.0,Bon état,3.0,15
Appartements Casablanca,Maârif Extension à Casablanca,33.57987394514173,-7.646827697753906,Vente d'un bel appartement à Casablanca. 3 chambres. Ascenseur et stationnement,1650000.0,"['113 m²', '4 Pièces', '3 Chambres', '2 Salles de bains', 'Nouveau']",5,113.0,4.0,3.0,2.0,Nouveau,3.0,15
Appartements Casablanca,Les princesses à Casablanca,33.56170473792227,-7.630379283521052,Appartement 121m Haut Standing A Les Princesses,1810000.0,"['121 m²', '4 Pièces', '2 Chambres', '2 Salles de bains', 'Bon état']",5,121.0,4.0,2.0,2.0,Bon état,3.0,15
Appartements Casablanca,Les princesses à Casablanca,33.57154299116339,-7.636313438415527,Appartement 131m Haut Standing A Les Princesses,1950000.0,"['131 m²', '4 Pièces', '3 Chambres', '2 Salles de bains', 'Bon état']",5,131.0,4.0,3.0,2.0,Bon état,3.0,15
Appartements Casablanca,Les princesses à Casablanca,33.56170473792227,-7.630379283521052,Appartement 130m Neuf Luxe A Les Princesses,2500000.0,"['130 m²', '4 Pièces', '3 Chambres', '2 Salles de bains', 'Nouveau']",5,130.0,4.0,3.0,2.0,Nouveau,3.0,15
Appartements Casablanca,Les Hôpitaux à Casablanca,33.57797899192462,-7.62000560760498,Appartement 155m Meublé Proche Pasteur,1700000.0,"['155 m²', '4 Pièces', '3 Chambres', '2 Salles de bains', 'Bon état']",5,155.0,4.0,3.0,2.0,Bon état,3.0,15
Appartements Casablanca,Maârif à Casablanca,33.58602331802259,-7.636442184448242,Studio 59m Neuf Prés BD Biranzaran,920000.0,"['59 m²', '2 Pièces', '1 Chambre', '2 Salles de bains', 'Nouveau']",5,59.0,2.0,1.0,2.0,Nouveau,3.0,15
Appartements Casablanca,Val Fleury à Casablanca,33.56170473792227,-7.630379283521052,Vend appartement 121m Luxe A Val Fleuri,1550000.0,"['121 m²', '3 Pièces', '2 Chambres', '1 Salle de bain', 'Bon état', '5-10 ans']",6,121.0,3.0,2.0,1.0,Bon état,3.0,7
Appartements Casablanca,Ain Diab à Casablanca,33.56170473792227,-7.630379283521052,Av superbe appartement ain diab casablanca,5100000.0,"['230 m²', '8 Pièces', '3 Chambres', '2 Salles de bains', 'Bon état', '5-10 ans']",6,230.0,8.0,3.0,2.0,Bon état,3.0,7
Appartements Casablanca,Les princesses à Casablanca,33.57154299116339,-7.636313438415527,Appartement à vendre à les princesses,1570000.0,"['105 m²', '3 Pièces', '2 Chambres', '2 Salles de bains', 'Bon état', '5-10 ans', '1er étage']",7,105.0,3.0,2.0,2.0,Bon état,1.0,7
Villas & maisons de luxe Casablanca,Californie à Casablanca,33.53595755299843,-7.625627517700195,Vente D’une Magnifique Villa à Californie,16000000.0,"['1076 m²', '6 Pièces', '5 Chambres', '6 Salles de bains', 'Bon état', '10-20 ans']",6,1076.0,6.0,5.0,6.0,Bon état,3.0,15
Appartements Casablanca,Maârif à Casablanca,33.58602331802259,-7.636442184448242,Vend appartement à Maârif. 3 pièces confortables. Ascenseur et stationnement,1000000.0,"['66 m²', '3 Pièces', '2 Chambres', '1 Salle de bain', 'Nouveau', '2ème étage']",6,66.0,3.0,2.0,1.0,Nouveau,2.0,15
Appartements Casablanca,Californie à Casablanca,33.56170473792227,-7.630379283521052,"Appartement de 181m² en vente, Le Prestige Californie",2331280.0,"['181 m²', '4 Pièces', '3 Chambres', '3 Salles de bains', 'Nouveau']",5,181.0,4.0,3.0,3.0,Nouveau,3.0,15
Appartements Casablanca,Californie à Casablanca,33.56170473792227,-7.630379283521052,"Appartement de 104m² en vente, Le Prestige Californie",1688960.0,"['104 m²', '3 Pièces', '2 Chambres', '2 Salles de bains', 'Nouveau', '1er étage']",6,104.0,3.0,2.0,2.0,Nouveau,1.0,15
Appartements Casablanca,Californie à Casablanca,33.56170473792227,-7.630379283521052,"Appartement de 113m² en vente, Le Prestige Californie",1771840.0,"['113 m²', '4 Pièces', '3 Chambres', '2 Salles de bains', 'Nouveau', '3ème étage']",6,113.0,4.0,3.0,2.0,Nouveau,3.0,15
Appartements Casablanca,Californie à Casablanca,33.56170473792227,-7.630379283521052,"Appartement de 100m² en vente, Le Prestige Californie",1624000.0,"['100 m²', '4 Pièces', '3 Chambres', '2 Salles de bains', '4ème étage']",5,100.0,4.0,3.0,2.0,Bon état,4.0,15
Appartements Casablanca,Les princesses à Casablanca,33.56170473792227,-7.630379283521052,Appartement de 125m² avec TERRASSE chez MAYFAIR,1760000.0,"['125 m²', '3 Pièces', '2 Chambres', '2 Salles de bains', 'Nouveau']",5,125.0,3.0,2.0,2.0,Nouveau,3.0,15
Appartements Casablanca,Casablanca Finance City à Casablanca,33.56170473792227,-7.630379283521052,Agréable Appartement à vendre sur CFC,2090000.0,"['99 m²', '3 Pièces', '2 Chambres', '2 Salles de bains', 'Bon état', '3ème étage']",6,99.0,3.0,2.0,2.0,Bon état,3.0,15
Appartements Casablanca,Bourgogne Ouest à Casablanca,33.56170473792227,-7.630379283521052,Studio Luxe avec vue panoramique,1200000.0,"['51 m²', '2 Pièces', '1 Chambre', '1 Salle de bain', 'Nouveau', ""Moins d'un an"", '3ème étage']",7,51.0,2.0,1.0,1.0,Nouveau,3.0,0
Appartements Casablanca,Maârif à Casablanca,33.58387740855719,-7.634983820270747,Studio HS Maarif,850000.0,"['40 m²', '2 Pièces', '1 Chambre', '1 Salle de bain', 'Nouveau', ""Moins d'un an"", '3ème étage']",7,40.0,2.0,1.0,1.0,Nouveau,3.0,0
Appartements Casablanca,Californie à Casablanca,33.56170473792227,-7.630379283521052,Appartement de 125m² en vente California Parc,2324380.0,"['125 m²', '4 Pièces', '3 Chambres', 'Nouveau', '1er étage']",6,125.0,4.0,3.0,2.306532663316583,Nouveau,1.0,15
Appartements Casablanca,Maârif à Casablanca,33.56170473792227,-7.630379283521052,Appartement de 100m² en vente Résidence Ô Maarif,2020750.0,"['100 m²', '4 Pièces', '2 Chambres', '2 Salles de bains', 'Nouveau', '3ème étage']",6,100.0,4.0,2.0,2.0,Nouveau,3.0,15
Appartements Casablanca,Californie à Casablanca,33.56170473792227,-7.630379283521052,"Appartement de 91m² en vente, Résidence Les Allées de Californie",1642500.0,"['91 m²', '4 Pièces', '3 Chambres', '2 Salles de bains', 'Nouveau', '4ème étage']",6,91.0,4.0,3.0,2.0,Nouveau,4.0,15
Appartements Casablanca,Casablanca Finance City à Casablanca,33.56170473792227,-7.630379283521052,"Appartement F3 en vente 96m², NEXT HOUSE CASA ANFA",1789000.0,"['96 m²', '3 Pièces', '2 Chambres', '2 Salles de bains', 'Nouveau', '1er étage']",6,96.0,3.0,2.0,2.0,Nouveau,1.0,15
Appartements Casablanca,Anfa à Casablanca,33.596175974504256,-7.657470703125,Casablanca- bd ziraoui- Vente d'un luxueux studio vide premium,1050000.0,"['63 m²', '3 Pièces', '2 Chambres', '2 Salles de bains', 'Nouveau', ""Moins d'un an"", '1er étage']",7,63.0,3.0,2.0,2.0,Nouveau,1.0,0
Appartements Casablanca,Racine à Casablanca,33.58602331802256,-7.644424438476562,Appartement a vendre sur racine,1950000.0,"['99 m²', '4 Pièces', '2 Chambres', '2 Salles de bains', 'Bon état', '10-20 ans', '4ème étage']",7,99.0,4.0,2.0,2.0,Bon état,4.0,15
Appartements Casablanca,Bourgogne Est à Casablanca,33.5910640468237,-7.55670547485352,Appartement a vendre très moderne,2300000.0,"['160 m²', '3 Pièces', '2 Chambres', '2 Salles de bains', 'Nouveau', '1-5 ans', '3ème étage']",7,160.0,3.0,2.0,2.0,Nouveau,3.0,3
Appartements Casablanca,Maârif à Casablanca,33.56170473792227,-7.630379283521052,"Appartement au dernière étage, soleil terrasse",3500000.0,"['243 m²', '4 Pièces', '3 Chambres', '3 Salles de bains', 'Bon état', '20-30 ans', '5ème étage']",7,243.0,4.0,3.0,3.0,Bon état,5.0,25
Villas & maisons de luxe Casablanca,Ain Diab à Casablanca,33.58630932470067,-7.671375274658203,"Villa isolé, moderne, neuf à vendre sur Ain Diab",27000000.0,"['1180 m²', '7 Pièces', '4 Chambres', '6 Salles de bains', 'Nouveau', '1-5 ans']",6,1180.0,7.0,4.0,6.0,Nouveau,3.0,3
Appartements Casablanca,Maârif Extension à Casablanca,33.56170473792227,-7.630379283521052,Appartement au 7 ème étage avec terrasse,1200000.0,"['95 m²', '3 Pièces', '2 Chambres', '2 Salles de bains', 'Bon état', '10-20 ans', '7ème étage']",7,95.0,3.0,2.0,2.0,Bon état,7.0,15
Riad Casablanca,Ain Diab Extension à Casablanca,33.56170473792227,-7.630379283521052,Vente villa à Ain Diab,7300000.0,"['395 m²', '7 Pièces', '4 Chambres', '3 Salles de bains', 'Nouveau', '5-10 ans']",6,395.0,7.0,4.0,3.0,Nouveau,3.0,7
Appartements Casablanca,Val Fleury à Casablanca,33.57519011717882,-7.636785507202148,Appartement 125m Haut Standing A Val Fleuri,1750000.0,"['125 m²', '4 Pièces', '3 Chambres', '2 Salles de bains', 'Bon état']",5,125.0,4.0,3.0,2.0,Bon état,3.0,15
Appartements Casablanca,Les princesses à Casablanca,33.57154299116339,-7.636313438415527,Appartement 204m Neuf Luxe 4 Ch A Les Princesses,2754000.0,"['204 m²', '5 Pièces', '4 Chambres', '3 Salles de bains', 'Nouveau']",5,204.0,5.0,4.0,3.0,Nouveau,3.0,15
Appartements Casablanca,Les princesses à Casablanca,33.56170473792227,-7.630379283521052,Appartement 140m Haut Standing A Les Princesses,2300000.0,"['140 m²', '4 Pièces', '3 Chambres', '3 Salles de bains', 'Nouveau']",5,140.0,4.0,3.0,3.0,Nouveau,3.0,15
Appartements Casablanca,Val Fleury à Casablanca,33.57154299116339,-7.636313438415527,Appartement de 103 m² à vendre à Val fleury,13000000.0,"['103 m²', '4 Pièces', '2 Chambres', '2 Salles de bains', 'Bon état']",5,103.0,4.0,2.0,2.0,Bon état,3.0,15
Villas & maisons de luxe Casablanca,Californie à Casablanca,33.5320075462679,-7.616862947014511,Contemporaine Villa à Californie,7900000.0,"['450 m²', '4 Pièces', '3 Chambres', '3 Salles de bains', 'Bon état', '5-10 ans']",6,450.0,4.0,3.0,3.0,Bon état,3.0,7
Appartements Casablanca,Les Hôpitaux à Casablanca,33.5725161175046,-7.615165513329458,Appartement à l'achat à Les Hôpitaux. 3 chambres agréables. Cheminée et service de conciergerie,2500000.0,"['167 m²', '4 Pièces', '3 Chambres', '2 Salles de bains', 'Bon état']",5,167.0,4.0,3.0,2.0,Bon état,3.0,15
Appartements Casablanca,Oasis à Casablanca,33.57154299116339,-7.636313438415527,Vente appartement neuf 93m² avec cour Oasis,1700000.0,"['93 m²', '4 Pièces', '3 Chambres', '2 Salles de bains', 'Nouveau']",5,93.0,4.0,3.0,2.0,Nouveau,3.0,15
Appartements Casablanca,Hay Alamal à Casablanca,33.571814593452444,-7.596349711053136,Bel appartement à vendre à Résidence abraj el fida,800000.0,"['76 m²', '3 Pièces', '2 Chambres', '1 Salle de bain', 'Bon état', '1-5 ans', '4ème étage']",7,76.0,3.0,2.0,1.0,Bon état,4.0,3
Appartements Casablanca,Mers Sultan à Casablanca,33.57955216356586,-7.611980438232422,Opportunité à ne pas rater salon 2 chambres zerektouni pas cher,910000.0,"['91 m²', '4 Pièces', '3 Chambres', '2 Salles de bains', 'Bon état', '10-20 ans', '7ème étage']",7,91.0,4.0,3.0,2.0,Bon état,7.0,15
Appartements Casablanca,Beauséjour à Casablanca,33.56170473792227,-7.630379283521052,Appartement à vendre Beauséjour 2 terrasses,1222000.0,"['106 m²', '3 Pièces', '2 Chambres', '2 Salles de bains', 'Bon état', '5-10 ans', '4ème étage']",7,106.0,3.0,2.0,2.0,Bon état,4.0,7
Appartements Casablanca,Ain Diab à Casablanca,33.58630932470067,-7.671375274658203,Av superbe appartement ain diab casablanca,5100000.0,"['230 m²', '8 Pièces', '3 Chambres', '2 Salles de bains', 'Bon état', '5-10 ans']",6,230.0,8.0,3.0,2.0,Bon état,3.0,7
Appartements Casablanca,Les princesses à Casablanca,33.57154299116339,-7.636313438415527,Appartement à vendre à les princesses,1570000.0,"['105 m²', '3 Pièces', '2 Chambres', '2 Salles de bains', 'Bon état', '5-10 ans', '1er étage']",7,105.0,3.0,2.0,2.0,Bon état,1.0,7
Villas & maisons de luxe Casablanca,Californie à Casablanca,33.56170473792227,-7.630379283521052,Vente D’une Magnifique Villa à Californie,16000000.0,"['1076 m²', '6 Pièces', '5 Chambres', '6 Salles de bains', 'Bon état', '10-20 ans']",6,1076.0,6.0,5.0,6.0,Bon état,3.0,15
Appartements Casablanca,Maârif à Casablanca,33.56170473792227,-7.630379283521052,Vend appartement à Maârif. 3 pièces confortables. Ascenseur et stationnement,1000000.0,"['66 m²', '3 Pièces', '2 Chambres', '1 Salle de bain', 'Nouveau', '2ème étage']",6,66.0,3.0,2.0,1.0,Nouveau,2.0,15
Appartements Casablanca,Californie à Casablanca,33.56170473792227,-7.630379283521052,"Appartement de 181m² en vente, Le Prestige Californie",2331280.0,"['181 m²', '4 Pièces', '3 Chambres', '3 Salles de bains', 'Nouveau']",5,181.0,4.0,3.0,3.0,Nouveau,3.0,15
Appartements Casablanca,Californie à Casablanca,33.56170473792227,-7.630379283521052,"Appartement de 104m² en vente, Le Prestige Californie",1688960.0,"['104 m²', '3 Pièces', '2 Chambres', '2 Salles de bains', 'Nouveau', '1er étage']",6,104.0,3.0,2.0,2.0,Nouveau,1.0,15
Appartements Casablanca,Californie à Casablanca,33.56170473792227,-7.630379283521052,"Appartement de 113m² en vente, Le Prestige Californie",1771840.0,"['113 m²', '4 Pièces', '3 Chambres', '2 Salles de bains', 'Nouveau', '3ème étage']",6,113.0,4.0,3.0,2.0,Nouveau,3.0,15
Appartements Casablanca,Californie à Casablanca,33.56170473792227,-7.630379283521052,"Appartement de 100m² en vente, Le Prestige Californie",1624000.0,"['100 m²', '4 Pièces', '3 Chambres', '2 Salles de bains', '4ème étage']",5,100.0,4.0,3.0,2.0,Bon état,4.0,15
Appartements Casablanca,Les princesses à Casablanca,33.56170473792227,-7.630379283521052,Appartement de 125m² avec TERRASSE chez MAYFAIR,1760000.0,"['125 m²', '3 Pièces', '2 Chambres', '2 Salles de bains', 'Nouveau']",5,125.0,3.0,2.0,2.0,Nouveau,3.0,15
Appartements Casablanca,Casablanca Finance City à Casablanca,33.56170473792227,-7.630379283521052,Agréable Appartement à vendre sur CFC,2090000.0,"['99 m²', '3 Pièces', '2 Chambres', '2 Salles de bains', 'Bon état', '3ème étage']",6,99.0,3.0,2.0,2.0,Bon état,3.0,15
Appartements Casablanca,Bourgogne Ouest à Casablanca,33.56170473792227,-7.630379283521052,Studio Luxe avec vue panoramique,1200000.0,"['51 m²', '2 Pièces', '1 Chambre', '1 Salle de bain', 'Nouveau', ""Moins d'un an"", '3ème étage']",7,51.0,2.0,1.0,1.0,Nouveau,3.0,0
Appartements Casablanca,Maârif à Casablanca,33.58387740855719,-7.634983820270747,Studio HS Maarif,850000.0,"['40 m²', '2 Pièces', '1 Chambre', '1 Salle de bain', 'Nouveau', ""Moins d'un an"", '3ème étage']",7,40.0,2.0,1.0,1.0,Nouveau,3.0,0
Appartements Casablanca,Californie à Casablanca,33.56170473792227,-7.630379283521052,Appartement de 125m² en vente California Parc,2324380.0,"['125 m²', '4 Pièces', '3 Chambres', 'Nouveau', '1er étage']",6,125.0,4.0,3.0,2.306532663316583,Nouveau,1.0,15
Appartements Casablanca,Maârif à Casablanca,33.56170473792227,-7.630379283521052,Appartement de 100m² en vente Résidence Ô Maarif,2020750.0,"['100 m²', '4 Pièces', '2 Chambres', '2 Salles de bains', 'Nouveau', '3ème étage']",6,100.0,4.0,2.0,2.0,Nouveau,3.0,15
Appartements Casablanca,Californie à Casablanca,33.56170473792227,-7.630379283521052,"Appartement de 91m² en vente, Résidence Les Allées de Californie",1642500.0,"['91 m²', '4 Pièces', '3 Chambres', '2 Salles de bains', 'Nouveau', '4ème étage']",6,91.0,4.0,3.0,2.0,Nouveau,4.0,15
Appartements Casablanca,Casablanca Finance City à Casablanca,33.56170473792227,-7.630379283521052,"Appartement F3 en vente 96m², NEXT HOUSE CASA ANFA",1789000.0,"['96 m²', '3 Pièces', '2 Chambres', '2 Salles de bains', 'Nouveau', '1er étage']",6,96.0,3.0,2.0,2.0,Nouveau,1.0,15
Appartements Casablanca,Anfa à Casablanca,33.56170473792227,-7.630379283521052,Casablanca- bd ziraoui- Vente d'un luxueux studio vide premium,1050000.0,"['63 m²', '3 Pièces', '2 Chambres', '2 Salles de bains', 'Nouveau', ""Moins d'un an"", '1er étage']",7,63.0,3.0,2.0,2.0,Nouveau,1.0,0
Appartements Casablanca,Racine à Casablanca,33.58602331802256,-7.644424438476562,Appartement a vendre sur racine,1950000.0,"['99 m²', '4 Pièces', '2 Chambres', '2 Salles de bains', 'Bon état', '10-20 ans', '4ème étage']",7,99.0,4.0,2.0,2.0,Bon état,4.0,15
Appartements Casablanca,Bourgogne Est à Casablanca,33.5910640468237,-7.55670547485352,Appartement a vendre très moderne,2300000.0,"['160 m²', '3 Pièces', '2 Chambres', '2 Salles de bains', 'Nouveau', '1-5 ans', '3ème étage']",7,160.0,3.0,2.0,2.0,Nouveau,3.0,3
Appartements Casablanca,Maârif à Casablanca,33.56170473792227,-7.630379283521052,"Appartement au dernière étage, soleil terrasse",3500000.0,"['243 m²', '4 Pièces', '3 Chambres', '3 Salles de bains', 'Bon état', '20-30 ans', '5ème étage']",7,243.0,4.0,3.0,3.0,Bon état,5.0,25
Villas & maisons de luxe Casablanca,Ain Diab à Casablanca,33.58630932470067,-7.671375274658203,"Villa isolé, moderne, neuf à vendre sur Ain Diab",27000000.0,"['1180 m²', '7 Pièces', '4 Chambres', '6 Salles de bains', 'Nouveau', '1-5 ans']",6,1180.0,7.0,4.0,6.0,Nouveau,3.0,3
Appartements Casablanca,Maârif Extension à Casablanca,33.57987394514173,-7.646827697753906,Appartement au 7 ème étage avec terrasse,1200000.0,"['95 m²', '3 Pièces', '2 Chambres', '2 Salles de bains', 'Bon état', '10-20 ans', '7ème étage']",7,95.0,3.0,2.0,2.0,Bon état,7.0,15
Riad Casablanca,Ain Diab Extension à Casablanca,33.56170473792227,-7.630379283521052,Vente villa à Ain Diab,7300000.0,"['395 m²', '7 Pièces', '4 Chambres', '3 Salles de bains', 'Nouveau', '5-10 ans']",6,395.0,7.0,4.0,3.0,Nouveau,3.0,7
Appartements Casablanca,Val Fleury à Casablanca,33.56170473792227,-7.630379283521052,Appartement 125m Haut Standing A Val Fleuri,1750000.0,"['125 m²', '4 Pièces', '3 Chambres', '2 Salles de bains', 'Bon état']",5,125.0,4.0,3.0,2.0,Bon état,3.0,15
Appartements Casablanca,Les princesses à Casablanca,33.56170473792227,-7.630379283521052,Appartement 204m Neuf Luxe 4 Ch A Les Princesses,2754000.0,"['204 m²', '5 Pièces', '4 Chambres', '3 Salles de bains', 'Nouveau']",5,204.0,5.0,4.0,3.0,Nouveau,3.0,15
Appartements Casablanca,Les princesses à Casablanca,33.56170473792227,-7.630379283521052,Appartement 140m Haut Standing A Les Princesses,2300000.0,"['140 m²', '4 Pièces', '3 Chambres', '3 Salles de bains', 'Nouveau']",5,140.0,4.0,3.0,3.0,Nouveau,3.0,15
Appartements Casablanca,Val Fleury à Casablanca,33.57154299116339,-7.636313438415527,Appartement de 103 m² à vendre à Val fleury,13000000.0,"['103 m²', '4 Pièces', '2 Chambres', '2 Salles de bains', 'Bon état']",5,103.0,4.0,2.0,2.0,Bon état,3.0,15
Villas & maisons de luxe Casablanca,Californie à Casablanca,33.5320075462679,-7.616862947014511,Contemporaine Villa à Californie,7900000.0,"['450 m²', '4 Pièces', '3 Chambres', '3 Salles de bains', 'Bon état', '5-10 ans']",6,450.0,4.0,3.0,3.0,Bon état,3.0,7
Appartements Casablanca,Les Hôpitaux à Casablanca,33.5725161175046,-7.615165513329458,Appartement à l'achat à Les Hôpitaux. 3 chambres agréables. Cheminée et service de conciergerie,2500000.0,"['167 m²', '4 Pièces', '3 Chambres', '2 Salles de bains', 'Bon état']",5,167.0,4.0,3.0,2.0,Bon état,3.0,15
Appartements Casablanca,Oasis à Casablanca,33.57154299116339,-7.636313438415527,Vente appartement neuf 93m² avec cour Oasis,1700000.0,"['93 m²', '4 Pièces', '3 Chambres', '2 Salles de bains', 'Nouveau']",5,93.0,4.0,3.0,2.0,Nouveau,3.0,15
Appartements Casablanca,Hay Alamal à Casablanca,33.571814593452444,-7.596349711053136,Bel appartement à vendre à Résidence abraj el fida,800000.0,"['76 m²', '3 Pièces', '2 Chambres', '1 Salle de bain', 'Bon état', '1-5 ans', '4ème étage']",7,76.0,3.0,2.0,1.0,Bon état,4.0,3
Appartements Casablanca,Mers Sultan à Casablanca,33.57955216356586,-7.611980438232422,Opportunité à ne pas rater salon 2 chambres zerektouni pas cher,910000.0,"['91 m²', '4 Pièces', '3 Chambres', '2 Salles de bains', 'Bon état', '10-20 ans', '7ème étage']",7,91.0,4.0,3.0,2.0,Bon état,7.0,15
Appartements Casablanca,Beauséjour à Casablanca,33.56170473792227,-7.630379283521052,Appartement à vendre Beauséjour 2 terrasses,1222000.0,"['106 m²', '3 Pièces', '2 Chambres', '2 Salles de bains', 'Bon état', '5-10 ans', '4ème étage']",7,106.0,3.0,2.0,2.0,Bon état,4.0,7
Appartements Casablanca,Ain Diab à Casablanca,33.56170473792227,-7.630379283521052,Av superbe appartement ain diab casablanca,5100000.0,"['230 m²', '8 Pièces', '3 Chambres', '2 Salles de bains', 'Bon état', '5-10 ans']",6,230.0,8.0,3.0,2.0,Bon état,3.0,7
Appartements Casablanca,Les princesses à Casablanca,33.57154299116339,-7.636313438415527,Appartement à vendre à les princesses,1570000.0,"['105 m²', '3 Pièces', '2 Chambres', '2 Salles de bains', 'Bon état', '5-10 ans', '1er étage']",7,105.0,3.0,2.0,2.0,Bon état,1.0,7
Villas & maisons de luxe Casablanca,Californie à Casablanca,33.56170473792227,-7.630379283521052,Vente D’une Magnifique Villa à Californie,16000000.0,"['1076 m²', '6 Pièces', '5 Chambres', '6 Salles de bains', 'Bon état', '10-20 ans']",6,1076.0,6.0,5.0,6.0,Bon état,3.0,15
Appartements Casablanca,Maârif à Casablanca,33.56170473792227,-7.630379283521052,Vend appartement à Maârif. 3 pièces confortables. Ascenseur et stationnement,1000000.0,"['66 m²', '3 Pièces', '2 Chambres', '1 Salle de bain', 'Nouveau', '2ème étage']",6,66.0,3.0,2.0,1.0,Nouveau,2.0,15
Appartements Casablanca,Californie à Casablanca,33.56170473792227,-7.630379283521052,"Appartement de 181m² en vente, Le Prestige Californie",2331280.0,"['181 m²', '4 Pièces', '3 Chambres', '3 Salles de bains', 'Nouveau']",5,181.0,4.0,3.0,3.0,Nouveau,3.0,15
Appartements Casablanca,Californie à Casablanca,33.56170473792227,-7.630379283521052,"Appartement de 104m² en vente, Le Prestige Californie",1688960.0,"['104 m²', '3 Pièces', '2 Chambres', '2 Salles de bains', 'Nouveau', '1er étage']",6,104.0,3.0,2.0,2.0,Nouveau,1.0,15
Appartements Casablanca,Californie à Casablanca,33.56170473792227,-7.630379283521052,"Appartement de 113m² en vente, Le Prestige Californie",1771840.0,"['113 m²', '4 Pièces', '3 Chambres', '2 Salles de bains', 'Nouveau', '3ème étage']",6,113.0,4.0,3.0,2.0,Nouveau,3.0,15
Appartements Casablanca,Californie à Casablanca,33.56170473792227,-7.630379283521052,"Appartement de 100m² en vente, Le Prestige Californie",1624000.0,"['100 m²', '4 Pièces', '3 Chambres', '2 Salles de bains', '4ème étage']",5,100.0,4.0,3.0,2.0,Bon état,4.0,15
Appartements Casablanca,Les princesses à Casablanca,33.56170473792227,-7.630379283521052,Appartement de 125m² avec TERRASSE chez MAYFAIR,1760000.0,"['125 m²', '3 Pièces', '2 Chambres', '2 Salles de bains', 'Nouveau']",5,125.0,3.0,2.0,2.0,Nouveau,3.0,15
Appartements Casablanca,Casablanca Finance City à Casablanca,33.56170473792227,-7.630379283521052,Agréable Appartement à vendre sur CFC,2090000.0,"['99 m²', '3 Pièces', '2 Chambres', '2 Salles de bains', 'Bon état', '3ème étage']",6,99.0,3.0,2.0,2.0,Bon état,3.0,15
Appartements Casablanca,Bourgogne Ouest à Casablanca,33.56170473792227,-7.630379283521052,Studio Luxe avec vue panoramique,1200000.0,"['51 m²', '2 Pièces', '1 Chambre', '1 Salle de bain', 'Nouveau', ""Moins d'un an"", '3ème étage']",7,51.0,2.0,1.0,1.0,Nouveau,3.0,0
Appartements Casablanca,Maârif à Casablanca,33.58387740855719,-7.634983820270747,Studio HS Maarif,850000.0,"['40 m²', '2 Pièces', '1 Chambre', '1 Salle de bain', 'Nouveau', ""Moins d'un an"", '3ème étage']",7,40.0,2.0,1.0,1.0,Nouveau,3.0,0
Appartements Casablanca,Californie à Casablanca,33.56170473792227,-7.630379283521052,Appartement de 125m² en vente California Parc,2324380.0,"['125 m²', '4 Pièces', '3 Chambres', 'Nouveau', '1er étage']",6,125.0,4.0,3.0,2.306532663316583,Nouveau,1.0,15
Appartements Casablanca,Maârif à Casablanca,33.56170473792227,-7.630379283521052,Appartement de 100m² en vente Résidence Ô Maarif,2020750.0,"['100 m²', '4 Pièces', '2 Chambres', '2 Salles de bains', 'Nouveau', '3ème étage']",6,100.0,4.0,2.0,2.0,Nouveau,3.0,15
Appartements Casablanca,Californie à Casablanca,33.56170473792227,-7.630379283521052,"Appartement de 91m² en vente, Résidence Les Allées de Californie",1642500.0,"['91 m²', '4 Pièces', '3 Chambres', '2 Salles de bains', 'Nouveau', '4ème étage']",6,91.0,4.0,3.0,2.0,Nouveau,4.0,15
Appartements Casablanca,Casablanca Finance City à Casablanca,33.56170473792227,-7.630379283521052,"Appartement F3 en vente 96m², NEXT HOUSE CASA ANFA",1789000.0,"['96 m²', '3 Pièces', '2 Chambres', '2 Salles de bains', 'Nouveau', '1er étage']",6,96.0,3.0,2.0,2.0,Nouveau,1.0,15
Appartements Casablanca,Anfa à Casablanca,33.596175974504256,-7.657470703125,Casablanca- bd ziraoui- Vente d'un luxueux studio vide premium,1050000.0,"['63 m²', '3 Pièces', '2 Chambres', '2 Salles de bains', 'Nouveau', ""Moins d'un an"", '1er étage']",7,63.0,3.0,2.0,2.0,Nouveau,1.0,0
Appartements Casablanca,Racine à Casablanca,33.58602331802256,-7.644424438476562,Appartement a vendre sur racine,1950000.0,"['99 m²', '4 Pièces', '2 Chambres', '2 Salles de bains', 'Bon état', '10-20 ans', '4ème étage']",7,99.0,4.0,2.0,2.0,Bon état,4.0,15
Appartements Casablanca,Bourgogne Est à Casablanca,33.5910640468237,-7.55670547485352,Appartement a vendre très moderne,2300000.0,"['160 m²', '3 Pièces', '2 Chambres', '2 Salles de bains', 'Nouveau', '1-5 ans', '3ème étage']",7,160.0,3.0,2.0,2.0,Nouveau,3.0,3
Appartements Casablanca,Maârif à Casablanca,33.56170473792227,-7.630379283521052,"Appartement au dernière étage, soleil terrasse",3500000.0,"['243 m²', '4 Pièces', '3 Chambres', '3 Salles de bains', 'Bon état', '20-30 ans', '5ème étage']",7,243.0,4.0,3.0,3.0,Bon état,5.0,25
Villas & maisons de luxe Casablanca,Ain Diab à Casablanca,33.58630932470067,-7.671375274658203,"Villa isolé, moderne, neuf à vendre sur Ain Diab",27000000.0,"['1180 m²', '7 Pièces', '4 Chambres', '6 Salles de bains', 'Nouveau', '1-5 ans']",6,1180.0,7.0,4.0,6.0,Nouveau,3.0,3
Appartements Casablanca,Maârif Extension à Casablanca,33.56170473792227,-7.630379283521052,Appartement au 7 ème étage avec terrasse,1200000.0,"['95 m²', '3 Pièces', '2 Chambres', '2 Salles de bains', 'Bon état', '10-20 ans', '7ème étage']",7,95.0,3.0,2.0,2.0,Bon état,7.0,15
Riad Casablanca,Ain Diab Extension à Casablanca,33.56170473792227,-7.630379283521052,Vente villa à Ain Diab,7300000.0,"['395 m²', '7 Pièces', '4 Chambres', '3 Salles de bains', 'Nouveau', '5-10 ans']",6,395.0,7.0,4.0,3.0,Nouveau,3.0,7
Appartements Casablanca,Val Fleury à Casablanca,33.57519011717882,-7.636785507202148,Appartement 125m Haut Standing A Val Fleuri,1750000.0,"['125 m²', '4 Pièces', '3 Chambres', '2 Salles de bains', 'Bon état']",5,125.0,4.0,3.0,2.0,Bon état,3.0,15
Appartements Casablanca,Les princesses à Casablanca,33.56170473792227,-7.630379283521052,Appartement 204m Neuf Luxe 4 Ch A Les Princesses,2754000.0,"['204 m²', '5 Pièces', '4 Chambres', '3 Salles de bains', 'Nouveau']",5,204.0,5.0,4.0,3.0,Nouveau,3.0,15
Appartements Casablanca,Les princesses à Casablanca,33.56170473792227,-7.630379283521052,Appartement 140m Haut Standing A Les Princesses,2300000.0,"['140 m²', '4 Pièces', '3 Chambres', '3 Salles de bains', 'Nouveau']",5,140.0,4.0,3.0,3.0,Nouveau,3.0,15
Appartements Casablanca,Val Fleury à Casablanca,33.57154299116339,-7.636313438415527,Appartement de 103 m² à vendre à Val fleury,13000000.0,"['103 m²', '4 Pièces', '2 Chambres', '2 Salles de bains', 'Bon état']",5,103.0,4.0,2.0,2.0,Bon état,3.0,15
Villas & maisons de luxe Casablanca,Californie à Casablanca,33.5320075462679,-7.616862947014511,Contemporaine Villa à Californie,7900000.0,"['450 m²', '4 Pièces', '3 Chambres', '3 Salles de bains', 'Bon état', '5-10 ans']",6,450.0,4.0,3.0,3.0,Bon état,3.0,7
Appartements Casablanca,Les Hôpitaux à Casablanca,33.5725161175046,-7.615165513329458,Appartement à l'achat à Les Hôpitaux. 3 chambres agréables. Cheminée et service de conciergerie,2500000.0,"['167 m²', '4 Pièces', '3 Chambres', '2 Salles de bains', 'Bon état']",5,167.0,4.0,3.0,2.0,Bon état,3.0,15
Appartements Casablanca,Oasis à Casablanca,33.57154299116339,-7.636313438415527,Vente appartement neuf 93m² avec cour Oasis,1700000.0,"['93 m²', '4 Pièces', '3 Chambres', '2 Salles de bains', 'Nouveau']",5,93.0,4.0,3.0,2.0,Nouveau,3.0,15
Appartements Casablanca,Hay Alamal à Casablanca,33.571814593452444,-7.596349711053136,Bel appartement à vendre à Résidence abraj el fida,800000.0,"['76 m²', '3 Pièces', '2 Chambres', '1 Salle de bain', 'Bon état', '1-5 ans', '4ème étage']",7,76.0,3.0,2.0,1.0,Bon état,4.0,3
Appartements Casablanca,Mers Sultan à Casablanca,33.56170473792227,-7.630379283521052,Opportunité à ne pas rater salon 2 chambres zerektouni pas cher,910000.0,"['91 m²', '4 Pièces', '3 Chambres', '2 Salles de bains', 'Bon état', '10-20 ans', '7ème étage']",7,91.0,4.0,3.0,2.0,Bon état,7.0,15
Appartements Casablanca,Beauséjour à Casablanca,33.56170473792227,-7.630379283521052,Appartement à vendre Beauséjour 2 terrasses,1222000.0,"['106 m²', '3 Pièces', '2 Chambres', '2 Salles de bains', 'Bon état', '5-10 ans', '4ème étage']",7,106.0,3.0,2.0,2.0,Bon état,4.0,7
Appartements Casablanca,Ain Diab à Casablanca,33.58630932470067,-7.671375274658203,Av superbe appartement ain diab casablanca,5100000.0,"['230 m²', '8 Pièces', '3 Chambres', '2 Salles de bains', 'Bon état', '5-10 ans']",6,230.0,8.0,3.0,2.0,Bon état,3.0,7
Appartements Casablanca,Les princesses à Casablanca,33.57154299116339,-7.636313438415527,Appartement à vendre à les princesses,1570000.0,"['105 m²', '3 Pièces', '2 Chambres', '2 Salles de bains', 'Bon état', '5-10 ans', '1er étage']",7,105.0,3.0,2.0,2.0,Bon état,1.0,7
Villas & maisons de luxe Casablanca,Californie à Casablanca,33.53595755299843,-7.625627517700195,Vente D’une Magnifique Villa à Californie,16000000.0,"['1076 m²', '6 Pièces', '5 Chambres', '6 Salles de bains', 'Bon état', '10-20 ans']",6,1076.0,6.0,5.0,6.0,Bon état,3.0,15
Appartements Casablanca,Maârif à Casablanca,33.56170473792227,-7.630379283521052,Vend appartement à Maârif. 3 pièces confortables. Ascenseur et stationnement,1000000.0,"['66 m²', '3 Pièces', '2 Chambres', '1 Salle de bain', 'Nouveau', '2ème étage']",6,66.0,3.0,2.0,1.0,Nouveau,2.0,15
Appartements Casablanca,Californie à Casablanca,33.56170473792227,-7.630379283521052,"Appartement de 181m² en vente, Le Prestige Californie",2331280.0,"['181 m²', '4 Pièces', '3 Chambres', '3 Salles de bains', 'Nouveau']",5,181.0,4.0,3.0,3.0,Nouveau,3.0,15
Appartements Casablanca,Californie à Casablanca,33.56170473792227,-7.630379283521052,"Appartement de 104m² en vente, Le Prestige Californie",1688960.0,"['104 m²', '3 Pièces', '2 Chambres', '2 Salles de bains', 'Nouveau', '1er étage']",6,104.0,3.0,2.0,2.0,Nouveau,1.0,15
Appartements Casablanca,Californie à Casablanca,33.56170473792227,-7.630379283521052,"Appartement de 113m² en vente, Le Prestige Californie",1771840.0,"['113 m²', '4 Pièces', '3 Chambres', '2 Salles de bains', 'Nouveau', '3ème étage']",6,113.0,4.0,3.0,2.0,Nouveau,3.0,15
Appartements Casablanca,Californie à Casablanca,33.56170473792227,-7.630379283521052,"Appartement de 100m² en vente, Le Prestige Californie",1624000.0,"['100 m²', '4 Pièces', '3 Chambres', '2 Salles de bains', '4ème étage']",5,100.0,4.0,3.0,2.0,Bon état,4.0,15
Appartements Casablanca,Les princesses à Casablanca,33.56170473792227,-7.630379283521052,Appartement de 125m² avec TERRASSE chez MAYFAIR,1760000.0,"['125 m²', '3 Pièces', '2 Chambres', '2 Salles de bains', 'Nouveau']",5,125.0,3.0,2.0,2.0,Nouveau,3.0,15
Appartements Casablanca,Casablanca Finance City à Casablanca,33.56170473792227,-7.630379283521052,Agréable Appartement à vendre sur CFC,2090000.0,"['99 m²', '3 Pièces', '2 Chambres', '2 Salles de bains', 'Bon état', '3ème étage']",6,99.0,3.0,2.0,2.0,Bon état,3.0,15
Appartements Casablanca,Bourgogne Ouest à Casablanca,33.56170473792227,-7.630379283521052,Studio Luxe avec vue panoramique,1200000.0,"['51 m²', '2 Pièces', '1 Chambre', '1 Salle de bain', 'Nouveau', ""Moins d'un an"", '3ème étage']",7,51.0,2.0,1.0,1.0,Nouveau,3.0,0
Appartements Casablanca,Maârif à Casablanca,33.58387740855719,-7.634983820270747,Studio HS Maarif,850000.0,"['40 m²', '2 Pièces', '1 Chambre', '1 Salle de bain', 'Nouveau', ""Moins d'un an"", '3ème étage']",7,40.0,2.0,1.0,1.0,Nouveau,3.0,0
Appartements Casablanca,Californie à Casablanca,33.56170473792227,-7.630379283521052,Appartement de 125m² en vente California Parc,2324380.0,"['125 m²', '4 Pièces', '3 Chambres', 'Nouveau', '1er étage']",6,125.0,4.0,3.0,2.306532663316583,Nouveau,1.0,15
Appartements Casablanca,Maârif à Casablanca,33.56170473792227,-7.630379283521052,Appartement de 100m² en vente Résidence Ô Maarif,2020750.0,"['100 m²', '4 Pièces', '2 Chambres', '2 Salles de bains', 'Nouveau', '3ème étage']",6,100.0,4.0,2.0,2.0,Nouveau,3.0,15
Appartements Casablanca,Californie à Casablanca,33.56170473792227,-7.630379283521052,"Appartement de 91m² en vente, Résidence Les Allées de Californie",1642500.0,"['91 m²', '4 Pièces', '3 Chambres', '2 Salles de bains', 'Nouveau', '4ème étage']",6,91.0,4.0,3.0,2.0,Nouveau,4.0,15
Appartements Casablanca,Casablanca Finance City à Casablanca,33.56170473792227,-7.630379283521052,"Appartement F3 en vente 96m², NEXT HOUSE CASA ANFA",1789000.0,"['96 m²', '3 Pièces', '2 Chambres', '2 Salles de bains', 'Nouveau', '1er étage']",6,96.0,3.0,2.0,2.0,Nouveau,1.0,15
Appartements Casablanca,Anfa à Casablanca,33.596175974504256,-7.657470703125,Casablanca- bd ziraoui- Vente d'un luxueux studio vide premium,1050000.0,"['63 m²', '3 Pièces', '2 Chambres', '2 Salles de bains', 'Nouveau', ""Moins d'un an"", '1er étage']",7,63.0,3.0,2.0,2.0,Nouveau,1.0,0
Appartements Casablanca,Racine à Casablanca,33.58602331802256,-7.644424438476562,Appartement a vendre sur racine,1950000.0,"['99 m²', '4 Pièces', '2 Chambres', '2 Salles de bains', 'Bon état', '10-20 ans', '4ème étage']",7,99.0,4.0,2.0,2.0,Bon état,4.0,15
Appartements Casablanca,Bourgogne Est à Casablanca,33.5910640468237,-7.55670547485352,Appartement a vendre très moderne,2300000.0,"['160 m²', '3 Pièces', '2 Chambres', '2 Salles de bains', 'Nouveau', '1-5 ans', '3ème étage']",7,160.0,3.0,2.0,2.0,Nouveau,3.0,3
Appartements Casablanca,Maârif à Casablanca,33.56170473792227,-7.630379283521052,"Appartement au dernière étage, soleil terrasse",3500000.0,"['243 m²', '4 Pièces', '3 Chambres', '3 Salles de bains', 'Bon état', '20-30 ans', '5ème étage']",7,243.0,4.0,3.0,3.0,Bon état,5.0,25
Villas & maisons de luxe Casablanca,Ain Diab à Casablanca,33.58630932470067,-7.671375274658203,"Villa isolé, moderne, neuf à vendre sur Ain Diab",27000000.0,"['1180 m²', '7 Pièces', '4 Chambres', '6 Salles de bains', 'Nouveau', '1-5 ans']",6,1180.0,7.0,4.0,6.0,Nouveau,3.0,3
Appartements Casablanca,Maârif Extension à Casablanca,33.57987394514173,-7.646827697753906,Appartement au 7 ème étage avec terrasse,1200000.0,"['95 m²', '3 Pièces', '2 Chambres', '2 Salles de bains', 'Bon état', '10-20 ans', '7ème étage']",7,95.0,3.0,2.0,2.0,Bon état,7.0,15
Riad Casablanca,Ain Diab Extension à Casablanca,33.57815776287343,-7.692489624023437,Vente villa à Ain Diab,7300000.0,"['395 m²', '7 Pièces', '4 Chambres', '3 Salles de bains', 'Nouveau', '5-10 ans']",6,395.0,7.0,4.0,3.0,Nouveau,3.0,7
Appartements Casablanca,Val Fleury à Casablanca,33.56170473792227,-7.630379283521052,Appartement 125m Haut Standing A Val Fleuri,1750000.0,"['125 m²', '4 Pièces', '3 Chambres', '2 Salles de bains', 'Bon état']",5,125.0,4.0,3.0,2.0,Bon état,3.0,15
Appartements Casablanca,Les princesses à Casablanca,33.56170473792227,-7.630379283521052,Appartement 204m Neuf Luxe 4 Ch A Les Princesses,2754000.0,"['204 m²', '5 Pièces', '4 Chambres', '3 Salles de bains', 'Nouveau']",5,204.0,5.0,4.0,3.0,Nouveau,3.0,15
Appartements Casablanca,Les princesses à Casablanca,33.56170473792227,-7.630379283521052,Appartement 140m Haut Standing A Les Princesses,2300000.0,"['140 m²', '4 Pièces', '3 Chambres', '3 Salles de bains', 'Nouveau']",5,140.0,4.0,3.0,3.0,Nouveau,3.0,15
Appartements Casablanca,Val Fleury à Casablanca,33.57154299116339,-7.636313438415527,Appartement de 103 m² à vendre à Val fleury,13000000.0,"['103 m²', '4 Pièces', '2 Chambres', '2 Salles de bains', 'Bon état']",5,103.0,4.0,2.0,2.0,Bon état,3.0,15
Villas & maisons de luxe Casablanca,Californie à Casablanca,33.5320075462679,-7.616862947014511,Contemporaine Villa à Californie,7900000.0,"['450 m²', '4 Pièces', '3 Chambres', '3 Salles de bains', 'Bon état', '5-10 ans']",6,450.0,4.0,3.0,3.0,Bon état,3.0,7
Appartements Casablanca,Les Hôpitaux à Casablanca,33.5725161175046,-7.615165513329458,Appartement à l'achat à Les Hôpitaux. 3 chambres agréables. Cheminée et service de conciergerie,2500000.0,"['167 m²', '4 Pièces', '3 Chambres', '2 Salles de bains', 'Bon état']",5,167.0,4.0,3.0,2.0,Bon état,3.0,15
Appartements Casablanca,Oasis à Casablanca,33.57154299116339,-7.636313438415527,Vente appartement neuf 93m² avec cour Oasis,1700000.0,"['93 m²', '4 Pièces', '3 Chambres', '2 Salles de bains', 'Nouveau']",5,93.0,4.0,3.0,2.0,Nouveau,3.0,15
Appartements Casablanca,Hay Alamal à Casablanca,33.571814593452444,-7.596349711053136,Bel appartement à vendre à Résidence abraj el fida,800000.0,"['76 m²', '3 Pièces', '2 Chambres', '1 Salle de bain', 'Bon état', '1-5 ans', '4ème étage']",7,76.0,3.0,2.0,1.0,Bon état,4.0,3
Appartements Casablanca,Mers Sultan à Casablanca,33.56170473792227,-7.630379283521052,Opportunité à ne pas rater salon 2 chambres zerektouni pas cher,910000.0,"['91 m²', '4 Pièces', '3 Chambres', '2 Salles de bains', 'Bon état', '10-20 ans', '7ème étage']",7,91.0,4.0,3.0,2.0,Bon état,7.0,15
Appartements Casablanca,Beauséjour à Casablanca,33.56170473792227,-7.630379283521052,Appartement à vendre Beauséjour 2 terrasses,1222000.0,"['106 m²', '3 Pièces', '2 Chambres', '2 Salles de bains', 'Bon état', '5-10 ans', '4ème étage']",7,106.0,3.0,2.0,2.0,Bon état,4.0,7
Appartements Casablanca,Ain Diab à Casablanca,33.58630932470067,-7.671375274658203,Av superbe appartement ain diab casablanca,5100000.0,"['230 m²', '8 Pièces', '3 Chambres', '2 Salles de bains', 'Bon état', '5-10 ans']",6,230.0,8.0,3.0,2.0,Bon état,3.0,7
Appartements Casablanca,Les princesses à Casablanca,33.57154299116339,-7.636313438415527,Appartement à vendre à les princesses,1570000.0,"['105 m²', '3 Pièces', '2 Chambres', '2 Salles de bains', 'Bon état', '5-10 ans', '1er étage']",7,105.0,3.0,2.0,2.0,Bon état,1.0,7
Villas & maisons de luxe Casablanca,Californie à Casablanca,33.56170473792227,-7.630379283521052,Vente D’une Magnifique Villa à Californie,16000000.0,"['1076 m²', '6 Pièces', '5 Chambres', '6 Salles de bains', 'Bon état', '10-20 ans']",6,1076.0,6.0,5.0,6.0,Bon état,3.0,15
Appartements Casablanca,Maârif à Casablanca,33.56170473792227,-7.630379283521052,Vend appartement à Maârif. 3 pièces confortables. Ascenseur et stationnement,1000000.0,"['66 m²', '3 Pièces', '2 Chambres', '1 Salle de bain', 'Nouveau', '2ème étage']",6,66.0,3.0,2.0,1.0,Nouveau,2.0,15
Appartements Casablanca,Californie à Casablanca,33.56170473792227,-7.630379283521052,"Appartement de 181m² en vente, Le Prestige Californie",2331280.0,"['181 m²', '4 Pièces', '3 Chambres', '3 Salles de bains', 'Nouveau']",5,181.0,4.0,3.0,3.0,Nouveau,3.0,15
Appartements Casablanca,Californie à Casablanca,33.56170473792227,-7.630379283521052,"Appartement de 104m² en vente, Le Prestige Californie",1688960.0,"['104 m²', '3 Pièces', '2 Chambres', '2 Salles de bains', 'Nouveau', '1er étage']",6,104.0,3.0,2.0,2.0,Nouveau,1.0,15
Appartements Casablanca,Californie à Casablanca,33.56170473792227,-7.630379283521052,"Appartement de 113m² en vente, Le Prestige Californie",1771840.0,"['113 m²', '4 Pièces', '3 Chambres', '2 Salles de bains', 'Nouveau', '3ème étage']",6,113.0,4.0,3.0,2.0,Nouveau,3.0,15
Appartements Casablanca,Californie à Casablanca,33.56170473792227,-7.630379283521052,"Appartement de 100m² en vente, Le Prestige Californie",1624000.0,"['100 m²', '4 Pièces', '3 Chambres', '2 Salles de bains', '4ème étage']",5,100.0,4.0,3.0,2.0,Bon état,4.0,15
Appartements Casablanca,Les princesses à Casablanca,33.56170473792227,-7.630379283521052,Appartement de 125m² avec TERRASSE chez MAYFAIR,1760000.0,"['125 m²', '3 Pièces', '2 Chambres', '2 Salles de bains', 'Nouveau']",5,125.0,3.0,2.0,2.0,Nouveau,3.0,15
Appartements Casablanca,Casablanca Finance City à Casablanca,33.56170473792227,-7.630379283521052,Agréable Appartement à vendre sur CFC,2090000.0,"['99 m²', '3 Pièces', '2 Chambres', '2 Salles de bains', 'Bon état', '3ème étage']",6,99.0,3.0,2.0,2.0,Bon état,3.0,15
Appartements Casablanca,Bourgogne Ouest à Casablanca,33.598304662993705,-7.644252777099609,Studio Luxe avec vue panoramique,1200000.0,"['51 m²', '2 Pièces', '1 Chambre', '1 Salle de bain', 'Nouveau', ""Moins d'un an"", '3ème étage']",7,51.0,2.0,1.0,1.0,Nouveau,3.0,0
Appartements Casablanca,Maârif à Casablanca,33.58387740855719,-7.634983820270747,Studio HS Maarif,850000.0,"['40 m²', '2 Pièces', '1 Chambre', '1 Salle de bain', 'Nouveau', ""Moins d'un an"", '3ème étage']",7,40.0,2.0,1.0,1.0,Nouveau,3.0,0
Appartements Casablanca,Californie à Casablanca,33.56170473792227,-7.630379283521052,Appartement de 125m² en vente California Parc,2324380.0,"['125 m²', '4 Pièces', '3 Chambres', 'Nouveau', '1er étage']",6,125.0,4.0,3.0,2.306532663316583,Nouveau,1.0,15
Appartements Casablanca,Maârif à Casablanca,33.56170473792227,-7.630379283521052,Appartement de 100m² en vente Résidence Ô Maarif,2020750.0,"['100 m²', '4 Pièces', '2 Chambres', '2 Salles de bains', 'Nouveau', '3ème étage']",6,100.0,4.0,2.0,2.0,Nouveau,3.0,15
Appartements Casablanca,Californie à Casablanca,33.56170473792227,-7.630379283521052,"Appartement de 91m² en vente, Résidence Les Allées de Californie",1642500.0,"['91 m²', '4 Pièces', '3 Chambres', '2 Salles de bains', 'Nouveau', '4ème étage']",6,91.0,4.0,3.0,2.0,Nouveau,4.0,15
Appartements Casablanca,Casablanca Finance City à Casablanca,33.56170473792227,-7.630379283521052,"Appartement F3 en vente 96m², NEXT HOUSE CASA ANFA",1789000.0,"['96 m²', '3 Pièces', '2 Chambres', '2 Salles de bains', 'Nouveau', '1er étage']",6,96.0,3.0,2.0,2.0,Nouveau,1.0,15
Appartements Casablanca,Anfa à Casablanca,33.596175974504256,-7.657470703125,Casablanca- bd ziraoui- Vente d'un luxueux studio vide premium,1050000.0,"['63 m²', '3 Pièces', '2 Chambres', '2 Salles de bains', 'Nouveau', ""Moins d'un an"", '1er étage']",7,63.0,3.0,2.0,2.0,Nouveau,1.0,0
Appartements Casablanca,Racine à Casablanca,33.58602331802256,-7.644424438476562,Appartement a vendre sur racine,1950000.0,"['99 m²', '4 Pièces', '2 Chambres', '2 Salles de bains', 'Bon état', '10-20 ans', '4ème étage']",7,99.0,4.0,2.0,2.0,Bon état,4.0,15
Appartements Casablanca,Bourgogne Est à Casablanca,33.5910640468237,-7.55670547485352,Appartement a vendre très moderne,2300000.0,"['160 m²', '3 Pièces', '2 Chambres', '2 Salles de bains', 'Nouveau', '1-5 ans', '3ème étage']",7,160.0,3.0,2.0,2.0,Nouveau,3.0,3
Appartements Casablanca,Maârif à Casablanca,33.56170473792227,-7.630379283521052,"Appartement au dernière étage, soleil terrasse",3500000.0,"['243 m²', '4 Pièces', '3 Chambres', '3 Salles de bains', 'Bon état', '20-30 ans', '5ème étage']",7,243.0,4.0,3.0,3.0,Bon état,5.0,25
Villas & maisons de luxe Casablanca,Ain Diab à Casablanca,33.58630932470067,-7.671375274658203,"Villa isolé, moderne, neuf à vendre sur Ain Diab",27000000.0,"['1180 m²', '7 Pièces', '4 Chambres', '6 Salles de bains', 'Nouveau', '1-5 ans']",6,1180.0,7.0,4.0,6.0,Nouveau,3.0,3
Appartements Casablanca,Maârif Extension à Casablanca,33.56170473792227,-7.630379283521052,Appartement au 7 ème étage avec terrasse,1200000.0,"['95 m²', '3 Pièces', '2 Chambres', '2 Salles de bains', 'Bon état', '10-20 ans', '7ème étage']",7,95.0,3.0,2.0,2.0,Bon état,7.0,15
Riad Casablanca,Ain Diab Extension à Casablanca,33.56170473792227,-7.630379283521052,Vente villa à Ain Diab,7300000.0,"['395 m²', '7 Pièces', '4 Chambres', '3 Salles de bains', 'Nouveau', '5-10 ans']",6,395.0,7.0,4.0,3.0,Nouveau,3.0,7
Appartements Casablanca,Val Fleury à Casablanca,33.56170473792227,-7.630379283521052,Appartement 125m Haut Standing A Val Fleuri,1750000.0,"['125 m²', '4 Pièces', '3 Chambres', '2 Salles de bains', 'Bon état']",5,125.0,4.0,3.0,2.0,Bon état,3.0,15
Appartements Casablanca,Les princesses à Casablanca,33.56170473792227,-7.630379283521052,Appartement 204m Neuf Luxe 4 Ch A Les Princesses,2754000.0,"['204 m²', '5 Pièces', '4 Chambres', '3 Salles de bains', 'Nouveau']",5,204.0,5.0,4.0,3.0,Nouveau,3.0,15
Appartements Casablanca,Les princesses à Casablanca,33.57154299116339,-7.636313438415527,Appartement 140m Haut Standing A Les Princesses,2300000.0,"['140 m²', '4 Pièces', '3 Chambres', '3 Salles de bains', 'Nouveau']",5,140.0,4.0,3.0,3.0,Nouveau,3.0,15
Appartements Casablanca,Val Fleury à Casablanca,33.57154299116339,-7.636313438415527,Appartement de 103 m² à vendre à Val fleury,13000000.0,"['103 m²', '4 Pièces', '2 Chambres', '2 Salles de bains', 'Bon état']",5,103.0,4.0,2.0,2.0,Bon état,3.0,15
Villas & maisons de luxe Casablanca,Californie à Casablanca,33.5320075462679,-7.616862947014511,Contemporaine Villa à Californie,7900000.0,"['450 m²', '4 Pièces', '3 Chambres', '3 Salles de bains', 'Bon état', '5-10 ans']",6,450.0,4.0,3.0,3.0,Bon état,3.0,7
Appartements Casablanca,Les Hôpitaux à Casablanca,33.5725161175046,-7.615165513329458,Appartement à l'achat à Les Hôpitaux. 3 chambres agréables. Cheminée et service de conciergerie,2500000.0,"['167 m²', '4 Pièces', '3 Chambres', '2 Salles de bains', 'Bon état']",5,167.0,4.0,3.0,2.0,Bon état,3.0,15
Appartements Casablanca,Oasis à Casablanca,33.57154299116339,-7.636313438415527,Vente appartement neuf 93m² avec cour Oasis,1700000.0,"['93 m²', '4 Pièces', '3 Chambres', '2 Salles de bains', 'Nouveau']",5,93.0,4.0,3.0,2.0,Nouveau,3.0,15
Appartements Casablanca,Hay Alamal à Casablanca,33.571814593452444,-7.596349711053136,Bel appartement à vendre à Résidence abraj el fida,800000.0,"['76 m²', '3 Pièces', '2 Chambres', '1 Salle de bain', 'Bon état', '1-5 ans', '4ème étage']",7,76.0,3.0,2.0,1.0,Bon état,4.0,3
Appartements Casablanca,Mers Sultan à Casablanca,33.57955216356586,-7.611980438232422,Opportunité à ne pas rater salon 2 chambres zerektouni pas cher,910000.0,"['91 m²', '4 Pièces', '3 Chambres', '2 Salles de bains', 'Bon état', '10-20 ans', '7ème étage']",7,91.0,4.0,3.0,2.0,Bon état,7.0,15
Appartements Casablanca,Beauséjour à Casablanca,33.56170473792227,-7.630379283521052,Appartement à vendre Beauséjour 2 terrasses,1222000.0,"['106 m²', '3 Pièces', '2 Chambres', '2 Salles de bains', 'Bon état', '5-10 ans', '4ème étage']",7,106.0,3.0,2.0,2.0,Bon état,4.0,7
Appartements Casablanca,Californie à Casablanca,33.56170473792227,-7.630379283521052,"Appartement de 96m² en vente, Le Prestige Californie",1602050.0,"['96 m²', '4 Pièces', '3 Chambres', '3 Salles de bains', 'Nouveau', '1er étage']",6,96.0,4.0,3.0,3.0,Nouveau,1.0,15
Appartements Casablanca,Californie à Casablanca,33.56170473792227,-7.630379283521052,"Appartement au RDC de 106m² en vente, Le Prestige Californie",1626460.0,"['106 m²', '4 Pièces', '3 Chambres', '3 Salles de bains', 'Nouveau']",5,106.0,4.0,3.0,3.0,Nouveau,3.0,15
Appartements Casablanca,Californie à Casablanca,33.56170473792227,-7.630379283521052,"Appartement de 100m² en vente, Le Prestige Californie",1691200.0,"['100 m²', '4 Pièces', '3 Chambres', '2 Salles de bains', 'Nouveau', '3ème étage']",6,100.0,4.0,3.0,2.0,Nouveau,3.0,15
Appartements Casablanca,Californie à Casablanca,33.56170473792227,-7.630379283521052,"Appartement de 94m² en vente, Le Prestige Californie",1547620.0,"['94 m²', '4 Pièces', '3 Chambres', '2 Salles de bains', 'Nouveau', '4ème étage']",6,94.0,4.0,3.0,2.0,Nouveau,4.0,15
Appartements Casablanca,Oasis à Casablanca,33.56170473792227,-7.630379283521052,Appartement de 63m² en vente Résidence Les Palmiers,1386000.0,"['63 m²', '3 Pièces', '2 Chambres', '1 Salle de bain', 'Nouveau', '3ème étage']",6,63.0,3.0,2.0,1.0,Nouveau,3.0,15
Appartements Casablanca,Oasis à Casablanca,33.56170473792227,-7.630379283521052,Appartement de 59m² en vente Résidence Les Palmiers,1298000.0,"['59 m²', '2 Pièces', '1 Chambre', '1 Salle de bain', 'Nouveau', '3ème étage']",6,59.0,2.0,1.0,1.0,Nouveau,3.0,15
Appartements Casablanca,Californie à Casablanca,33.56170473792227,-7.630379283521052,Appartement de 122m² en vente California Parc,1884080.0,"['122 m²', '3 Pièces', '2 Chambres', 'Nouveau', '3ème étage']",6,122.0,3.0,2.0,2.306532663316583,Nouveau,3.0,15
Appartements Casablanca,Californie à Casablanca,33.56170473792227,-7.630379283521052,Appartement de 147m² en vente California Parc,2687620.0,"['147 m²', '4 Pièces', '3 Chambres', 'Nouveau', '2ème étage']",6,147.0,4.0,3.0,2.306532663316583,Nouveau,2.0,15
Appartements Casablanca,CIL (Hay Salam) à Casablanca,33.56170473792227,-7.630379283521052,Appartement à vendre de deux chambres au CIL,1500000.0,"['102 m²', '4 Pièces', '2 Chambres', '2 Salles de bains', 'Nouveau', '10-20 ans']",6,102.0,4.0,2.0,2.0,Nouveau,3.0,15
Appartements Casablanca,Racine à Casablanca,33.58809684495913,-7.644681930542021,Appartement HS sans vis à vis Bd d'Anfa,1850000.0,"['82 m²', '3 Pièces', '2 Chambres', '2 Salles de bains', 'Bon état', '10-20 ans', '3ème étage']",7,82.0,3.0,2.0,2.0,Bon état,3.0,15
Appartements Casablanca,Les princesses à Casablanca,33.56170473792227,-7.630379283521052,Casablanca Vente d'appartement 200m2/5eme etage,3200000.0,"['200 m²', '6 Pièces', '3 Chambres', '3 Salles de bains', 'Bon état', '5-10 ans', '5ème étage']",7,200.0,6.0,3.0,3.0,Bon état,5.0,7
Appartements Casablanca,Racine à Casablanca,33.56170473792227,-7.630379283521052,Av appartement grand balcon racine casablanca,1800000.0,"['82 m²', '5 Pièces', '2 Chambres', '1 Salle de bain', 'Bon état', '5-10 ans', '2ème étage']",7,82.0,5.0,2.0,1.0,Bon état,2.0,7
Appartements Casablanca,Californie à Casablanca,33.56170473792227,-7.630379283521052,Appartement Rez-de-jardin de 136m² en vente UTOPIA,1565360.0,"['136 m²', '3 Pièces', '2 Chambres', '2 Salles de bains']",4,136.0,3.0,2.0,2.306532663316583,Bon état,3.0,15
Appartements Casablanca,Casablanca Finance City à Casablanca,33.547117579470296,-7.675495147705078,"Appartement F3 de 112m² en vente Résidence Occitania, Casablanca",1612120.0,"['112 m²', '3 Pièces', '2 Chambres', '2 Salles de bains', 'Nouveau']",5,112.0,3.0,2.0,2.0,Nouveau,3.0,15
Appartements Casablanca,Oasis à Casablanca,33.56170473792227,-7.630379283521052,"Appartement de 151m² en vente, Résidence les Jardins de l’Oasis",2701000.0,"['151 m²', '4 Pièces', '3 Chambres', '2 Salles de bains', 'Nouveau', '1er étage']",6,151.0,4.0,3.0,2.0,Nouveau,1.0,15
Appartements Casablanca,Californie à Casablanca,33.56170473792227,-7.630379283521052,Appartement en RDC de 114m² 2 chambres salon à Jnane Californie,1539000.0,"['114 m²', '3 Pièces', '2 Chambres', '2 Salles de bains', 'Nouveau', '3ème étage']",6,114.0,3.0,2.0,2.0,Nouveau,3.0,15
Appartements Casablanca,Racine à Casablanca,33.56170473792227,-7.630379283521052,TOP Duplex 5ème Etg 182 m2 3CH Terrasse à Racine,4300000.0,"['182 m²', '6 Pièces', '3 Chambres', '2 Salles de bains', 'Bon état', '10-20 ans', '5ème étage']",7,182.0,6.0,3.0,2.0,Bon état,5.0,15
Appartements Casablanca,Gauthier à Casablanca,33.58891909184207,-7.628674507141113,Top Appartement 244 m2 dernier étage avec terrasse,4200000.0,"['244 m²', '5 Pièces', '3 Chambres', '3 Salles de bains', 'Bon état', '5-10 ans', '6ème étage']",7,244.0,5.0,3.0,3.0,Bon état,6.0,7
Villas & maisons de luxe Casablanca,CIL (Hay Salam) à Casablanca,33.57601248704883,-7.603912353515625,Belle villa de 600m2 à vendre,10900000.0,"['565 m²', '5 Pièces', '4 Chambres', '3 Salles de bains', 'Bon état']",5,565.0,5.0,4.0,3.0,Bon état,3.0,15
Appartements Casablanca,Racine à Casablanca,33.56170473792227,-7.630379283521052,Superbe Affaire: Appartement de 200 m² Racine,2790000.0,"['200 m²', '4 Pièces', '3 Chambres', '2 Salles de bains', 'À rénover']",5,200.0,4.0,3.0,2.0,À rénover,3.0,15
Villas & maisons de luxe Casablanca,Sidi Maarouf à Casablanca,33.53679346667466,-7.6432200736928735,Villa de luxe à vendre à Sidi Maarouf. Superficie 250 m². Système de parabole et salon marocain,4800000.0,"['250 m²', '5 Pièces', '3 Chambres', '3 Salles de bains', 'Bon état']",5,250.0,5.0,3.0,3.0,Bon état,3.0,15
Villas & maisons de luxe Casablanca,Laymoune à Casablanca,33.52227738746349,-7.834625244140625,villa 392 m2 laymoune,7800000.0,"['392 m²', '8 Pièces', '5 Chambres', '5 Salles de bains', 'Bon état', '10-20 ans']",6,392.0,8.0,5.0,5.0,Bon état,3.0,15
Appartements Casablanca,Gauthier à Casablanca,33.58891909184207,-7.628674507141113,a vendre 228 m2 gauthier,3328000.0,"['228 m²', '3 Pièces', '3 Chambres', '3 Salles de bains', 'Bon état', '20-30 ans', '3ème étage']",7,228.0,3.0,3.0,3.0,Bon état,3.0,25
Appartements Casablanca,Beauséjour à Casablanca,33.56170473792227,-7.630379283521052,Appartement à vendre Beauséjour 2 terrasses,1222000.0,"['106 m²', '3 Pièces', '2 Chambres', '2 Salles de bains', 'Bon état', '5-10 ans', '4ème étage']",7,106.0,3.0,2.0,2.0,Bon état,4.0,7
Villas & maisons de luxe Casablanca,Californie à Casablanca,33.53595755299843,-7.625627517700195,Vente villa à Californie,5500000.0,"['256 m²', '6 Pièces', '4 Chambres', '4 Salles de bains', 'Bon état']",5,256.0,6.0,4.0,4.0,Bon état,3.0,15
Appartements Casablanca,Bourgogne Ouest à Casablanca,33.59555506334828,-7.64233853443065,Appartement sans vis à vis 131 m2 à Racine extension,2150000.0,"['131 m²', '4 Pièces', '3 Chambres', '2 Salles de bains', 'Bon état', '10-20 ans', '4ème étage']",7,131.0,4.0,3.0,2.0,Bon état,4.0,15
Villas & maisons de luxe Casablanca,Ain Diab Extension à Casablanca,33.57088335240648,-7.702467441558866,DV. 598: Superbe villa avec piscine à Aïn Diab:,13000000.0,"['608 m²', '6 Pièces', '5 Chambres', '6 Salles de bains', 'Bon état', '5-10 ans']",6,608.0,6.0,5.0,6.0,Bon état,3.0,7
Villas & maisons de luxe Casablanca,Longchamps (Hay Al Hanâa) à Casablanca,33.57751418572474,-7.664079666137695,DV. 377: Villa Commerciale à El Hana de 469 m²:,10500000.0,"['600 m²', '6 Pièces', '6 Chambres', '6 Salles de bains', 'Bon état', '10-20 ans']",6,600.0,6.0,6.0,6.0,Bon état,3.0,15
Villas & maisons de luxe Casablanca,Californie à Casablanca,33.525905142027,-7.630777359008789,DV. 442: Superbe Villa à Californie:,17000000.0,"['780 m²', '10 Pièces', '7 Chambres', '8 Salles de bains', 'Bon état', '10-20 ans']",6,780.0,10.0,7.0,8.0,Bon état,3.0,15
Appartements Casablanca,CIL (Hay Salam) à Casablanca,33.547117579470296,-7.675495147705078,Appart 4 chambres bien ensoleillé,2400000.0,"['175 m²', '5 Pièces', '4 Chambres', '2 Salles de bains', 'Bon état', '5-10 ans', '5ème étage']",7,175.0,5.0,4.0,2.0,Bon état,5.0,7
Villas & maisons de luxe Casablanca,Ain Diab à Casablanca,33.57851716978833,-7.670602798461886,DV. 621: Villa de 1235 m² Bd Abdelkrim Khattabi,18525000.0,"['1235 m²', '10 Pièces', '7 Chambres', '8 Salles de bains', 'À rénover', '30-50 ans']",6,1235.0,10.0,7.0,8.0,À rénover,3.0,40
Villas & maisons de luxe Casablanca,Les princesses à Casablanca,33.584192931255984,-7.653940916061174,DV. 653: Villa de 1068 m² Anfa:,14000000.0,"['1068 m²', '8 Pièces', '5 Chambres', '6 Salles de bains', 'À rénover', '30-50 ans']",6,1068.0,8.0,5.0,6.0,À rénover,3.0,40
Appartements Casablanca,Casablanca Finance City à Casablanca,33.56693159097548,-7.660132059550278,DV. 551: Superbe 2 Ch C. F. C. – C. I. L.:,2350000.0,"['116 m²', '3 Pièces', '2 Chambres', '2 Salles de bains', 'Nouveau', '1-5 ans', '1er étage']",7,116.0,3.0,2.0,2.0,Nouveau,1.0,3
Appartements Casablanca,Californie à Casablanca,33.56170473792227,-7.630379283521052,Appartement de 119m² en vente California Parc,2282580.0,"['119 m²', '3 Pièces', '2 Chambres', 'Nouveau', '3ème étage']",6,119.0,3.0,2.0,2.306532663316583,Nouveau,3.0,15
Appartements Casablanca,Californie à Casablanca,33.56170473792227,-7.630379283521052,Appartement de 121m² en vente California Parc,1865650.0,"['121 m²', '3 Pièces', '2 Chambres', 'Nouveau', '3ème étage']",6,121.0,3.0,2.0,2.306532663316583,Nouveau,3.0,15
Appartements Casablanca,Californie à Casablanca,33.56170473792227,-7.630379283521052,Appartement au RDC de 141m² en vente California Parc,2464050.0,"['141 m²', '4 Pièces', '3 Chambres', 'Nouveau']",5,141.0,4.0,3.0,2.306532663316583,Nouveau,3.0,15
Appartements Casablanca,Californie à Casablanca,33.56170473792227,-7.630379283521052,Appartement de 147m² en vente California Parc,2758050.0,"['147 m²', '4 Pièces', '3 Chambres', 'Nouveau', '3ème étage']",6,147.0,4.0,3.0,2.306532663316583,Nouveau,3.0,15
Appartements Casablanca,Californie à Casablanca,33.56170473792227,-7.630379283521052,Appartement de 124m² en vente California Parc,2340600.0,"['124 m²', '4 Pièces', '3 Chambres', 'Nouveau', '1er étage']",6,124.0,4.0,3.0,2.306532663316583,Nouveau,1.0,15
Appartements Casablanca,Californie à Casablanca,33.56170473792227,-7.630379283521052,Appartement de 164m² en vente California Parc,2884800.0,"['164 m²', '4 Pièces', '3 Chambres', 'Nouveau', '1er étage']",6,164.0,4.0,3.0,2.306532663316583,Nouveau,1.0,15
Appartements Casablanca,Californie à Casablanca,33.56170473792227,-7.630379283521052,Appartement au RDC de 106m² en vente California Parc,1911600.0,"['106 m²', '3 Pièces', '2 Chambres', 'Nouveau']",5,106.0,3.0,2.0,2.306532663316583,Nouveau,3.0,15
Appartements Casablanca,Californie à Casablanca,33.56170473792227,-7.630379283521052,Appartement de 148m² en vente California Parc,2735500.0,"['148 m²', '4 Pièces', '3 Chambres', 'Nouveau', '3ème étage']",6,148.0,4.0,3.0,2.306532663316583,Nouveau,3.0,15
Villas & maisons de luxe Casablanca,Longchamps (Hay Al Hanâa) à Casablanca,33.56170473792227,-7.630379283521052,Casablanca quartier longs champs A vendre villa,11700000.0,"['470 m²', '3 Pièces', '5 Chambres', '4 Salles de bains', 'Bon état', '10-20 ans']",6,470.0,3.0,5.0,4.0,Bon état,3.0,15
Appartements Casablanca,Bourgogne Ouest à Casablanca,33.56170473792227,-7.630379283521052,A vendre un très joli appartement de 131m2,2500000.0,"['131 m²', '2 Pièces', '3 Chambres', '2 Salles de bains', 'Bon état', '5-10 ans', '3ème étage']",7,131.0,2.0,3.0,2.0,Bon état,3.0,7
Villas & maisons de luxe Casablanca,Californie à Casablanca,33.56170473792227,-7.630379283521052,A vendre joli villa 434 m2 californie,7500000.0,"['434 m²', '4 Pièces', '4 Chambres', '4 Salles de bains', 'Bon état', '10-20 ans']",6,434.0,4.0,4.0,4.0,Bon état,3.0,15
Villas & maisons de luxe Casablanca,El Manar - El Hank à Casablanca,33.56170473792227,-7.630379283521052,Villa de 490m² a vendre a quartier el manar,10000000.0,"['490 m²', '9 Pièces', '5 Chambres', '5 Salles de bains', 'Bon état', '10-20 ans']",6,490.0,9.0,5.0,5.0,Bon état,3.0,15
Villas & maisons de luxe Casablanca,Ain Diab Extension à Casablanca,33.57815776287343,-7.692489624023437,Villa 395 m² 5 chambres SUD sans vis à vis,7500000.0,"['395 m²', '9 Pièces', '5 Chambres', '2 Salles de bains', 'Bon état', '10-20 ans']",6,395.0,9.0,5.0,2.0,Bon état,3.0,15
Appartements Casablanca,El Manar - El Hank à Casablanca,33.604041673774326,-7.655426859855709,"Appartement de 127m² en vente, Les terrasses d'anfa",4558824.761494253,"['127 m²', '4 Pièces', '3 Chambres', '2 Salles de bains', 'Nouveau']",5,127.0,4.0,3.0,2.0,Nouveau,3.0,15
Appartements Casablanca,Oulfa à Casablanca,33.56170473792227,-7.630379283521052,"Appartement de 110m² en vente, Dans le quartier Farah Cité Essalam EL OULFA",1260000.0,"['110 m²', '4 Pièces', '3 Chambres', '1 Salle de bain', 'Nouveau', ""Moins d'un an""]",6,110.0,4.0,3.0,1.0,Nouveau,3.0,0
Villas & maisons de luxe Casablanca,El Manar - El Hank à Casablanca,33.60689931379632,-7.652578353881836,VENTE VILLA DE 480 m² A AL MANAR,7600000.0,"['480 m²', '1 Pièce', '1 Chambre', '1 Salle de bain', 'À rénover', '20-30 ans']",7,480.0,4.682934712346477,1.0,1.0,À rénover,3.0,25
Villas & maisons de luxe Casablanca,Sidi Maarouf à Casablanca,33.51821300640254,-7.644338607788086,Villa à la vente exceptionnelle A SIDI MAAROUF,6800000.0,"['450 m²', '7 Pièces', '4 Chambres', '4 Salles de bains', 'Nouveau', '1-5 ans']",6,450.0,7.0,4.0,4.0,Nouveau,3.0,3
Appartements Casablanca,Bourgogne Ouest à Casablanca,33.598304662993705,-7.644252777099609,Appartement à vendre à BOURGOGNE,1250000.0,"['80 m²', '3 Pièces', '2 Chambres', '2 Salles de bains', 'Nouveau', '1-5 ans']",6,80.0,3.0,2.0,2.0,Nouveau,3.0,3
Villas & maisons de luxe Casablanca,Californie à Casablanca,33.56170473792227,-7.630379283521052,Splendide villa à vendre à Californie. 5 pièces. Tout confort avec cheminée et climatisation,16000000.0,"['1000 m²', '5 Pièces', '4 Chambres', '3 Salles de bains', 'Bon état']",5,1000.0,5.0,4.0,3.0,Bon état,3.0,15
Appartements Casablanca,Belvédère à Casablanca,33.5895625839363,-7.59678840637207,Vente appartement quartier BELVEDERE,1180000.0,"['102 m²', '4 Pièces', '2 Chambres', '2 Salles de bains', 'Nouveau', '1-5 ans']",6,102.0,4.0,2.0,2.0,Nouveau,3.0,3
Appartements Casablanca,Racine à Casablanca,33.56170473792227,-7.630379283521052,Appartement à vendre avec terrasse quartier Racine,3900000.0,"['217 m²', '6 Pièces', '3 Chambres', '2 Salles de bains', 'Nouveau', '5-10 ans']",6,217.0,6.0,3.0,2.0,Nouveau,3.0,7
Villas & maisons de luxe Casablanca,Californie à Casablanca,33.53766930473835,-7.627870930716028,Somptueuse maison à vendre à Californie. 4 grandes pièces. Piscine et air conditionné,35000000.0,"['2500 m²', '4 Pièces', '4 Chambres', '4 Salles de bains', 'Bon état', '5-10 ans']",6,2500.0,4.0,4.0,4.0,Bon état,3.0,7
Appartements Casablanca,Racine à Casablanca,33.592458238962855,-7.648158073425293,"Appartement à vendre, Racine",2800000.0,"['126 m²', '4 Pièces', '3 Chambres', '2 Salles de bains', 'Bon état', '2ème étage']",6,126.0,4.0,3.0,2.0,Bon état,2.0,15
Villas & maisons de luxe Casablanca,Ain Diab Extension à Casablanca,33.57640223480511,-7.697060108184786,DV. 557: Villa de maitre avec piscine à Aïn Diab:,18000000.0,"['1426 m²', '10 Pièces', '6 Chambres', '6 Salles de bains', 'Bon état', '5-10 ans']",6,1426.0,10.0,6.0,6.0,Bon état,3.0,7
Villas & maisons de luxe Casablanca,Californie à Casablanca,33.52322191659885,-7.630777359008789,DV. 420: Superbe Villa de 1134 m² à Californie:,14000000.0,"['724 m²', '10 Pièces', '6 Chambres', '7 Salles de bains', 'Bon état', '10-20 ans']",6,724.0,10.0,6.0,7.0,Bon état,3.0,15
Appartements Casablanca,Maârif Extension à Casablanca,33.58467371121882,-7.644124031066866,DV. 608: Bel Apt de 114 m² à Bir Anzarane:,1750000.0,"['114 m²', '3 Pièces', '2 Chambres', '2 Salles de bains', 'Bon état', '10-20 ans', '4ème étage']",7,114.0,3.0,2.0,2.0,Bon état,4.0,15
Villas & maisons de luxe Casablanca,Ain Diab Extension à Casablanca,33.5701842185467,-7.70639419555664,Superbe Villa avec piscine à Aïn Diab:,8300000.0,"['478 m²', '8 Pièces', '5 Chambres', '5 Salles de bains', 'Bon état', '5-10 ans']",6,478.0,8.0,5.0,5.0,Bon état,3.0,7
Appartements Casablanca,Palmier à Casablanca,33.581591959344806,-7.631034851074332,DV. 629: Superbe 3 Ch à Palmier:,1900000.0,"['122 m²', '4 Pièces', '3 Chambres', '2 Salles de bains', 'Bon état', '5-10 ans', '5ème étage']",7,122.0,4.0,3.0,2.0,Bon état,5.0,7
Appartements Casablanca,Racine à Casablanca,33.5906726749347,-7.638759613037223,DV. 674: Superbe 3 Ch à Racine:,3600000.0,"['183 m²', '5 Pièces', '4 Chambres', '4 Salles de bains', 'Bon état', '10-20 ans', '4ème étage']",7,183.0,5.0,4.0,4.0,Bon état,4.0,15
Appartements Casablanca,Bourgogne Ouest à Casablanca,33.56170473792227,-7.630379283521052,Appartement à vendre à Bourgogne Ouest. Surface de 83 m²,590000.0,"['83 m²', '2 Pièces', '1 Chambre', '1 Salle de bain', 'Bon état', '20-30 ans', '4ème étage']",7,83.0,2.0,1.0,1.0,Bon état,4.0,25
Appartements Casablanca,Anassi à Casablanca,33.59016530000001,-7.492851700000017,Vente d'un bel appartement à Anassi. 2 pièces confortables. Ascenseur et terrasse.,650000.0,"['75 m²', '2 Pièces', '2 Chambres', '2 Salles de bains', 'Bon état']",5,75.0,2.0,2.0,2.0,Bon état,3.0,15
Appartements Casablanca,Bourgogne Est à Casablanca,33.56170473792227,-7.630379283521052,Beau studio de haut standing à vendre Bourgoune,1000000.0,"['47 m²', '2 Pièces', '1 Chambre', '1 Salle de bain', 'Bon état', '3ème étage']",6,47.0,2.0,1.0,1.0,Bon état,3.0,15
Appartements Casablanca,Gauthier à Casablanca,33.56170473792227,-7.630379283521052,Opportunité à gauthier,2500000.0,"['176 m²', '4 Pièces', '3 Chambres', '2 Salles de bains', 'Nouveau', '3ème étage']",6,176.0,4.0,3.0,2.0,Nouveau,3.0,15
Appartements Casablanca,Californie à Casablanca,33.56170473792227,-7.630379283521052,Appartement de 119m² en vente California Parc,2282580.0,"['119 m²', '3 Pièces', '2 Chambres', 'Nouveau', '3ème étage']",6,119.0,3.0,2.0,2.306532663316583,Nouveau,3.0,15
Appartements Casablanca,Californie à Casablanca,33.56170473792227,-7.630379283521052,Appartement de 121m² en vente California Parc,1865650.0,"['121 m²', '3 Pièces', '2 Chambres', 'Nouveau', '3ème étage']",6,121.0,3.0,2.0,2.306532663316583,Nouveau,3.0,15
Appartements Casablanca,Californie à Casablanca,33.56170473792227,-7.630379283521052,Appartement au RDC de 141m² en vente California Parc,2464050.0,"['141 m²', '4 Pièces', '3 Chambres', 'Nouveau']",5,141.0,4.0,3.0,2.306532663316583,Nouveau,3.0,15
Appartements Casablanca,Californie à Casablanca,33.56170473792227,-7.630379283521052,Appartement de 147m² en vente California Parc,2758050.0,"['147 m²', '4 Pièces', '3 Chambres', 'Nouveau', '3ème étage']",6,147.0,4.0,3.0,2.306532663316583,Nouveau,3.0,15
Appartements Casablanca,Californie à Casablanca,33.56170473792227,-7.630379283521052,Appartement de 124m² en vente California Parc,2340600.0,"['124 m²', '4 Pièces', '3 Chambres', 'Nouveau', '1er étage']",6,124.0,4.0,3.0,2.306532663316583,Nouveau,1.0,15
Appartements Casablanca,Californie à Casablanca,33.56170473792227,-7.630379283521052,Appartement de 164m² en vente California Parc,2884800.0,"['164 m²', '4 Pièces', '3 Chambres', 'Nouveau', '1er étage']",6,164.0,4.0,3.0,2.306532663316583,Nouveau,1.0,15
Appartements Casablanca,Californie à Casablanca,33.56170473792227,-7.630379283521052,Appartement au RDC de 106m² en vente California Parc,1911600.0,"['106 m²', '3 Pièces', '2 Chambres', 'Nouveau']",5,106.0,3.0,2.0,2.306532663316583,Nouveau,3.0,15
Appartements Casablanca,Californie à Casablanca,33.56170473792227,-7.630379283521052,Appartement de 148m² en vente California Parc,2735500.0,"['148 m²', '4 Pièces', '3 Chambres', 'Nouveau', '3ème étage']",6,148.0,4.0,3.0,2.306532663316583,Nouveau,3.0,15
Villas & maisons de luxe Casablanca,Longchamps (Hay Al Hanâa) à Casablanca,33.56170473792227,-7.630379283521052,Casablanca quartier longs champs A vendre villa,11700000.0,"['470 m²', '3 Pièces', '5 Chambres', '4 Salles de bains', 'Bon état', '10-20 ans']",6,470.0,3.0,5.0,4.0,Bon état,3.0,15
Appartements Casablanca,Bourgogne Ouest à Casablanca,33.598304662993705,-7.644252777099609,A vendre un très joli appartement de 131m2,2500000.0,"['131 m²', '2 Pièces', '3 Chambres', '2 Salles de bains', 'Bon état', '5-10 ans', '3ème étage']",7,131.0,2.0,3.0,2.0,Bon état,3.0,7
Villas & maisons de luxe Casablanca,Californie à Casablanca,33.56170473792227,-7.630379283521052,A vendre joli villa 434 m2 californie,7500000.0,"['434 m²', '4 Pièces', '4 Chambres', '4 Salles de bains', 'Bon état', '10-20 ans']",6,434.0,4.0,4.0,4.0,Bon état,3.0,15
Villas & maisons de luxe Casablanca,El Manar - El Hank à Casablanca,33.60689931379632,-7.652578353881836,Villa de 490m² a vendre a quartier el manar,10000000.0,"['490 m²', '9 Pièces', '5 Chambres', '5 Salles de bains', 'Bon état', '10-20 ans']",6,490.0,9.0,5.0,5.0,Bon état,3.0,15
Villas & maisons de luxe Casablanca,Ain Diab Extension à Casablanca,33.56170473792227,-7.630379283521052,Villa 395 m² 5 chambres SUD sans vis à vis,7500000.0,"['395 m²', '9 Pièces', '5 Chambres', '2 Salles de bains', 'Bon état', '10-20 ans']",6,395.0,9.0,5.0,2.0,Bon état,3.0,15
Appartements Casablanca,El Manar - El Hank à Casablanca,33.604041673774326,-7.655426859855709,"Appartement de 127m² en vente, Les terrasses d'anfa",4558824.761494253,"['127 m²', '4 Pièces', '3 Chambres', '2 Salles de bains', 'Nouveau']",5,127.0,4.0,3.0,2.0,Nouveau,3.0,15
Appartements Casablanca,Oulfa à Casablanca,33.56170473792227,-7.630379283521052,"Appartement de 110m² en vente, Dans le quartier Farah Cité Essalam EL OULFA",1260000.0,"['110 m²', '4 Pièces', '3 Chambres', '1 Salle de bain', 'Nouveau', ""Moins d'un an""]",6,110.0,4.0,3.0,1.0,Nouveau,3.0,0
Villas & maisons de luxe Casablanca,El Manar - El Hank à Casablanca,33.56170473792227,-7.630379283521052,VENTE VILLA DE 480 m² A AL MANAR,7600000.0,"['480 m²', '1 Pièce', '1 Chambre', '1 Salle de bain', 'À rénover', '20-30 ans']",7,480.0,4.682934712346477,1.0,1.0,À rénover,3.0,25
Villas & maisons de luxe Casablanca,Sidi Maarouf à Casablanca,33.56170473792227,-7.630379283521052,Villa à la vente exceptionnelle A SIDI MAAROUF,6800000.0,"['450 m²', '7 Pièces', '4 Chambres', '4 Salles de bains', 'Nouveau', '1-5 ans']",6,450.0,7.0,4.0,4.0,Nouveau,3.0,3
Appartements Casablanca,Bourgogne Ouest à Casablanca,33.598304662993705,-7.644252777099609,Appartement à vendre à BOURGOGNE,1250000.0,"['80 m²', '3 Pièces', '2 Chambres', '2 Salles de bains', 'Nouveau', '1-5 ans']",6,80.0,3.0,2.0,2.0,Nouveau,3.0,3
Villas & maisons de luxe Casablanca,Californie à Casablanca,33.56170473792227,-7.630379283521052,Splendide villa à vendre à Californie. 5 pièces. Tout confort avec cheminée et climatisation,16000000.0,"['1000 m²', '5 Pièces', '4 Chambres', '3 Salles de bains', 'Bon état']",5,1000.0,5.0,4.0,3.0,Bon état,3.0,15
Appartements Casablanca,Belvédère à Casablanca,33.56170473792227,-7.630379283521052,Vente appartement quartier BELVEDERE,1180000.0,"['102 m²', '4 Pièces', '2 Chambres', '2 Salles de bains', 'Nouveau', '1-5 ans']",6,102.0,4.0,2.0,2.0,Nouveau,3.0,3
Appartements Casablanca,Racine à Casablanca,33.56170473792227,-7.630379283521052,Appartement à vendre avec terrasse quartier Racine,3900000.0,"['217 m²', '6 Pièces', '3 Chambres', '2 Salles de bains', 'Nouveau', '5-10 ans']",6,217.0,6.0,3.0,2.0,Nouveau,3.0,7
Villas & maisons de luxe Casablanca,Californie à Casablanca,33.53766930473835,-7.627870930716028,Somptueuse maison à vendre à Californie. 4 grandes pièces. Piscine et air conditionné,35000000.0,"['2500 m²', '4 Pièces', '4 Chambres', '4 Salles de bains', 'Bon état', '5-10 ans']",6,2500.0,4.0,4.0,4.0,Bon état,3.0,7
Appartements Casablanca,Racine à Casablanca,33.56170473792227,-7.630379283521052,"Appartement à vendre, Racine",2800000.0,"['126 m²', '4 Pièces', '3 Chambres', '2 Salles de bains', 'Bon état', '2ème étage']",6,126.0,4.0,3.0,2.0,Bon état,2.0,15
Villas & maisons de luxe Casablanca,Ain Diab Extension à Casablanca,33.57640223480511,-7.697060108184786,DV. 557: Villa de maitre avec piscine à Aïn Diab:,18000000.0,"['1426 m²', '10 Pièces', '6 Chambres', '6 Salles de bains', 'Bon état', '5-10 ans']",6,1426.0,10.0,6.0,6.0,Bon état,3.0,7
Villas & maisons de luxe Casablanca,Californie à Casablanca,33.52322191659885,-7.630777359008789,DV. 420: Superbe Villa de 1134 m² à Californie:,14000000.0,"['724 m²', '10 Pièces', '6 Chambres', '7 Salles de bains', 'Bon état', '10-20 ans']",6,724.0,10.0,6.0,7.0,Bon état,3.0,15
Appartements Casablanca,Maârif Extension à Casablanca,33.58467371121882,-7.644124031066866,DV. 608: Bel Apt de 114 m² à Bir Anzarane:,1750000.0,"['114 m²', '3 Pièces', '2 Chambres', '2 Salles de bains', 'Bon état', '10-20 ans', '4ème étage']",7,114.0,3.0,2.0,2.0,Bon état,4.0,15
Villas & maisons de luxe Casablanca,Ain Diab Extension à Casablanca,33.5701842185467,-7.70639419555664,Superbe Villa avec piscine à Aïn Diab:,8300000.0,"['478 m²', '8 Pièces', '5 Chambres', '5 Salles de bains', 'Bon état', '5-10 ans']",6,478.0,8.0,5.0,5.0,Bon état,3.0,7
Appartements Casablanca,Palmier à Casablanca,33.581591959344806,-7.631034851074332,DV. 629: Superbe 3 Ch à Palmier:,1900000.0,"['122 m²', '4 Pièces', '3 Chambres', '2 Salles de bains', 'Bon état', '5-10 ans', '5ème étage']",7,122.0,4.0,3.0,2.0,Bon état,5.0,7
Appartements Casablanca,Racine à Casablanca,33.5906726749347,-7.638759613037223,DV. 674: Superbe 3 Ch à Racine:,3600000.0,"['183 m²', '5 Pièces', '4 Chambres', '4 Salles de bains', 'Bon état', '10-20 ans', '4ème étage']",7,183.0,5.0,4.0,4.0,Bon état,4.0,15
Appartements Casablanca,Bourgogne Ouest à Casablanca,33.56170473792227,-7.630379283521052,Appartement à vendre à Bourgogne Ouest. Surface de 83 m²,590000.0,"['83 m²', '2 Pièces', '1 Chambre', '1 Salle de bain', 'Bon état', '20-30 ans', '4ème étage']",7,83.0,2.0,1.0,1.0,Bon état,4.0,25
Appartements Casablanca,Anassi à Casablanca,33.59016530000001,-7.492851700000017,Vente d'un bel appartement à Anassi. 2 pièces confortables. Ascenseur et terrasse.,650000.0,"['75 m²', '2 Pièces', '2 Chambres', '2 Salles de bains', 'Bon état']",5,75.0,2.0,2.0,2.0,Bon état,3.0,15
Appartements Casablanca,Bourgogne Est à Casablanca,33.56170473792227,-7.630379283521052,Beau studio de haut standing à vendre Bourgoune,1000000.0,"['47 m²', '2 Pièces', '1 Chambre', '1 Salle de bain', 'Bon état', '3ème étage']",6,47.0,2.0,1.0,1.0,Bon état,3.0,15
Appartements Casablanca,Gauthier à Casablanca,33.56170473792227,-7.630379283521052,Opportunité à gauthier,2500000.0,"['176 m²', '4 Pièces', '3 Chambres', '2 Salles de bains', 'Nouveau', '3ème étage']",6,176.0,4.0,3.0,2.0,Nouveau,3.0,15
Appartements Casablanca,Californie à Casablanca,33.56170473792227,-7.630379283521052,Appartement de 119m² en vente California Parc,2282580.0,"['119 m²', '3 Pièces', '2 Chambres', 'Nouveau', '3ème étage']",6,119.0,3.0,2.0,2.306532663316583,Nouveau,3.0,15
Appartements Casablanca,Californie à Casablanca,33.56170473792227,-7.630379283521052,Appartement de 121m² en vente California Parc,1865650.0,"['121 m²', '3 Pièces', '2 Chambres', 'Nouveau', '3ème étage']",6,121.0,3.0,2.0,2.306532663316583,Nouveau,3.0,15
Appartements Casablanca,Californie à Casablanca,33.56170473792227,-7.630379283521052,Appartement au RDC de 141m² en vente California Parc,2464050.0,"['141 m²', '4 Pièces', '3 Chambres', 'Nouveau']",5,141.0,4.0,3.0,2.306532663316583,Nouveau,3.0,15
Appartements Casablanca,Californie à Casablanca,33.56170473792227,-7.630379283521052,Appartement de 147m² en vente California Parc,2758050.0,"['147 m²', '4 Pièces', '3 Chambres', 'Nouveau', '3ème étage']",6,147.0,4.0,3.0,2.306532663316583,Nouveau,3.0,15
Appartements Casablanca,Californie à Casablanca,33.56170473792227,-7.630379283521052,Appartement de 124m² en vente California Parc,2340600.0,"['124 m²', '4 Pièces', '3 Chambres', 'Nouveau', '1er étage']",6,124.0,4.0,3.0,2.306532663316583,Nouveau,1.0,15
Appartements Casablanca,Californie à Casablanca,33.56170473792227,-7.630379283521052,Appartement de 164m² en vente California Parc,2884800.0,"['164 m²', '4 Pièces', '3 Chambres', 'Nouveau', '1er étage']",6,164.0,4.0,3.0,2.306532663316583,Nouveau,1.0,15
Appartements Casablanca,Californie à Casablanca,33.56170473792227,-7.630379283521052,Appartement au RDC de 106m² en vente California Parc,1911600.0,"['106 m²', '3 Pièces', '2 Chambres', 'Nouveau']",5,106.0,3.0,2.0,2.306532663316583,Nouveau,3.0,15
Appartements Casablanca,Californie à Casablanca,33.56170473792227,-7.630379283521052,Appartement de 148m² en vente California Parc,2735500.0,"['148 m²', '4 Pièces', '3 Chambres', 'Nouveau', '3ème étage']",6,148.0,4.0,3.0,2.306532663316583,Nouveau,3.0,15
Villas & maisons de luxe Casablanca,Longchamps (Hay Al Hanâa) à Casablanca,33.57751418572474,-7.664079666137695,Casablanca quartier longs champs A vendre villa,11700000.0,"['470 m²', '3 Pièces', '5 Chambres', '4 Salles de bains', 'Bon état', '10-20 ans']",6,470.0,3.0,5.0,4.0,Bon état,3.0,15
Appartements Casablanca,Bourgogne Ouest à Casablanca,33.56170473792227,-7.630379283521052,A vendre un très joli appartement de 131m2,2500000.0,"['131 m²', '2 Pièces', '3 Chambres', '2 Salles de bains', 'Bon état', '5-10 ans', '3ème étage']",7,131.0,2.0,3.0,2.0,Bon état,3.0,7
Villas & maisons de luxe Casablanca,Californie à Casablanca,33.53595755299843,-7.625627517700195,A vendre joli villa 434 m2 californie,7500000.0,"['434 m²', '4 Pièces', '4 Chambres', '4 Salles de bains', 'Bon état', '10-20 ans']",6,434.0,4.0,4.0,4.0,Bon état,3.0,15
Villas & maisons de luxe Casablanca,El Manar - El Hank à Casablanca,33.60689931379632,-7.652578353881836,Villa de 490m² a vendre a quartier el manar,10000000.0,"['490 m²', '9 Pièces', '5 Chambres', '5 Salles de bains', 'Bon état', '10-20 ans']",6,490.0,9.0,5.0,5.0,Bon état,3.0,15
Villas & maisons de luxe Casablanca,Ain Diab Extension à Casablanca,33.56170473792227,-7.630379283521052,Villa 395 m² 5 chambres SUD sans vis à vis,7500000.0,"['395 m²', '9 Pièces', '5 Chambres', '2 Salles de bains', 'Bon état', '10-20 ans']",6,395.0,9.0,5.0,2.0,Bon état,3.0,15
Appartements Casablanca,El Manar - El Hank à Casablanca,33.604041673774326,-7.655426859855709,"Appartement de 127m² en vente, Les terrasses d'anfa",4558824.761494253,"['127 m²', '4 Pièces', '3 Chambres', '2 Salles de bains', 'Nouveau']",5,127.0,4.0,3.0,2.0,Nouveau,3.0,15
Appartements Casablanca,Oulfa à Casablanca,33.56170473792227,-7.630379283521052,"Appartement de 110m² en vente, Dans le quartier Farah Cité Essalam EL OULFA",1260000.0,"['110 m²', '4 Pièces', '3 Chambres', '1 Salle de bain', 'Nouveau', ""Moins d'un an""]",6,110.0,4.0,3.0,1.0,Nouveau,3.0,0
Villas & maisons de luxe Casablanca,El Manar - El Hank à Casablanca,33.60689931379632,-7.652578353881836,VENTE VILLA DE 480 m² A AL MANAR,7600000.0,"['480 m²', '1 Pièce', '1 Chambre', '1 Salle de bain', 'À rénover', '20-30 ans']",7,480.0,4.682934712346477,1.0,1.0,À rénover,3.0,25
Villas & maisons de luxe Casablanca,Sidi Maarouf à Casablanca,33.56170473792227,-7.630379283521052,Villa à la vente exceptionnelle A SIDI MAAROUF,6800000.0,"['450 m²', '7 Pièces', '4 Chambres', '4 Salles de bains', 'Nouveau', '1-5 ans']",6,450.0,7.0,4.0,4.0,Nouveau,3.0,3
Appartements Casablanca,Bourgogne Ouest à Casablanca,33.598304662993705,-7.644252777099609,Appartement à vendre à BOURGOGNE,1250000.0,"['80 m²', '3 Pièces', '2 Chambres', '2 Salles de bains', 'Nouveau', '1-5 ans']",6,80.0,3.0,2.0,2.0,Nouveau,3.0,3
Villas & maisons de luxe Casablanca,Californie à Casablanca,33.56170473792227,-7.630379283521052,Splendide villa à vendre à Californie. 5 pièces. Tout confort avec cheminée et climatisation,16000000.0,"['1000 m²', '5 Pièces', '4 Chambres', '3 Salles de bains', 'Bon état']",5,1000.0,5.0,4.0,3.0,Bon état,3.0,15
Appartements Casablanca,Belvédère à Casablanca,33.5895625839363,-7.59678840637207,Vente appartement quartier BELVEDERE,1180000.0,"['102 m²', '4 Pièces', '2 Chambres', '2 Salles de bains', 'Nouveau', '1-5 ans']",6,102.0,4.0,2.0,2.0,Nouveau,3.0,3
Appartements Casablanca,Racine à Casablanca,33.592458238962855,-7.648158073425293,Appartement à vendre avec terrasse quartier Racine,3900000.0,"['217 m²', '6 Pièces', '3 Chambres', '2 Salles de bains', 'Nouveau', '5-10 ans']",6,217.0,6.0,3.0,2.0,Nouveau,3.0,7
Villas & maisons de luxe Casablanca,Californie à Casablanca,33.53766930473835,-7.627870930716028,Somptueuse maison à vendre à Californie. 4 grandes pièces. Piscine et air conditionné,35000000.0,"['2500 m²', '4 Pièces', '4 Chambres', '4 Salles de bains', 'Bon état', '5-10 ans']",6,2500.0,4.0,4.0,4.0,Bon état,3.0,7
Appartements Casablanca,Racine à Casablanca,33.592458238962855,-7.648158073425293,"Appartement à vendre, Racine",2800000.0,"['126 m²', '4 Pièces', '3 Chambres', '2 Salles de bains', 'Bon état', '2ème étage']",6,126.0,4.0,3.0,2.0,Bon état,2.0,15
Villas & maisons de luxe Casablanca,Ain Diab Extension à Casablanca,33.57640223480511,-7.697060108184786,DV. 557: Villa de maitre avec piscine à Aïn Diab:,18000000.0,"['1426 m²', '10 Pièces', '6 Chambres', '6 Salles de bains', 'Bon état', '5-10 ans']",6,1426.0,10.0,6.0,6.0,Bon état,3.0,7
Villas & maisons de luxe Casablanca,Californie à Casablanca,33.52322191659885,-7.630777359008789,DV. 420: Superbe Villa de 1134 m² à Californie:,14000000.0,"['724 m²', '10 Pièces', '6 Chambres', '7 Salles de bains', 'Bon état', '10-20 ans']",6,724.0,10.0,6.0,7.0,Bon état,3.0,15
Appartements Casablanca,Maârif Extension à Casablanca,33.58467371121882,-7.644124031066866,DV. 608: Bel Apt de 114 m² à Bir Anzarane:,1750000.0,"['114 m²', '3 Pièces', '2 Chambres', '2 Salles de bains', 'Bon état', '10-20 ans', '4ème étage']",7,114.0,3.0,2.0,2.0,Bon état,4.0,15
Villas & maisons de luxe Casablanca,Ain Diab Extension à Casablanca,33.5701842185467,-7.70639419555664,Superbe Villa avec piscine à Aïn Diab:,8300000.0,"['478 m²', '8 Pièces', '5 Chambres', '5 Salles de bains', 'Bon état', '5-10 ans']",6,478.0,8.0,5.0,5.0,Bon état,3.0,7
Appartements Casablanca,Palmier à Casablanca,33.581591959344806,-7.631034851074332,DV. 629: Superbe 3 Ch à Palmier:,1900000.0,"['122 m²', '4 Pièces', '3 Chambres', '2 Salles de bains', 'Bon état', '5-10 ans', '5ème étage']",7,122.0,4.0,3.0,2.0,Bon état,5.0,7
Appartements Casablanca,Racine à Casablanca,33.5906726749347,-7.638759613037223,DV. 674: Superbe 3 Ch à Racine:,3600000.0,"['183 m²', '5 Pièces', '4 Chambres', '4 Salles de bains', 'Bon état', '10-20 ans', '4ème étage']",7,183.0,5.0,4.0,4.0,Bon état,4.0,15
Appartements Casablanca,Bourgogne Ouest à Casablanca,33.56170473792227,-7.630379283521052,Appartement à vendre à Bourgogne Ouest. Surface de 83 m²,590000.0,"['83 m²', '2 Pièces', '1 Chambre', '1 Salle de bain', 'Bon état', '20-30 ans', '4ème étage']",7,83.0,2.0,1.0,1.0,Bon état,4.0,25
Appartements Casablanca,Anassi à Casablanca,33.59016530000001,-7.492851700000017,Vente d'un bel appartement à Anassi. 2 pièces confortables. Ascenseur et terrasse.,650000.0,"['75 m²', '2 Pièces', '2 Chambres', '2 Salles de bains', 'Bon état']",5,75.0,2.0,2.0,2.0,Bon état,3.0,15
Appartements Casablanca,Bourgogne Est à Casablanca,33.56170473792227,-7.630379283521052,Beau studio de haut standing à vendre Bourgoune,1000000.0,"['47 m²', '2 Pièces', '1 Chambre', '1 Salle de bain', 'Bon état', '3ème étage']",6,47.0,2.0,1.0,1.0,Bon état,3.0,15
Appartements Casablanca,Gauthier à Casablanca,33.58891909184207,-7.628674507141113,Opportunité à gauthier,2500000.0,"['176 m²', '4 Pièces', '3 Chambres', '2 Salles de bains', 'Nouveau', '3ème étage']",6,176.0,4.0,3.0,2.0,Nouveau,3.0,15
Appartements Casablanca,Californie à Casablanca,33.56170473792227,-7.630379283521052,Appartement de 119m² en vente California Parc,2282580.0,"['119 m²', '3 Pièces', '2 Chambres', 'Nouveau', '3ème étage']",6,119.0,3.0,2.0,2.306532663316583,Nouveau,3.0,15
Appartements Casablanca,Californie à Casablanca,33.56170473792227,-7.630379283521052,Appartement de 121m² en vente California Parc,1865650.0,"['121 m²', '3 Pièces', '2 Chambres', 'Nouveau', '3ème étage']",6,121.0,3.0,2.0,2.306532663316583,Nouveau,3.0,15
Appartements Casablanca,Californie à Casablanca,33.56170473792227,-7.630379283521052,Appartement au RDC de 141m² en vente California Parc,2464050.0,"['141 m²', '4 Pièces', '3 Chambres', 'Nouveau']",5,141.0,4.0,3.0,2.306532663316583,Nouveau,3.0,15
Appartements Casablanca,Californie à Casablanca,33.56170473792227,-7.630379283521052,Appartement de 147m² en vente California Parc,2758050.0,"['147 m²', '4 Pièces', '3 Chambres', 'Nouveau', '3ème étage']",6,147.0,4.0,3.0,2.306532663316583,Nouveau,3.0,15
Appartements Casablanca,Californie à Casablanca,33.56170473792227,-7.630379283521052,Appartement de 124m² en vente California Parc,2340600.0,"['124 m²', '4 Pièces', '3 Chambres', 'Nouveau', '1er étage']",6,124.0,4.0,3.0,2.306532663316583,Nouveau,1.0,15
Appartements Casablanca,Californie à Casablanca,33.56170473792227,-7.630379283521052,Appartement de 164m² en vente California Parc,2884800.0,"['164 m²', '4 Pièces', '3 Chambres', 'Nouveau', '1er étage']",6,164.0,4.0,3.0,2.306532663316583,Nouveau,1.0,15
Appartements Casablanca,Californie à Casablanca,33.56170473792227,-7.630379283521052,Appartement au RDC de 106m² en vente California Parc,1911600.0,"['106 m²', '3 Pièces', '2 Chambres', 'Nouveau']",5,106.0,3.0,2.0,2.306532663316583,Nouveau,3.0,15
Appartements Casablanca,Californie à Casablanca,33.56170473792227,-7.630379283521052,Appartement de 148m² en vente California Parc,2735500.0,"['148 m²', '4 Pièces', '3 Chambres', 'Nouveau', '3ème étage']",6,148.0,4.0,3.0,2.306532663316583,Nouveau,3.0,15
Villas & maisons de luxe Casablanca,Longchamps (Hay Al Hanâa) à Casablanca,33.56170473792227,-7.630379283521052,Casablanca quartier longs champs A vendre villa,11700000.0,"['470 m²', '3 Pièces', '5 Chambres', '4 Salles de bains', 'Bon état', '10-20 ans']",6,470.0,3.0,5.0,4.0,Bon état,3.0,15
Appartements Casablanca,Bourgogne Ouest à Casablanca,33.598304662993705,-7.644252777099609,A vendre un très joli appartement de 131m2,2500000.0,"['131 m²', '2 Pièces', '3 Chambres', '2 Salles de bains', 'Bon état', '5-10 ans', '3ème étage']",7,131.0,2.0,3.0,2.0,Bon état,3.0,7
Villas & maisons de luxe Casablanca,Californie à Casablanca,33.56170473792227,-7.630379283521052,A vendre joli villa 434 m2 californie,7500000.0,"['434 m²', '4 Pièces', '4 Chambres', '4 Salles de bains', 'Bon état', '10-20 ans']",6,434.0,4.0,4.0,4.0,Bon état,3.0,15
Villas & maisons de luxe Casablanca,El Manar - El Hank à Casablanca,33.56170473792227,-7.630379283521052,Villa de 490m² a vendre a quartier el manar,10000000.0,"['490 m²', '9 Pièces', '5 Chambres', '5 Salles de bains', 'Bon état', '10-20 ans']",6,490.0,9.0,5.0,5.0,Bon état,3.0,15
Villas & maisons de luxe Casablanca,Ain Diab Extension à Casablanca,33.56170473792227,-7.630379283521052,Villa 395 m² 5 chambres SUD sans vis à vis,7500000.0,"['395 m²', '9 Pièces', '5 Chambres', '2 Salles de bains', 'Bon état', '10-20 ans']",6,395.0,9.0,5.0,2.0,Bon état,3.0,15
Appartements Casablanca,El Manar - El Hank à Casablanca,33.604041673774326,-7.655426859855709,"Appartement de 127m² en vente, Les terrasses d'anfa",4558824.761494253,"['127 m²', '4 Pièces', '3 Chambres', '2 Salles de bains', 'Nouveau']",5,127.0,4.0,3.0,2.0,Nouveau,3.0,15
Appartements Casablanca,Oulfa à Casablanca,33.56170473792227,-7.630379283521052,"Appartement de 110m² en vente, Dans le quartier Farah Cité Essalam EL OULFA",1260000.0,"['110 m²', '4 Pièces', '3 Chambres', '1 Salle de bain', 'Nouveau', ""Moins d'un an""]",6,110.0,4.0,3.0,1.0,Nouveau,3.0,0
Villas & maisons de luxe Casablanca,El Manar - El Hank à Casablanca,33.60689931379632,-7.652578353881836,VENTE VILLA DE 480 m² A AL MANAR,7600000.0,"['480 m²', '1 Pièce', '1 Chambre', '1 Salle de bain', 'À rénover', '20-30 ans']",7,480.0,4.682934712346477,1.0,1.0,À rénover,3.0,25
Villas & maisons de luxe Casablanca,Sidi Maarouf à Casablanca,33.56170473792227,-7.630379283521052,Villa à la vente exceptionnelle A SIDI MAAROUF,6800000.0,"['450 m²', '7 Pièces', '4 Chambres', '4 Salles de bains', 'Nouveau', '1-5 ans']",6,450.0,7.0,4.0,4.0,Nouveau,3.0,3
Appartements Casablanca,Bourgogne Ouest à Casablanca,33.56170473792227,-7.630379283521052,Appartement à vendre à BOURGOGNE,1250000.0,"['80 m²', '3 Pièces', '2 Chambres', '2 Salles de bains', 'Nouveau', '1-5 ans']",6,80.0,3.0,2.0,2.0,Nouveau,3.0,3
Villas & maisons de luxe Casablanca,Californie à Casablanca,33.53595755299843,-7.625627517700195,Splendide villa à vendre à Californie. 5 pièces. Tout confort avec cheminée et climatisation,16000000.0,"['1000 m²', '5 Pièces', '4 Chambres', '3 Salles de bains', 'Bon état']",5,1000.0,5.0,4.0,3.0,Bon état,3.0,15
Appartements Casablanca,Belvédère à Casablanca,33.5895625839363,-7.59678840637207,Vente appartement quartier BELVEDERE,1180000.0,"['102 m²', '4 Pièces', '2 Chambres', '2 Salles de bains', 'Nouveau', '1-5 ans']",6,102.0,4.0,2.0,2.0,Nouveau,3.0,3
Appartements Casablanca,Racine à Casablanca,33.592458238962855,-7.648158073425293,Appartement à vendre avec terrasse quartier Racine,3900000.0,"['217 m²', '6 Pièces', '3 Chambres', '2 Salles de bains', 'Nouveau', '5-10 ans']",6,217.0,6.0,3.0,2.0,Nouveau,3.0,7
Villas & maisons de luxe Casablanca,Californie à Casablanca,33.53766930473835,-7.627870930716028,Somptueuse maison à vendre à Californie. 4 grandes pièces. Piscine et air conditionné,35000000.0,"['2500 m²', '4 Pièces', '4 Chambres', '4 Salles de bains', 'Bon état', '5-10 ans']",6,2500.0,4.0,4.0,4.0,Bon état,3.0,7
Appartements Casablanca,Racine à Casablanca,33.56170473792227,-7.630379283521052,"Appartement à vendre, Racine",2800000.0,"['126 m²', '4 Pièces', '3 Chambres', '2 Salles de bains', 'Bon état', '2ème étage']",6,126.0,4.0,3.0,2.0,Bon état,2.0,15
Villas & maisons de luxe Casablanca,Ain Diab Extension à Casablanca,33.57640223480511,-7.697060108184786,DV. 557: Villa de maitre avec piscine à Aïn Diab:,18000000.0,"['1426 m²', '10 Pièces', '6 Chambres', '6 Salles de bains', 'Bon état', '5-10 ans']",6,1426.0,10.0,6.0,6.0,Bon état,3.0,7
Villas & maisons de luxe Casablanca,Californie à Casablanca,33.52322191659885,-7.630777359008789,DV. 420: Superbe Villa de 1134 m² à Californie:,14000000.0,"['724 m²', '10 Pièces', '6 Chambres', '7 Salles de bains', 'Bon état', '10-20 ans']",6,724.0,10.0,6.0,7.0,Bon état,3.0,15
Appartements Casablanca,Maârif Extension à Casablanca,33.58467371121882,-7.644124031066866,DV. 608: Bel Apt de 114 m² à Bir Anzarane:,1750000.0,"['114 m²', '3 Pièces', '2 Chambres', '2 Salles de bains', 'Bon état', '10-20 ans', '4ème étage']",7,114.0,3.0,2.0,2.0,Bon état,4.0,15
Villas & maisons de luxe Casablanca,Ain Diab Extension à Casablanca,33.5701842185467,-7.70639419555664,Superbe Villa avec piscine à Aïn Diab:,8300000.0,"['478 m²', '8 Pièces', '5 Chambres', '5 Salles de bains', 'Bon état', '5-10 ans']",6,478.0,8.0,5.0,5.0,Bon état,3.0,7
Appartements Casablanca,Palmier à Casablanca,33.581591959344806,-7.631034851074332,DV. 629: Superbe 3 Ch à Palmier:,1900000.0,"['122 m²', '4 Pièces', '3 Chambres', '2 Salles de bains', 'Bon état', '5-10 ans', '5ème étage']",7,122.0,4.0,3.0,2.0,Bon état,5.0,7
Appartements Casablanca,Racine à Casablanca,33.5906726749347,-7.638759613037223,DV. 674: Superbe 3 Ch à Racine:,3600000.0,"['183 m²', '5 Pièces', '4 Chambres', '4 Salles de bains', 'Bon état', '10-20 ans', '4ème étage']",7,183.0,5.0,4.0,4.0,Bon état,4.0,15
Appartements Casablanca,Bourgogne Ouest à Casablanca,33.56170473792227,-7.630379283521052,Appartement à vendre à Bourgogne Ouest. Surface de 83 m²,590000.0,"['83 m²', '2 Pièces', '1 Chambre', '1 Salle de bain', 'Bon état', '20-30 ans', '4ème étage']",7,83.0,2.0,1.0,1.0,Bon état,4.0,25
Appartements Casablanca,Anassi à Casablanca,33.59016530000001,-7.492851700000017,Vente d'un bel appartement à Anassi. 2 pièces confortables. Ascenseur et terrasse.,650000.0,"['75 m²', '2 Pièces', '2 Chambres', '2 Salles de bains', 'Bon état']",5,75.0,2.0,2.0,2.0,Bon état,3.0,15
Appartements Casablanca,Bourgogne Est à Casablanca,33.591064046823725,-7.556705474853516,Beau studio de haut standing à vendre Bourgoune,1000000.0,"['47 m²', '2 Pièces', '1 Chambre', '1 Salle de bain', 'Bon état', '3ème étage']",6,47.0,2.0,1.0,1.0,Bon état,3.0,15
Appartements Casablanca,Gauthier à Casablanca,33.56170473792227,-7.630379283521052,Opportunité à gauthier,2500000.0,"['176 m²', '4 Pièces', '3 Chambres', '2 Salles de bains', 'Nouveau', '3ème étage']",6,176.0,4.0,3.0,2.0,Nouveau,3.0,15
Appartements Casablanca,Californie à Casablanca,33.56170473792227,-7.630379283521052,Appartement au RDC de 123m² en vente California Parc,2210800.0,"['123 m²', '3 Pièces', '2 Chambres', 'Nouveau']",5,123.0,3.0,2.0,2.306532663316583,Nouveau,3.0,15
Appartements Casablanca,Californie à Casablanca,33.56170473792227,-7.630379283521052,Appartement de 125m² en vente California Parc,2292450.0,"['125 m²', '4 Pièces', '3 Chambres', 'Nouveau', '2ème étage']",6,125.0,4.0,3.0,2.306532663316583,Nouveau,2.0,15
Appartements Casablanca,Californie à Casablanca,33.56170473792227,-7.630379283521052,Appartement de 137m² en vente California Parc,2129100.0,"['137 m²', '3 Pièces', '2 Chambres', 'Nouveau', '3ème étage']",6,137.0,3.0,2.0,2.306532663316583,Nouveau,3.0,15
Appartements Casablanca,Californie à Casablanca,33.56170473792227,-7.630379283521052,Appartement de 148m² en vente California Parc,2694800.0,"['148 m²', '4 Pièces', '3 Chambres', 'Nouveau', '2ème étage']",6,148.0,4.0,3.0,2.306532663316583,Nouveau,2.0,15
Appartements Casablanca,Californie à Casablanca,33.56170473792227,-7.630379283521052,Appartement au RDC de 124m² en vente California Parc,2228400.0,"['124 m²', '3 Pièces', '2 Chambres', 'Nouveau']",5,124.0,3.0,2.0,2.306532663316583,Nouveau,3.0,15
Appartements Casablanca,Californie à Casablanca,33.56170473792227,-7.630379283521052,Appartement de 138m² en vente California Parc,2168180.0,"['138 m²', '3 Pièces', '2 Chambres', 'Nouveau', '3ème étage']",6,138.0,3.0,2.0,2.306532663316583,Nouveau,3.0,15
Appartements Casablanca,Californie à Casablanca,33.56170473792227,-7.630379283521052,Appartement de 145m² en vente California Parc,2721750.0,"['145 m²', '4 Pièces', '3 Chambres', 'Nouveau', '1er étage']",6,145.0,4.0,3.0,2.306532663316583,Nouveau,1.0,15
Appartements Casablanca,Californie à Casablanca,33.56170473792227,-7.630379283521052,Appartement de 144m² en vente California Parc,2594400.0,"['144 m²', '4 Pièces', '3 Chambres', 'Nouveau', '1er étage']",6,144.0,4.0,3.0,2.306532663316583,Nouveau,1.0,15
Appartements Casablanca,Palmier à Casablanca,33.56170473792227,-7.630379283521052,"Appartement à vendre, Palmier",3700000.0,"['265 m²', '4 Pièces', '3 Chambres', '2 Salles de bains', 'Bon état']",5,265.0,4.0,3.0,2.0,Bon état,3.0,15
Appartements Casablanca,Oasis à Casablanca,33.56170473792227,-7.630379283521052,Dernier etage ensoleille,2700000.0,"['128 m²', '4 Pièces', '3 Chambres', '2 Salles de bains']",4,128.0,4.0,3.0,2.306532663316583,Bon état,3.0,15
Villas & maisons de luxe Casablanca,Centre Ville à Casablanca,33.56170473792227,-7.630379283521052,Villa art deco proche starbucks anfa,15500000.0,"['890 m²', '4 Chambres', '2 Salles de bains']",4,890.0,4.682934712346477,4.0,2.306532663316583,Bon état,3.0,15
Villas & maisons de luxe Casablanca,Anfa à Casablanca,33.56170473792227,-7.630379283521052,Villa à vendre de 122m2 quartier Anfa,3400000.0,['122 m²'],4,122.0,4.682934712346477,2.9211172498465316,2.306532663316583,Bon état,3.0,15
Appartements Casablanca,Oulfa à Casablanca,33.56170473792227,-7.630379283521052,Votre Appt Haut Standing Dans une résidence100% Piétonne,861000.0,"['82 m²', '3 Pièces', '2 Chambres', '2 Salles de bains', 'Nouveau', '3ème étage']",6,82.0,3.0,2.0,2.0,Nouveau,3.0,15
Appartements Casablanca,Oulfa à Casablanca,33.56170473792227,-7.630379283521052,Appartement acheté Un Salon Meublé OFFERT,600000.0,"['75 m²', '3 Pièces', '2 Chambres', '2 Salles de bains', 'Nouveau', ""Moins d'un an"", '2ème étage']",7,75.0,3.0,2.0,2.0,Nouveau,2.0,0
Appartements Casablanca,Les princesses à Casablanca,33.57504405145796,-7.646653342488548,Appartement en vente aux princesses. 3 belles chambres. Avec garage et ascenseur,2400000.0,"['158 m²', '4 Pièces', '3 Chambres', '3 Salles de bains', 'Bon état', '10-20 ans', '4ème étage']",7,158.0,4.0,3.0,3.0,Bon état,4.0,15
Appartements Casablanca,Racine à Casablanca,33.56170473792227,-7.630379283521052,VENTE APPARTEMENT TRES HAUT STANDING TERRASSE RACINE,6000000.0,"['266 m²', '7 Pièces', '4 Chambres', '4 Salles de bains', 'Nouveau', ""Moins d'un an"", '3ème étage']",7,266.0,7.0,4.0,4.0,Nouveau,3.0,0
Appartements Casablanca,Les princesses à Casablanca,33.56170473792227,-7.630379283521052,Bel appartement en vente quartier les princesse,2000000.0,"['138 m²', '4 Pièces', '3 Chambres', '2 Salles de bains', 'Bon état', '10-20 ans', '4ème étage']",7,138.0,4.0,3.0,2.0,Bon état,4.0,15
Appartements Casablanca,Les Hôpitaux à Casablanca,33.56170473792227,-7.630379283521052,Appartements EN LOCATION haut S sur BD abdelmoumen,2400000.0,"['151 m²', '5 Pièces', '3 Chambres', '2 Salles de bains', 'Nouveau', '1-5 ans', '5ème étage']",7,151.0,5.0,3.0,2.0,Nouveau,5.0,3
Appartements Casablanca,Triangle d'Or à Casablanca,33.586846277644604,-7.637307099920491,Rare. Magnifique et spacieux appartement en vente,4800000.0,"['264 m²', '6 Pièces', '3 Chambres', '3 Salles de bains', 'Nouveau', '1-5 ans', '1er étage']",7,264.0,6.0,3.0,3.0,Nouveau,1.0,3
Appartements Casablanca,Racine à Casablanca,33.592458238962855,-7.648158073425293,Racine vente appartement terrasse 177 m²,4200000.0,"['177 m²', '4 Pièces', '3 Chambres', '2 Salles de bains', 'Bon état']",5,177.0,4.0,3.0,2.0,Bon état,3.0,15
Villas & maisons de luxe Casablanca,Anfa à Casablanca,33.56170473792227,-7.630379283521052,Av villa piscine anfa golf casablanca,4558824.761494253,"['987 m²', '11 Pièces', '4 Chambres', '3 Salles de bains', 'Bon état', '20-30 ans']",6,987.0,11.0,4.0,3.0,Bon état,3.0,25
Villas & maisons de luxe Casablanca,Oasis à Casablanca,33.55702447218315,-7.6348114013671875,Av villa emplacement premium oasis casablanca,11600000.0,"['1058 m²', '12 Pièces', '6 Chambres', '4 Salles de bains', 'Bon état', '10-20 ans']",6,1058.0,12.0,6.0,4.0,Bon état,3.0,15
Appartements Casablanca,Oasis à Casablanca,33.555522417114226,-7.63700008392334,Appartement de 55m² en vente Luxoria Oasis,1264660.0,"['55 m²', '1 Chambre', '1 Salle de bain', '4ème étage']",5,55.0,4.682934712346477,1.0,1.0,Bon état,4.0,15
Appartements Casablanca,Racine à Casablanca,33.592458238962855,-7.648158073425293,Appartement à l'achat à Racine. Surface totale 165 m². Antenne parabolique et Porte blindée,2500000.0,"['165 m²', '4 Pièces', '3 Chambres', '2 Salles de bains', 'Bon état', '3ème étage']",6,165.0,4.0,3.0,2.0,Bon état,3.0,15
Appartements Casablanca,Bourgogne Ouest à Casablanca,33.598304662993705,-7.644252777099609,Appartement bourgogne,2450000.0,"['120 m²', '3 Pièces', '2 Chambres', '1 Salle de bain', 'Nouveau', '3ème étage']",6,120.0,3.0,2.0,1.0,Nouveau,3.0,15
Appartements Casablanca,Gauthier à Casablanca,33.59424563181959,-7.610692977905273,A Vendre appartement à Gauthier,1737300.0,"['98 m²', '3 Pièces', '2 Chambres', '2 Salles de bains', 'Bon état', '10-20 ans', '6ème étage']",7,98.0,3.0,2.0,2.0,Bon état,6.0,15
Appartements Casablanca,Derb Ghalef à Casablanca,33.56170473792227,-7.630379283521052,Bel appartement à vendre,1350000.0,"['101 m²', '3 Pièces', '2 Chambres', '2 Salles de bains', 'Bon état', '1-5 ans', '6ème étage']",7,101.0,3.0,2.0,2.0,Bon état,6.0,3
Appartements Casablanca,La Gironde à Casablanca,33.57708513162621,-7.602968215942383,"Appartement sans vis à vis, orienté sud",1100000.0,"['96 m²', '4 Pièces', '2 Chambres', '2 Salles de bains', 'Bon état', '10-20 ans', '2ème étage']",7,96.0,4.0,2.0,2.0,Bon état,2.0,15
Appartements Casablanca,Aïn Sebaâ à Casablanca,33.56170473792227,-7.630379283521052,Appartement en vente al wifak ain sebaa,320000.0,"['50 m²', '3 Pièces', '2 Chambres', '1 Salle de bain', 'Bon état', '2ème étage']",6,50.0,3.0,2.0,1.0,Bon état,2.0,15
Villas & maisons de luxe Casablanca,Californie à Casablanca,33.53595755299843,-7.625627517700195,Vente Villa 1105m² La Colline,12000000.0,"['1105 m²', '8 Pièces', '4 Chambres', '4 Salles de bains', 'Bon état', '10-20 ans']",6,1105.0,8.0,4.0,4.0,Bon état,3.0,15
Appartements Casablanca,Bourgogne Ouest à Casablanca,33.56170473792227,-7.630379283521052,Vente appartement a bourgogne,4558824.761494253,"['60 m²', '2 Pièces', '1 Chambre', '1 Salle de bain', 'Bon état', '10-20 ans', '7ème étage']",7,60.0,2.0,1.0,1.0,Bon état,7.0,15
Appartements Casablanca,Hay Alhoda à Casablanca,33.56170473792227,-7.630379283521052,Vente appartement,530000.0,"['69 m²', '3 Pièces', '2 Chambres', '1 Salle de bain', 'Bon état', '5-10 ans', '3ème étage']",7,69.0,3.0,2.0,1.0,Bon état,3.0,7
Appartements Casablanca,Maârif Extension à Casablanca,33.56170473792227,-7.630379283521052,Appartement haut standing à vendre,1200000.0,"['83 m²', '3 Pièces', '2 Chambres', '2 Salles de bains', 'Nouveau', ""Moins d'un an"", '2ème étage']",7,83.0,3.0,2.0,2.0,Nouveau,2.0,0
Appartements Casablanca,Californie à Casablanca,33.56170473792227,-7.630379283521052,Appartement de 134m² en vente California Parc,2528950.0,"['134 m²', '4 Pièces', '3 Chambres', 'Nouveau', '3ème étage']",6,134.0,4.0,3.0,2.306532663316583,Nouveau,3.0,15
Appartements Casablanca,Les Hôpitaux à Casablanca,33.56170473792227,-7.630379283521052,Duplex neuf haut standing à Casablanca. Opportunité à saisir,2012500.0,"['129 m²', '3 Pièces', '3 Chambres', '2 Salles de bains', 'Nouveau', ""Moins d'un an"", '5ème étage']",7,129.0,3.0,3.0,2.0,Nouveau,5.0,0
Villas & maisons de luxe Casablanca,Polo à Casablanca,33.55884836108079,-7.617988586425781,♦️Opportunité a saisir villa 3 façades 1434 m2♦️,13500000.0,"['1434 m²', '8 Pièces', '6 Chambres', '4 Salles de bains', 'Bon état', '10-20 ans']",6,1434.0,8.0,6.0,4.0,Bon état,3.0,15
Appartements Casablanca,Oasis à Casablanca,33.56170473792227,-7.630379283521052,Très bel appartement en vente,2850000.0,"['195 m²', '4 Pièces', '3 Chambres', '3 Salles de bains', 'Bon état', '1-5 ans', '1er étage']",7,195.0,4.0,3.0,3.0,Bon état,1.0,3
Villas & maisons de luxe Casablanca,CIL (Hay Salam) à Casablanca,33.56700174635298,-7.652921676635685,SUPERBE opportunité: Triplex a vendre sur CIL,5990000.0,"['361 m²', '7 Pièces', '3 Chambres', '3 Salles de bains', 'Bon état', '5-10 ans']",6,361.0,7.0,3.0,3.0,Bon état,3.0,7
Appartements Casablanca,Racine à Casablanca,33.592458238962855,-7.648158073425293,Penthouse de luxe de 250m² à vendre sur Racine,6000000.0,"['250 m²', '6 Pièces', '3 Chambres', '3 Salles de bains', 'Nouveau', '5ème étage']",6,250.0,6.0,3.0,3.0,Nouveau,5.0,15
Villas & maisons de luxe Casablanca,CIL (Hay Salam) à Casablanca,33.57243690885356,-7.657556533813477,Maison de haut standing à vendre à CIL Hay Salam. Superficie 940 m². Places de stationnement et terrasse,16520000.0,"['944 m²', '9 Pièces', '7 Chambres', '6 Salles de bains', 'Bon état']",5,944.0,9.0,7.0,6.0,Bon état,3.0,15
Appartements Casablanca,Gauthier à Casablanca,33.56170473792227,-7.630379283521052,Superbe appartement à vendre à Gauthier. 2 chambres. Ascenseur et stationnement,2450000.0,"['167 m²', '3 Pièces', '2 Chambres', '3 Salles de bains', 'Bon état', '5-10 ans', '2ème étage']",7,167.0,3.0,2.0,3.0,Bon état,2.0,7
Appartements Casablanca,Oasis à Casablanca,33.555522417114226,-7.63700008392334,Appartement de 56m² en vente Luxoria Oasis,1286380.0,"['56 m²', '1 Chambre', '1 Salle de bain', '5ème étage']",5,56.0,4.682934712346477,1.0,1.0,Bon état,5.0,15
Appartements Casablanca,Oasis à Casablanca,33.555522417114226,-7.63700008392334,Appartement 46m² + 2m² de terrasse en vente Luxoria Oasis,1050660.0,"['47 m²', '1 Chambre', '1 Salle de bain', '3ème étage']",5,47.0,4.682934712346477,1.0,1.0,Bon état,3.0,15
Appartements Casablanca,Oasis à Casablanca,33.555522417114226,-7.63700008392334,Appartement de 41m² en vente Luxoria Oasis,947400.0,"['41 m²', '1 Chambre', '1 Salle de bain', '2ème étage']",5,41.0,4.682934712346477,1.0,1.0,Bon état,2.0,15
Appartements Casablanca,Oasis à Casablanca,33.555522417114226,-7.63700008392334,Appartement de 56m² en vente Luxoria Oasis,1268400.0,"['56 m²', '1 Chambre', '1 Salle de bain', '2ème étage']",5,56.0,4.682934712346477,1.0,1.0,Bon état,2.0,15
Appartements Casablanca,Oasis à Casablanca,33.555522417114226,-7.63700008392334,Appartement 45m² + 33m² de terrasse en vente Luxoria Oasis,1223060.0,"['58 m²', '1 Chambre', '1 Salle de bain', '1er étage']",5,58.0,4.682934712346477,1.0,1.0,Bon état,1.0,15
Appartements Casablanca,Oasis à Casablanca,33.555522417114226,-7.63700008392334,Appartement 47m² + 4m² de terrasse en vente Luxoria Oasis,1039960.0,"['49 m²', '1 Chambre', '1 Salle de bain', '1er étage']",5,49.0,4.682934712346477,1.0,1.0,Bon état,1.0,15
Appartements Casablanca,Oasis à Casablanca,33.555522417114226,-7.63700008392334,Appartement de 55m² en vente Luxoria Oasis,1247000.0,"['55 m²', '1 Chambre', '1 Salle de bain', '1er étage']",5,55.0,4.682934712346477,1.0,1.0,Bon état,1.0,15
Appartements Casablanca,Oasis à Casablanca,33.555522417114226,-7.63700008392334,Appartement 54m² + 8m² de terrasse en vente Luxoria Oasis,1280170.0,"['58 m²', '1 Chambre', '1 Salle de bain', '1er étage']",5,58.0,4.682934712346477,1.0,1.0,Bon état,1.0,15
Appartements Casablanca,Oasis à Casablanca,33.555522417114226,-7.63700008392334,Appartement 42m² + 64m² de terrasse en vente Luxoria Oasis,1317080.0,"['63 m²', '1 Chambre', '1 Salle de bain', '1er étage']",5,63.0,4.682934712346477,1.0,1.0,Bon état,1.0,15
Appartements Casablanca,Oasis à Casablanca,33.555522417114226,-7.63700008392334,Appartement de 42m² en vente Luxoria Oasis,968800.0,"['42 m²', '1 Chambre', '1 Salle de bain', '2ème étage']",5,42.0,4.682934712346477,1.0,1.0,Bon état,2.0,15
Appartements Casablanca,Oasis à Casablanca,33.555522417114226,-7.63700008392334,Appartement 52m² en vente Luxoria Oasis,1154980.0,"['52 m²', '1 Chambre', '1 Salle de bain', '3ème étage']",5,52.0,4.682934712346477,1.0,1.0,Bon état,3.0,15
Appartements Casablanca,Oasis à Casablanca,33.555522417114226,-7.63700008392334,Appartement 35m² + 4m² de terrasse en vente Luxoria Oasis,802415.0,"['37 m²', '1 Chambre', '1 Salle de bain', '3ème étage']",5,37.0,4.682934712346477,1.0,1.0,Bon état,3.0,15
Appartements Casablanca,Oasis à Casablanca,33.555522417114226,-7.63700008392334,Appartement 39m² + 4m² de terrasse en vente Luxoria Oasis,947400.0,"['41 m²', '1 Chambre', '1 Salle de bain']",4,41.0,4.682934712346477,1.0,2.306532663316583,Bon état,3.0,15
Appartements Casablanca,Oasis à Casablanca,33.555522417114226,-7.63700008392334,Appartement 38m² + 3m² terrasse en vente Luxoria Oasis,915300.0,"['40 m²', '1 Chambre', '1 Salle de bain', '3ème étage']",5,40.0,4.682934712346477,1.0,1.0,Bon état,3.0,15
Appartements Casablanca,Casablanca Finance City à Casablanca,33.56170473792227,-7.630379283521052,"Appartement F3 en vente 98m², NEXT HOUSE CASA ANFA",1824000.0,"['98 m²', '3 Pièces', '2 Chambres', '2 Salles de bains', 'Nouveau']",5,98.0,3.0,2.0,2.0,Nouveau,3.0,15
Villas & maisons de luxe Casablanca,Californie à Casablanca,33.5320075462679,-7.616862947014511,Villa à vendre californie zone commerciale,4558824.761494253,"['1250 m²', '15 Pièces', '15 Chambres', '5 Salles de bains', 'Bon état']",5,1250.0,15.0,15.0,5.0,Bon état,3.0,15
Appartements Casablanca,Hay Zobir à Casablanca,33.55065739774895,-7.693630316775255,Bel appartement à vendre,730000.0,"['65 m²', '5 Pièces', '2 Chambres', '1 Salle de bain', 'Bon état', '5-10 ans', '1er étage']",7,65.0,5.0,2.0,1.0,Bon état,1.0,7
Appartements Casablanca,Californie à Casablanca,33.5320075462679,-7.616862947014511,Vente Appartement neuf 104m² Californie,1350000.0,"['104 m²', '3 Pièces', '2 Chambres', '2 Salles de bains', 'Nouveau']",5,104.0,3.0,2.0,2.0,Nouveau,3.0,15
Appartements Casablanca,Palmier à Casablanca,33.56170473792227,-7.630379283521052,"Magnifique appartement à la vente, palmier",1500000.0,"['93 m²', '3 Pièces', '2 Chambres', '2 Salles de bains', 'Nouveau']",5,93.0,3.0,2.0,2.0,Nouveau,3.0,15
Appartements Casablanca,Les princesses à Casablanca,33.56170473792227,-7.630379283521052,Superbe appartement à vendre à Les princesses. Parking et ascenseur,990000.0,"['45 m²', '1 Pièce', '1 Chambre', '1 Salle de bain', 'Nouveau']",6,45.0,4.682934712346477,1.0,1.0,Nouveau,3.0,15
Villas & maisons de luxe Casablanca,Californie à Casablanca,33.53595755299843,-7.625627517700195,Somptueuse Villa 5000m2 à vendre à Californie,44800000.0,"['5000 m²', '12 Pièces', '7 Chambres', '6 Salles de bains', 'À rénover', '20-30 ans']",6,5000.0,12.0,7.0,6.0,À rénover,3.0,25
Appartements Casablanca,Gauthier à Casablanca,33.56170473792227,-7.630379283521052,Appartement a vendre a Gautier avec cour,3500000.0,"['210 m²', '4 Pièces', '3 Chambres', '2 Salles de bains', 'Bon état', '5-10 ans', '1er étage']",7,210.0,4.0,3.0,2.0,Bon état,1.0,7
Appartements Casablanca,Gauthier à Casablanca,33.5889190918421,-7.62867450714111,Appartement 347 m2 dont une terrasse de 209 m2,3800000.0,"['347 m²', '4 Pièces', '3 Chambres', '3 Salles de bains', 'Bon état', '5-10 ans', '6ème étage']",7,347.0,4.0,3.0,3.0,Bon état,6.0,7
Appartements Casablanca,Maârif Extension à Casablanca,33.57987394514173,-7.646827697753906,Appartement 124m² Maarif Extention 1MDH,1000000.0,"['124 m²', '3 Pièces', '2 Chambres', '2 Salles de bains', 'Bon état', '20-30 ans', '4ème étage']",7,124.0,3.0,2.0,2.0,Bon état,4.0,25
Appartements Casablanca,Les Hôpitaux à Casablanca,33.57976970955664,-7.617312669754256,Splendide Appart en Vente à 2 Mars rue de sebta,2900000.0,"['214 m²', '12 Pièces', '3 Chambres', '2 Salles de bains', 'Nouveau', '2ème étage']",6,214.0,12.0,3.0,2.0,Nouveau,2.0,15
Appartements Casablanca,Californie à Casablanca,33.56170473792227,-7.630379283521052,Appartement de 134m² en vente California Parc,2528950.0,"['134 m²', '4 Pièces', '3 Chambres', 'Nouveau', '3ème étage']",6,134.0,4.0,3.0,2.306532663316583,Nouveau,3.0,15
Appartements Casablanca,Les Hôpitaux à Casablanca,33.57797899192462,-7.62000560760498,Duplex neuf haut standing à Casablanca. Opportunité à saisir,2012500.0,"['129 m²', '3 Pièces', '3 Chambres', '2 Salles de bains', 'Nouveau', ""Moins d'un an"", '5ème étage']",7,129.0,3.0,3.0,2.0,Nouveau,5.0,0
Villas & maisons de luxe Casablanca,Polo à Casablanca,33.56170473792227,-7.630379283521052,♦️Opportunité a saisir villa 3 façades 1434 m2♦️,13500000.0,"['1434 m²', '8 Pièces', '6 Chambres', '4 Salles de bains', 'Bon état', '10-20 ans']",6,1434.0,8.0,6.0,4.0,Bon état,3.0,15
Appartements Casablanca,Oasis à Casablanca,33.55702447218315,-7.6348114013671875,Très bel appartement en vente,2850000.0,"['195 m²', '4 Pièces', '3 Chambres', '3 Salles de bains', 'Bon état', '1-5 ans', '1er étage']",7,195.0,4.0,3.0,3.0,Bon état,1.0,3
Villas & maisons de luxe Casablanca,CIL (Hay Salam) à Casablanca,33.56700174635298,-7.652921676635685,SUPERBE opportunité: Triplex a vendre sur CIL,5990000.0,"['361 m²', '7 Pièces', '3 Chambres', '3 Salles de bains', 'Bon état', '5-10 ans']",6,361.0,7.0,3.0,3.0,Bon état,3.0,7
Appartements Casablanca,Racine à Casablanca,33.592458238962855,-7.648158073425293,Penthouse de luxe de 250m² à vendre sur Racine,6000000.0,"['250 m²', '6 Pièces', '3 Chambres', '3 Salles de bains', 'Nouveau', '5ème étage']",6,250.0,6.0,3.0,3.0,Nouveau,5.0,15
Villas & maisons de luxe Casablanca,CIL (Hay Salam) à Casablanca,33.56170473792227,-7.630379283521052,Maison de haut standing à vendre à CIL Hay Salam. Superficie 940 m². Places de stationnement et terrasse,16520000.0,"['944 m²', '9 Pièces', '7 Chambres', '6 Salles de bains', 'Bon état']",5,944.0,9.0,7.0,6.0,Bon état,3.0,15
Appartements Casablanca,Gauthier à Casablanca,33.56170473792227,-7.630379283521052,Superbe appartement à vendre à Gauthier. 2 chambres. Ascenseur et stationnement,2450000.0,"['167 m²', '3 Pièces', '2 Chambres', '3 Salles de bains', 'Bon état', '5-10 ans', '2ème étage']",7,167.0,3.0,2.0,3.0,Bon état,2.0,7
Appartements Casablanca,Oasis à Casablanca,33.555522417114226,-7.63700008392334,Appartement de 56m² en vente Luxoria Oasis,1286380.0,"['56 m²', '1 Chambre', '1 Salle de bain', '5ème étage']",5,56.0,4.682934712346477,1.0,1.0,Bon état,5.0,15
Appartements Casablanca,Oasis à Casablanca,33.555522417114226,-7.63700008392334,Appartement 46m² + 2m² de terrasse en vente Luxoria Oasis,1050660.0,"['47 m²', '1 Chambre', '1 Salle de bain', '3ème étage']",5,47.0,4.682934712346477,1.0,1.0,Bon état,3.0,15
Appartements Casablanca,Oasis à Casablanca,33.555522417114226,-7.63700008392334,Appartement de 41m² en vente Luxoria Oasis,947400.0,"['41 m²', '1 Chambre', '1 Salle de bain', '2ème étage']",5,41.0,4.682934712346477,1.0,1.0,Bon état,2.0,15
Appartements Casablanca,Oasis à Casablanca,33.555522417114226,-7.63700008392334,Appartement de 56m² en vente Luxoria Oasis,1268400.0,"['56 m²', '1 Chambre', '1 Salle de bain', '2ème étage']",5,56.0,4.682934712346477,1.0,1.0,Bon état,2.0,15
Appartements Casablanca,Oasis à Casablanca,33.555522417114226,-7.63700008392334,Appartement 45m² + 33m² de terrasse en vente Luxoria Oasis,1223060.0,"['58 m²', '1 Chambre', '1 Salle de bain', '1er étage']",5,58.0,4.682934712346477,1.0,1.0,Bon état,1.0,15
Appartements Casablanca,Oasis à Casablanca,33.555522417114226,-7.63700008392334,Appartement 47m² + 4m² de terrasse en vente Luxoria Oasis,1039960.0,"['49 m²', '1 Chambre', '1 Salle de bain', '1er étage']",5,49.0,4.682934712346477,1.0,1.0,Bon état,1.0,15
Appartements Casablanca,Oasis à Casablanca,33.555522417114226,-7.63700008392334,Appartement de 55m² en vente Luxoria Oasis,1247000.0,"['55 m²', '1 Chambre', '1 Salle de bain', '1er étage']",5,55.0,4.682934712346477,1.0,1.0,Bon état,1.0,15
Appartements Casablanca,Oasis à Casablanca,33.555522417114226,-7.63700008392334,Appartement 54m² + 8m² de terrasse en vente Luxoria Oasis,1280170.0,"['58 m²', '1 Chambre', '1 Salle de bain', '1er étage']",5,58.0,4.682934712346477,1.0,1.0,Bon état,1.0,15
Appartements Casablanca,Oasis à Casablanca,33.555522417114226,-7.63700008392334,Appartement 42m² + 64m² de terrasse en vente Luxoria Oasis,1317080.0,"['63 m²', '1 Chambre', '1 Salle de bain', '1er étage']",5,63.0,4.682934712346477,1.0,1.0,Bon état,1.0,15
Appartements Casablanca,Oasis à Casablanca,33.555522417114226,-7.63700008392334,Appartement de 42m² en vente Luxoria Oasis,968800.0,"['42 m²', '1 Chambre', '1 Salle de bain', '2ème étage']",5,42.0,4.682934712346477,1.0,1.0,Bon état,2.0,15
Appartements Casablanca,Oasis à Casablanca,33.555522417114226,-7.63700008392334,Appartement 52m² en vente Luxoria Oasis,1154980.0,"['52 m²', '1 Chambre', '1 Salle de bain', '3ème étage']",5,52.0,4.682934712346477,1.0,1.0,Bon état,3.0,15
Appartements Casablanca,Oasis à Casablanca,33.555522417114226,-7.63700008392334,Appartement 35m² + 4m² de terrasse en vente Luxoria Oasis,802415.0,"['37 m²', '1 Chambre', '1 Salle de bain', '3ème étage']",5,37.0,4.682934712346477,1.0,1.0,Bon état,3.0,15
Appartements Casablanca,Oasis à Casablanca,33.555522417114226,-7.63700008392334,Appartement 39m² + 4m² de terrasse en vente Luxoria Oasis,947400.0,"['41 m²', '1 Chambre', '1 Salle de bain']",4,41.0,4.682934712346477,1.0,2.306532663316583,Bon état,3.0,15
Appartements Casablanca,Oasis à Casablanca,33.555522417114226,-7.63700008392334,Appartement 38m² + 3m² terrasse en vente Luxoria Oasis,915300.0,"['40 m²', '1 Chambre', '1 Salle de bain', '3ème étage']",5,40.0,4.682934712346477,1.0,1.0,Bon état,3.0,15
Appartements Casablanca,Casablanca Finance City à Casablanca,33.56170473792227,-7.630379283521052,"Appartement F3 en vente 98m², NEXT HOUSE CASA ANFA",1824000.0,"['98 m²', '3 Pièces', '2 Chambres', '2 Salles de bains', 'Nouveau']",5,98.0,3.0,2.0,2.0,Nouveau,3.0,15
Villas & maisons de luxe Casablanca,Californie à Casablanca,33.5320075462679,-7.616862947014511,Villa à vendre californie zone commerciale,4558824.761494253,"['1250 m²', '15 Pièces', '15 Chambres', '5 Salles de bains', 'Bon état']",5,1250.0,15.0,15.0,5.0,Bon état,3.0,15
Appartements Casablanca,Hay Zobir à Casablanca,33.55065739774895,-7.693630316775255,Bel appartement à vendre,730000.0,"['65 m²', '5 Pièces', '2 Chambres', '1 Salle de bain', 'Bon état', '5-10 ans', '1er étage']",7,65.0,5.0,2.0,1.0,Bon état,1.0,7
Appartements Casablanca,Californie à Casablanca,33.5320075462679,-7.616862947014511,Vente Appartement neuf 104m² Californie,1350000.0,"['104 m²', '3 Pièces', '2 Chambres', '2 Salles de bains', 'Nouveau']",5,104.0,3.0,2.0,2.0,Nouveau,3.0,15
Appartements Casablanca,Palmier à Casablanca,33.56170473792227,-7.630379283521052,"Magnifique appartement à la vente, palmier",1500000.0,"['93 m²', '3 Pièces', '2 Chambres', '2 Salles de bains', 'Nouveau']",5,93.0,3.0,2.0,2.0,Nouveau,3.0,15
Appartements Casablanca,Les princesses à Casablanca,33.57154299116339,-7.636313438415527,Superbe appartement à vendre à Les princesses. Parking et ascenseur,990000.0,"['45 m²', '1 Pièce', '1 Chambre', '1 Salle de bain', 'Nouveau']",6,45.0,4.682934712346477,1.0,1.0,Nouveau,3.0,15
Villas & maisons de luxe Casablanca,Californie à Casablanca,33.56170473792227,-7.630379283521052,Somptueuse Villa 5000m2 à vendre à Californie,44800000.0,"['5000 m²', '12 Pièces', '7 Chambres', '6 Salles de bains', 'À rénover', '20-30 ans']",6,5000.0,12.0,7.0,6.0,À rénover,3.0,25
Appartements Casablanca,Gauthier à Casablanca,33.56170473792227,-7.630379283521052,Appartement a vendre a Gautier avec cour,3500000.0,"['210 m²', '4 Pièces', '3 Chambres', '2 Salles de bains', 'Bon état', '5-10 ans', '1er étage']",7,210.0,4.0,3.0,2.0,Bon état,1.0,7
Appartements Casablanca,Gauthier à Casablanca,33.5889190918421,-7.62867450714111,Appartement 347 m2 dont une terrasse de 209 m2,3800000.0,"['347 m²', '4 Pièces', '3 Chambres', '3 Salles de bains', 'Bon état', '5-10 ans', '6ème étage']",7,347.0,4.0,3.0,3.0,Bon état,6.0,7
Appartements Casablanca,Maârif Extension à Casablanca,33.57987394514173,-7.646827697753906,Appartement 124m² Maarif Extention 1MDH,1000000.0,"['124 m²', '3 Pièces', '2 Chambres', '2 Salles de bains', 'Bon état', '20-30 ans', '4ème étage']",7,124.0,3.0,2.0,2.0,Bon état,4.0,25
Appartements Casablanca,Les Hôpitaux à Casablanca,33.57976970955664,-7.617312669754256,Splendide Appart en Vente à 2 Mars rue de sebta,2900000.0,"['214 m²', '12 Pièces', '3 Chambres', '2 Salles de bains', 'Nouveau', '2ème étage']",6,214.0,12.0,3.0,2.0,Nouveau,2.0,15
Appartements Casablanca,Palmier à Casablanca,33.56170473792227,-7.630379283521052,Apoartement à la vente en étage élevé palmier,3500000.0,"['262 m²', '4 Pièces', '3 Chambres', '3 Salles de bains', 'Bon état', '5-10 ans', '6ème étage']",7,262.0,4.0,3.0,3.0,Bon état,6.0,7
Appartements Casablanca,Gauthier à Casablanca,33.56170473792227,-7.630379283521052,Appartement 4 chambres à Gauthier àla vente,3300000.0,"['198 m²', '6 Pièces', '4 Chambres', '3 Salles de bains', 'Nouveau', '5-10 ans', '6ème étage']",7,198.0,6.0,4.0,3.0,Nouveau,6.0,7
Appartements Casablanca,Val Fleury à Casablanca,33.57519011717882,-7.636785507202148,Vente appartement 124m² val fleuri,2000000.0,"['124 m²', '5 Pièces', '3 Chambres', '2 Salles de bains', 'Nouveau']",5,124.0,5.0,3.0,2.0,Nouveau,3.0,15
Villas & maisons de luxe Casablanca,Ain Diab à Casablanca,33.56170473792227,-7.630379283521052,Maison de luxe à vendre à Casablanca. 2 pièces. Porte sécurisée et chauffage central,8300000.0,"['477 m²', '2 Pièces', '1 Chambre', '2 Salles de bains', 'Bon état']",5,477.0,2.0,1.0,2.0,Bon état,3.0,15
Appartements Casablanca,Les princesses à Casablanca,33.56170473792227,-7.630379283521052,Appartement de 125m² en vente MAYFAIR RÉSIDENCE,1760000.0,"['125 m²', '3 Pièces', '2 Chambres', '2 Salles de bains', 'Nouveau', ""Moins d'un an""]",6,125.0,3.0,2.0,2.0,Nouveau,3.0,0
Appartements Casablanca,Bourgogne Ouest à Casablanca,33.56170473792227,-7.630379283521052,Duplex en vente à Bourgogne Ouest. Superficie 53 m². Ascenseur,1007000.0,"['53 m²', '2 Pièces', '1 Chambre', '1 Salle de bain', 'Nouveau', '5ème étage']",6,53.0,2.0,1.0,1.0,Nouveau,5.0,15
Villas & maisons de luxe Casablanca,Californie à Casablanca,33.53595755299843,-7.625627517700195,Villa de 5400 m² à vendre à Californie,60000000.0,"['5400 m²', '3 Pièces', '5 Chambres', '5 Salles de bains', 'Bon état']",5,5400.0,3.0,5.0,5.0,Bon état,3.0,15
Villas & maisons de luxe Casablanca,Ain Diab Extension à Casablanca,33.56170473792227,-7.630379283521052,Villa de 1430 m² à vendre à Ain Diab extension,17000000.0,"['1430 m²', '4 Pièces', '4 Chambres', '4 Salles de bains', 'Bon état']",5,1430.0,4.0,4.0,4.0,Bon état,3.0,15
Appartements Casablanca,Les princesses à Casablanca,33.57154299116339,-7.636313438415527,Appartement à vendre au quartier les princesses,2900000.0,"['177 m²', '6 Pièces', '3 Chambres', '2 Salles de bains', 'Nouveau', '1-5 ans']",6,177.0,6.0,3.0,2.0,Nouveau,3.0,3
Appartements Casablanca,Ain Diab à Casablanca,33.58630932470067,-7.671375274658203,"Terrasse vegetalisee de 48m2, vrai bijou",1700000.0,"['148 m²', '2 Chambres', '2 Salles de bains']",4,148.0,4.682934712346477,2.0,2.306532663316583,Bon état,3.0,15
Appartements Casablanca,Casablanca,33.57601248704883,-7.603912353515625,Bon investissemnt locatif moderne meuble princesses,1050000.0,"['59 m²', '1 Chambre', '1 Salle de bain', '7ème étage']",5,59.0,4.682934712346477,1.0,1.0,Bon état,7.0,15
Villas & maisons de luxe Casablanca,CIL (Hay Salam) à Casablanca,33.56170473792227,-7.630379283521052,Villa d'angle au CIL à vendre,8500000.0,"['492 m²', '9 Pièces', '5 Chambres', '4 Salles de bains', 'À rénover', '20-30 ans']",6,492.0,9.0,5.0,4.0,À rénover,3.0,25
Appartements Casablanca,Maârif Extension à Casablanca,33.57987394514173,-7.646827697753906,Appartement à vendre 5eme étage 140 m2 Maarif Exte,2450000.0,"['140 m²', '4 Pièces', '3 Chambres', '2 Salles de bains', 'Bon état', '10-20 ans', '5ème étage']",7,140.0,4.0,3.0,2.0,Bon état,5.0,15
Appartements Casablanca,Californie à Casablanca,33.524709493386695,-7.607078248528126,Appartement Rez-de-jardin de 189m² en vente UTOPIA,1917500.0,"['189 m²', '4 Pièces', '3 Chambres', '2 Salles de bains']",4,189.0,4.0,3.0,2.306532663316583,Bon état,3.0,15
Appartements Casablanca,Californie à Casablanca,33.56170473792227,-7.630379283521052,Appartement de 127m² en vente UTOPIA,1927400.0,"['127 m²', '4 Pièces', '3 Chambres', '2 Salles de bains', '3ème étage']",5,127.0,4.0,3.0,2.0,Bon état,3.0,15
Appartements Casablanca,Californie à Casablanca,33.56170473792227,-7.630379283521052,Appartement de 106m² en vente UTOPIA,1613100.0,"['106 m²', '4 Pièces', '3 Chambres', '2 Salles de bains', '1er étage']",5,106.0,4.0,3.0,2.0,Bon état,1.0,15
Appartements Casablanca,Californie à Casablanca,33.524709493386695,-7.607078248528126,Appartement Rez-de-jardin de 198m² en vente UTOPIA,2060600.0,"['198 m²', '4 Pièces', '3 Chambres', '2 Salles de bains']",4,198.0,4.0,3.0,2.306532663316583,Bon état,3.0,15
Appartements Casablanca,Californie à Casablanca,33.56170473792227,-7.630379283521052,Appartement de 130m² en vente UTOPIA,2021750.0,"['130 m²', '4 Pièces', '3 Chambres', '2 Salles de bains', '2ème étage']",5,130.0,4.0,3.0,2.0,Bon état,2.0,15
Appartements Casablanca,Oulfa à Casablanca,33.550774678460385,-7.697961330413676,Appartement de 117m² en vente Résidence New City,1228500.0,"['117 m²', '4 Pièces', '3 Chambres', '2 Salles de bains', 'Nouveau']",5,117.0,4.0,3.0,2.0,Nouveau,3.0,15
Appartements Casablanca,Maârif à Casablanca,33.56170473792227,-7.630379283521052,Appartement de 142m² en vente Résidence Ô Maarif,2839750.0,"['142 m²', '4 Pièces', '3 Chambres', '2 Salles de bains', 'Nouveau', '5ème étage']",6,142.0,4.0,3.0,2.0,Nouveau,5.0,15
Appartements Casablanca,Casablanca Finance City à Casablanca,33.547117579470296,-7.675495147705078,"Appartement F2 de 65m² en vente Résidence Occitania, Casablanca",1600000.0,"['65 m²', '2 Pièces', '1 Chambre', '1 Salle de bain', 'Nouveau']",5,65.0,2.0,1.0,1.0,Nouveau,3.0,15
Appartements Casablanca,Casablanca Finance City à Casablanca,33.547117579470296,-7.675495147705078,"Appartement F4 de 104m² en vente Résidence Occitania, Casablanca",2180000.0,"['104 m²', '4 Pièces', '3 Chambres', '2 Salles de bains', 'Nouveau']",5,104.0,4.0,3.0,2.0,Nouveau,3.0,15
Appartements Casablanca,Casablanca Finance City à Casablanca,33.547117579470296,-7.675495147705078,"Appartement F3 de 112m² en vente Résidence Occitania, Casablanca",1612120.0,"['112 m²', '3 Pièces', '2 Chambres', '2 Salles de bains', 'Nouveau']",5,112.0,3.0,2.0,2.0,Nouveau,3.0,15
Appartements Casablanca,Beauséjour à Casablanca,33.547117579470296,-7.675495147705078,Appartement à Vendre,1936000.0,"['121 m²', '7 Pièces', '4 Chambres', '2 Salles de bains', 'Bon état', '1-5 ans', '2ème étage']",7,121.0,7.0,4.0,2.0,Bon état,2.0,3
Appartements Casablanca,La Gironde à Casablanca,33.58505803848486,-7.601637840270996,Appartement à vendre à cote de ASAWK SALAM la Giron,1119000.0,"['117 m²', '8 Pièces', '3 Chambres', '2 Salles de bains', 'Bon état', '5-10 ans', '1er étage']",7,117.0,8.0,3.0,2.0,Bon état,1.0,7
Appartements Casablanca,Les Hôpitaux à Casablanca,33.57154299116339,-7.636313438415527,Bel appartement à Vendre à quartier des hôpitaux,2000000.0,"['150 m²', '5 Pièces', '3 Chambres', '2 Salles de bains', 'Bon état', '1er étage']",6,150.0,5.0,3.0,2.0,Bon état,1.0,15
Appartements Casablanca,Racine à Casablanca,33.592458238962855,-7.648158073425293,Magnifique appartement de 210 m² à vendre a Racine,3850000.0,"['210 m²', '4 Pièces', '3 Chambres', '2 Salles de bains', 'Bon état', '3ème étage']",6,210.0,4.0,3.0,2.0,Bon état,3.0,15
Appartements Casablanca,Ain Diab à Casablanca,33.58630932470067,-7.671375274658203,Ain diab vente appartement 208 m² 3 chambres,3500000.0,"['208 m²', '4 Pièces', '2 Chambres', '2 Salles de bains', 'Bon état']",5,208.0,4.0,2.0,2.0,Bon état,3.0,15
Appartements Casablanca,Bourgogne Ouest à Casablanca,33.598304662993705,-7.644252777099609,Top placement locatif,1300000.0,"['52 m²', '2 Pièces', '1 Chambre', '1 Salle de bain', 'Nouveau', ""Moins d'un an"", '5ème étage']",7,52.0,2.0,1.0,1.0,Nouveau,5.0,0
Appartements Casablanca,Gauthier à Casablanca,33.58891909184207,-7.628674507141113,"GAUTHIER, Très joli studio meublé à VENDRE VACL. 9091",1750000.0,"['98 m²', '2 Pièces', '1 Chambre', '1 Salle de bain', 'Bon état', '1-5 ans', '3ème étage']",7,98.0,2.0,1.0,1.0,Bon état,3.0,3
Appartements Casablanca,Foncière à Casablanca,33.58831357927294,-7.604577541351233,"Appartement spacieux, ensoleillé et sans vis à vis",2500000.0,"['172 m²', '8 Pièces', '4 Chambres', '3 Salles de bains', 'Bon état', '5-10 ans', '2ème étage']",7,172.0,8.0,4.0,3.0,Bon état,2.0,7
Appartements Casablanca,Californie à Casablanca,33.56170473792227,-7.630379283521052,"Appartement au RDC de 139m² en vente, Le Prestige Californie",1790320.0,"['139 m²', '3 Pièces', '2 Chambres', '2 Salles de bains', 'Nouveau']",5,139.0,3.0,2.0,2.0,Nouveau,3.0,15
Appartements Casablanca,Californie à Casablanca,33.56170473792227,-7.630379283521052,"Appartement de 104m² en vente, Le Prestige Californie",1630720.0,"['104 m²', '3 Pièces', '2 Chambres', '2 Salles de bains', 'Nouveau', '4ème étage']",6,104.0,3.0,2.0,2.0,Nouveau,4.0,15
Villas & maisons de luxe Casablanca,Anfa Supérieur à Casablanca,33.588597343995104,-7.66047477722168,Villa de 1000 m² à vendre à Anfa Supérieur,25000000.0,"['1000 m²', '7 Pièces', '4 Chambres', '3 Salles de bains', 'Bon état']",5,1000.0,7.0,4.0,3.0,Bon état,3.0,15
Appartements Casablanca,Californie à Casablanca,33.538935329089206,-7.613502464864297,"Appartement au RDC de 88m² en vente, Le Prestige Californie",1429120.0,"['88 m²', '4 Pièces', '3 Chambres', '2 Salles de bains', 'Nouveau']",5,88.0,4.0,3.0,2.0,Nouveau,3.0,15
Appartements Casablanca,Aïn Sebaâ à Casablanca,33.56170473792227,-7.630379283521052,Appartement au RDC de 86m² en vente Les jardins de Ain Sebaa,915800.0,"['86 m²', '3 Pièces', '2 Chambres', '2 Salles de bains', 'Nouveau']",5,86.0,3.0,2.0,2.0,Nouveau,3.0,15
Villas & maisons de luxe Casablanca,Ain Diab à Casablanca,33.58630932470067,-7.671375274658203,Vente villa moderne quartier Ain Diab Casablanca,13500000.0,"['767 m²', '7 Pièces', '4 Chambres', '3 Salles de bains', 'Bon état']",5,767.0,7.0,4.0,3.0,Bon état,3.0,15
Appartements Casablanca,Bourgogne Ouest à Casablanca,33.598304662993705,-7.644252777099609,OPPORTUNITÉ appartment à vendre au dernier étage,1200000.0,"['95 m²', '3 Pièces', '2 Chambres', '1 Salle de bain', 'Bon état', '10-20 ans', '7ème étage']",7,95.0,3.0,2.0,1.0,Bon état,7.0,15
Appartements Casablanca,Bourgogne Est à Casablanca,33.591064046823725,-7.556705474853516,"Appartement a vendre moderne à Bd Anfa, Bourgogne",2600000.0,"['162 m²', '4 Pièces', '3 Chambres', '3 Salles de bains', 'Nouveau', '1-5 ans', '3ème étage']",7,162.0,4.0,3.0,3.0,Nouveau,3.0,3
Villas & maisons de luxe Casablanca,Ain Diab à Casablanca,33.56170473792227,-7.630379283521052,"Villa a vendre Ain Diab, Sindi Bad",7100000.0,"['382 m²', '6 Pièces', '4 Chambres', '4 Salles de bains', 'Bon état', '20-30 ans']",6,382.0,6.0,4.0,4.0,Bon état,3.0,25
Appartements Casablanca,Triangle d'Or à Casablanca,33.56170473792227,-7.630379283521052,Appartement a vendre Triangle d'Or,4200000.0,"['299 m²', '4 Pièces', '3 Chambres', '3 Salles de bains', 'Nouveau', '5-10 ans', '1er étage']",7,299.0,4.0,3.0,3.0,Nouveau,1.0,7
Appartements Casablanca,Ain Borja à Casablanca,33.56170473792227,-7.630379283521052,"Appartement de 99m² en vente, Les Jardins de Belvédère",4558824.761494253,"['99 m²', '4 Pièces', '3 Chambres', '2 Salles de bains', 'Nouveau', '3ème étage']",6,99.0,4.0,3.0,2.0,Nouveau,3.0,15
Appartements Casablanca,Casablanca Finance City à Casablanca,33.5592358768252,-7.65225006860351,"Appartement F2 de 59m² en vente, Ryad' Anfa",1250000.0,"['59 m²', '1 Chambre', '1 Salle de bain']",4,59.0,4.682934712346477,1.0,2.306532663316583,Bon état,3.0,15
Appartements Casablanca,Casablanca Finance City à Casablanca,33.56170473792227,-7.630379283521052,"Appartement F2 de 59m² en vente, Ryad' Anfa",1250000.0,"['59 m²', '2 Pièces', '1 Chambre', '1 Salle de bain', 'Nouveau']",5,59.0,2.0,1.0,1.0,Nouveau,3.0,15
Appartements Casablanca,Casablanca Finance City à Casablanca,33.56170473792227,-7.630379283521052,"Appartement F4 de 124m² en vente, Ryad' Anfa",2200000.0,"['124 m²', '4 Pièces', '3 Chambres', '2 Salles de bains', 'Nouveau']",5,124.0,4.0,3.0,2.0,Nouveau,3.0,15
Appartements Casablanca,Californie à Casablanca,33.56170473792227,-7.630379283521052,Appartement en RDC de 137m² 3 chambres salon à Jnane Californie,2124000.0,"['137 m²', '4 Pièces', '3 Chambres', '2 Salles de bains']",4,137.0,4.0,3.0,2.306532663316583,Bon état,3.0,15
Appartements Casablanca,Maârif Extension à Casablanca,33.57987841432208,-7.641613483429069,Appartement de 101m² en vente Résidence Diaz,1868000.0,"['101 m²', '3 Pièces', '2 Chambres', '1 Salle de bain', '5ème étage']",5,101.0,3.0,2.0,1.0,Bon état,5.0,15
Appartements Casablanca,Maârif Extension à Casablanca,33.57987841432208,-7.641613483429069,Appartement de 57m² en vente Résidence Diaz,1076000.0,"['57 m²', '2 Pièces', '1 Chambre', '1 Salle de bain', '5ème étage']",5,57.0,2.0,1.0,1.0,Bon état,5.0,15
Appartements Casablanca,Maârif Extension à Casablanca,33.57987841432208,-7.641613483429069,Appartement de 74m² en vente Résidence Diaz,1382000.0,"['74 m²', '3 Pièces', '2 Chambres', '1 Salle de bain', '4ème étage']",5,74.0,3.0,2.0,1.0,Bon état,4.0,15
Appartements Casablanca,Maârif Extension à Casablanca,33.57987841432208,-7.641613483429069,Appartement de 45m² en vente Résidence Diaz,860000.0,"['45 m²', '1 Chambre', '1 Salle de bain', 'Nouveau', '3ème étage']",6,45.0,4.682934712346477,1.0,1.0,Nouveau,3.0,15
Appartements Casablanca,Maârif Extension à Casablanca,33.57987841432208,-7.641613483429069,Appartement de 45m² en vente Résidence Diaz,860000.0,"['45 m²', '1 Chambre', '1 Salle de bain', 'Nouveau', '2ème étage']",6,45.0,4.682934712346477,1.0,1.0,Nouveau,2.0,15
Appartements Casablanca,Maârif Extension à Casablanca,33.57987841432208,-7.641613483429069,Appartement de 57m² en vente Résidence Diaz,1076000.0,"['57 m²', '2 Pièces', '1 Chambre', '1 Salle de bain', 'Nouveau', '2ème étage']",6,57.0,2.0,1.0,1.0,Nouveau,2.0,15
Appartements Casablanca,Maârif Extension à Casablanca,33.57987841432208,-7.641613483429069,Appartement de 47m² en vente Résidence Diaz,896000.0,"['47 m²', '2 Pièces', '1 Chambre', '1 Salle de bain', '1er étage']",5,47.0,2.0,1.0,1.0,Bon état,1.0,15
Appartements Casablanca,Maârif Extension à Casablanca,33.57987841432208,-7.641613483429069,Appartement au RDC de 91m² en vente Résidence Diaz,1597000.0,"['91 m²', '3 Pièces', '2 Chambres', '1 Salle de bain']",4,91.0,3.0,2.0,2.306532663316583,Bon état,3.0,15
Villas & maisons de luxe Casablanca,Californie à Casablanca,33.56170473792227,-7.630379283521052,Villa de 648 m2 Moderne BONNE AFFAIRE,8700000.0,"['648 m²', '8 Pièces', '4 Chambres', '4 Salles de bains', 'Nouveau', '5-10 ans']",6,648.0,8.0,4.0,4.0,Nouveau,3.0,7
Villas & maisons de luxe Casablanca,Longchamps (Hay Al Hanâa) à Casablanca,33.56170473792227,-7.630379283521052,Villa 975m² au Beau Côté de Longchamps,14000000.0,"['975 m²', '7 Pièces', '4 Chambres', '3 Salles de bains', 'Bon état', '10-20 ans']",6,975.0,7.0,4.0,3.0,Bon état,3.0,15
Appartements Casablanca,Aïn Sebaâ à Casablanca,33.56170473792227,-7.630379283521052,Appartement de 71m² en vente Les Jardins de Ain Sebaa,797865.0,"['71 m²', '3 Pièces', '2 Chambres', '2 Salles de bains', 'Nouveau', '2ème étage']",6,71.0,3.0,2.0,2.0,Nouveau,2.0,15
Appartements Casablanca,Aïn Sebaâ à Casablanca,33.56170473792227,-7.630379283521052,Appartement de 76m² en vente Les Jardins de Ain Sebaa,891080.0,"['76 m²', '3 Pièces', '2 Chambres', '2 Salles de bains', 'Nouveau', '3ème étage']",6,76.0,3.0,2.0,2.0,Nouveau,3.0,15
Appartements Casablanca,Aïn Sebaâ à Casablanca,33.56170473792227,-7.630379283521052,Appartement au RDC de 68m² en vente Les jardins de Ain Sebaa,716392.0,"['68 m²', '3 Pièces', '2 Chambres', '2 Salles de bains', 'Nouveau']",5,68.0,3.0,2.0,2.0,Nouveau,3.0,15
Appartements Casablanca,Aïn Sebaâ à Casablanca,33.56170473792227,-7.630379283521052,Appartement de 87m² en vente Les jardins de Ain Sebaa,970905.0,"['87 m²', '4 Pièces', '3 Chambres', '2 Salles de bains', 'Nouveau', '1er étage']",6,87.0,4.0,3.0,2.0,Nouveau,1.0,15
Villas & maisons de luxe Casablanca,Hermitage à Casablanca,33.56170473792227,-7.630379283521052,Vends Villa Zone immeuble,4558824.761494253,['303 m²'],4,303.0,4.682934712346477,2.9211172498465316,2.306532663316583,Bon état,3.0,15
Appartements Casablanca,Gauthier à Casablanca,33.59154665434491,-7.631464004516602,Studio en plein coeur de Gauthier,1250000.0,"['45 m²', '2 Pièces', '1 Chambre', '1 Salle de bain', 'Bon état', '3ème étage']",6,45.0,2.0,1.0,1.0,Bon état,3.0,15
Appartements Casablanca,Racine à Casablanca,33.592458238962855,-7.648158073425293,Superbe appartement à vendre à Racine. Surface de 248 m²,450000.0,"['248 m²', '6 Pièces', '4 Chambres', '3 Salles de bains', 'Bon état', '10-20 ans', '2ème étage']",7,248.0,6.0,4.0,3.0,Bon état,2.0,15
Villas & maisons de luxe Casablanca,Californie à Casablanca,33.52823,-7.62108,Villa 434 m2 a vendre Résidence fermée Californie,7500000.0,"['434 m²', '7 Pièces', '5 Chambres', '4 Salles de bains']",4,434.0,7.0,5.0,2.306532663316583,Bon état,3.0,15
Appartements Casablanca,Triangle d'Or à Casablanca,33.56170473792227,-7.630379283521052,Appartement à triangle d'or avec deux terrasses,3700000.0,"['274 m²', '4 Pièces', '4 Chambres', '4 Salles de bains', 'Bon état']",5,274.0,4.0,4.0,4.0,Bon état,3.0,15
Appartements Casablanca,Oasis à Casablanca,33.55702447218315,-7.6348114013671875,Vendre studio F2 62 m2 Etg 3 Oasis Casablanca,1370000.0,"['62 m²', '2 Pièces', '1 Chambre', '1 Salle de bain', 'Nouveau', ""Moins d'un an"", '3ème étage']",7,62.0,2.0,1.0,1.0,Nouveau,3.0,0
Villas & maisons de luxe Casablanca,El Manar - El Hank à Casablanca,33.60689931379632,-7.652578353881836,Villa commerciale ou habitation a vendre sur l'avenue de Nice,9500000.0,"['450 m²', '6 Pièces', '4 Chambres', '4 Salles de bains', 'Bon état', '20-30 ans']",6,450.0,6.0,4.0,4.0,Bon état,3.0,25
Villas & maisons de luxe Casablanca,Californie à Casablanca,33.53595755299843,-7.625627517700195,Villa a vendre Californie style provençale 1000 m2,14000000.0,"['1001 m²', '7 Pièces', '5 Chambres', '5 Salles de bains', 'Bon état']",5,1001.0,7.0,5.0,5.0,Bon état,3.0,15
Appartements Casablanca,Les princesses à Casablanca,33.57154299116339,-7.636313438415527,♥️Appartement de charme double facade ♥️,1760800.0,"['89 m²', '3 Pièces', '2 Chambres', '2 Salles de bains', 'Nouveau', ""Moins d'un an"", '2ème étage']",7,89.0,3.0,2.0,2.0,Nouveau,2.0,0
Appartements Casablanca,Maârif Extension à Casablanca,33.57987394514173,-7.646827697753906,♥️Sublime appartement moderne avec terrasse ♥️,1550000.0,"['89 m²', '3 Pièces', '2 Chambres', '2 Salles de bains', 'Bon état', '1-5 ans', '3ème étage']",7,89.0,3.0,2.0,2.0,Bon état,3.0,3
Appartements Casablanca,Racine à Casablanca,33.586260720903084,-7.642062921077013,Appartement en vente à Racine 111 m²,2000000.0,"['111 m²', '4 Pièces', '3 Chambres', '2 Salles de bains', 'Bon état', '10-20 ans', '4ème étage']",7,111.0,4.0,3.0,2.0,Bon état,4.0,15
Appartements Casablanca,Mers Sultan à Casablanca,33.57651394758648,-7.614860323193938,"Appartement haut standing 115m2 à 2Mars, 3 chambres",1650000.0,"['115 m²', '4 Pièces', '3 Chambres', '1 Salle de bain', 'Bon état', '10-20 ans', '3ème étage']",7,115.0,4.0,3.0,1.0,Bon état,3.0,15
Appartements Casablanca,Gauthier à Casablanca,33.589822978119294,-7.63016716220443,Appartement haut standing vue dégagée 155m2 à Gauthier,3300000.0,"['155 m²', '4 Pièces', '3 Chambres', '2 Salles de bains', 'Bon état', '5-10 ans', '7ème étage']",7,155.0,4.0,3.0,2.0,Bon état,7.0,7
Appartements Casablanca,Palmier à Casablanca,33.56170473792227,-7.630379283521052,Appartement H. S au Palmier 265m2 avec Terrasse,3400000.0,"['265 m²', '4 Pièces', '3 Chambres', '2 Salles de bains', 'Bon état', '10-20 ans', '6ème étage']",7,265.0,4.0,3.0,2.0,Bon état,6.0,15
Villas & maisons de luxe Casablanca,Californie à Casablanca,33.56170473792227,-7.630379283521052,Villa Moderne de 1065 m2 à Californie,15000000.0,"['1065 m²', '8 Pièces', '4 Chambres', '4 Salles de bains', 'Nouveau', '1-5 ans']",6,1065.0,8.0,4.0,4.0,Nouveau,3.0,3
Villas & maisons de luxe Casablanca,Californie à Casablanca,33.53595755299843,-7.625627517700195,Villa de 605 m2 à Californie,8500000.0,"['605 m²', '9 Pièces', '4 Chambres', '3 Salles de bains', 'Nouveau', '5-10 ans']",6,605.0,9.0,4.0,3.0,Nouveau,3.0,7
Villas & maisons de luxe Casablanca,Californie à Casablanca,33.53595755299843,-7.625627517700195,Villa de 728 m2 à Résidence Fermée à Californie,9000000.0,"['728 m²', '9 Pièces', '4 Chambres', '3 Salles de bains', 'Nouveau', '5-10 ans']",6,728.0,9.0,4.0,3.0,Nouveau,3.0,7
Villas & maisons de luxe Casablanca,Californie à Casablanca,33.56170473792227,-7.630379283521052,Villa Moderne de 1100 m2 à Californie,15000000.0,"['1100 m²', '8 Pièces', '4 Chambres', '3 Salles de bains', 'Nouveau', '1-5 ans']",6,1100.0,8.0,4.0,3.0,Nouveau,3.0,3
Villas & maisons de luxe Casablanca,Ain Diab à Casablanca,33.56170473792227,-7.630379283521052,Villa de 380 m2 à démolir à AIN DIAB BONNE AFFAIRE,4700000.0,"['380 m²', '8 Pièces', '4 Chambres', '3 Salles de bains', 'À rénover', '20-30 ans']",6,380.0,8.0,4.0,3.0,À rénover,3.0,25
Villas & maisons de luxe Casablanca,Ain Diab à Casablanca,33.58630932470067,-7.671375274658203,Belle villa de 425 m2 à Ain diab,6800000.0,"['425 m²', '9 Pièces', '4 Chambres', '3 Salles de bains', 'Bon état', '5-10 ans']",6,425.0,9.0,4.0,3.0,Bon état,3.0,7
Villas & maisons de luxe Casablanca,Anfa à Casablanca,33.596175974504256,-7.657470703125,Villa de 890 m2 à ANFA BONNE AFFAIRE,11700000.0,"['890 m²', '9 Pièces', '4 Chambres', '3 Salles de bains', 'À rénover', '10-20 ans']",6,890.0,9.0,4.0,3.0,À rénover,3.0,15
Villas & maisons de luxe Casablanca,Ain Diab à Casablanca,33.58630932470067,-7.671375274658203,Villa Moderne de 518 m2 à Résidence ANAFE AIN DIAB,9500000.0,"['518 m²', '6 Pièces', '4 Chambres', '3 Salles de bains', 'Bon état', '5-10 ans']",6,518.0,6.0,4.0,3.0,Bon état,3.0,7
Villas & maisons de luxe Casablanca,Longchamps (Hay Al Hanâa) à Casablanca,33.56170473792227,-7.630379283521052,Villa de 1400 m2 à Longchamps,17000000.0,"['1400 m²', '10 Pièces', '4 Chambres', '3 Salles de bains', 'Bon état', '10-20 ans']",6,1400.0,10.0,4.0,3.0,Bon état,3.0,15
Villas & maisons de luxe Casablanca,Longchamps (Hay Al Hanâa) à Casablanca,33.57751418572474,-7.664079666137695,Villa de 618 m2 à longchamps,10000000.0,"['618 m²', '9 Pièces', '5 Chambres', '3 Salles de bains', 'À rénover', '10-20 ans']",6,618.0,9.0,5.0,3.0,À rénover,3.0,15
Villas & maisons de luxe Casablanca,Ain Diab à Casablanca,33.58630932470067,-7.671375274658203,Villa de 370 m2 dans Résidence sécurisée Ain Diab,6500000.0,"['370 m²', '7 Pièces', '4 Chambres', '3 Salles de bains', 'Bon état', '5-10 ans']",6,370.0,7.0,4.0,3.0,Bon état,3.0,7
Villas & maisons de luxe Casablanca,Ain Diab à Casablanca,33.58630932470067,-7.671375274658203,Villa de 450 m2 dans Résidence sécurisée Ain diab,7000000.0,"['450 m²', '7 Pièces', '4 Chambres', '3 Salles de bains', 'Nouveau', '5-10 ans']",6,450.0,7.0,4.0,3.0,Nouveau,3.0,7
Villas & maisons de luxe Casablanca,Anfa à Casablanca,33.56170473792227,-7.630379283521052,Villa de 619 m2 à ZOM ANFA,12000000.0,"['619 m²', '8 Pièces', '4 Chambres', '3 Salles de bains', 'À rénover', '10-20 ans']",6,619.0,8.0,4.0,3.0,À rénover,3.0,15
Villas & maisons de luxe Casablanca,Anfa à Casablanca,33.56170473792227,-7.630379283521052,Villa de 590 m2 à PARANFA,10000000.0,"['590 m²', '8 Pièces', '4 Chambres', '3 Salles de bains', 'À rénover', '10-20 ans']",6,590.0,8.0,4.0,3.0,À rénover,3.0,15
Villas & maisons de luxe Casablanca,Anfa à Casablanca,33.56170473792227,-7.630379283521052,Villa de 725 m2 à CHANTILLY,12000000.0,"['725 m²', '8 Pièces', '4 Chambres', '3 Salles de bains', 'Bon état', '10-20 ans']",6,725.0,8.0,4.0,3.0,Bon état,3.0,15
Appartements Casablanca,Oasis à Casablanca,33.56170473792227,-7.630379283521052,Vendre studio F2 62 m2 Etg 3 Oasis Casablanca,1370000.0,"['62 m²', '2 Pièces', '1 Chambre', '1 Salle de bain', 'Nouveau', ""Moins d'un an"", '3ème étage']",7,62.0,2.0,1.0,1.0,Nouveau,3.0,0
Appartements Casablanca,Oulfa à Casablanca,33.56170473792227,-7.630379283521052,Vente d'un bel appartement à Oulfa. 1 Pièce. Résidence avec piscine,4558824.761494253,"['52 m²', '3 Pièces', '2 Chambres', '1 Salle de bain', 'Nouveau', '1-5 ans', '4ème étage']",7,52.0,3.0,2.0,1.0,Nouveau,4.0,3
Appartements Casablanca,Maârif à Casablanca,33.56170473792227,-7.630379283521052,Beau studio à vendre au cœur du Maarif,950000.0,"['55 m²', '2 Pièces', '1 Chambre', '1 Salle de bain', 'Bon état', '3ème étage']",6,55.0,2.0,1.0,1.0,Bon état,3.0,15
Appartements Casablanca,Benjdia à Casablanca,33.58536689099738,-7.612772444372496,Appartement à l'achat à Benjdia. 3 belles chambres. Porte sécurisée et chauffage central,1690000.0,"['124 m²', '4 Pièces', '3 Chambres', '2 Salles de bains', 'Bon état', '5-10 ans', '2ème étage']",7,124.0,4.0,3.0,2.0,Bon état,2.0,7
Appartements Casablanca,Racine à Casablanca,33.56170473792227,-7.630379283521052,Appartement à vendre meuble haut standing,2800000.0,"['120 m²', '4 Pièces', '2 Chambres', '2 Salles de bains', 'Nouveau', '5-10 ans']",6,120.0,4.0,2.0,2.0,Nouveau,3.0,7
Appartements Casablanca,Oasis à Casablanca,33.56170473792227,-7.630379283521052,Vendre studio F2 46 m2 Etage 3 Oasis Casablanca,1050000.0,"['46 m²', '2 Pièces', '1 Chambre', '1 Salle de bain', 'Nouveau', ""Moins d'un an"", '3ème étage']",7,46.0,2.0,1.0,1.0,Nouveau,3.0,0
Maisons Casablanca,Ain Chock à Casablanca,33.54340952071257,-7.6012846770560145,Très belle maison a vendre,4000000.0,"['100 m²', '7 Pièces', '6 Chambres', '4 Salles de bains', 'Bon état', '20-30 ans']",6,100.0,7.0,6.0,4.0,Bon état,3.0,25
Appartements Casablanca,Val Fleury à Casablanca,33.57495651248049,-7.63714105621321,Appartement haut standing 170m2 à Val fleuri,2450000.0,"['170 m²', '4 Pièces', '3 Chambres', '2 Salles de bains', 'Bon état', '5-10 ans', '5ème étage']",7,170.0,4.0,3.0,2.0,Bon état,5.0,7
Appartements Casablanca,Burger à Casablanca,33.57407275425759,-7.640755176544133,Vente d’un appartement de 137 m² à Maarif Ext,1750000.0,"['137 m²', '5 Pièces', '3 Chambres', '2 Salles de bains', 'Bon état', '20-30 ans', '3ème étage']",7,137.0,5.0,3.0,2.0,Bon état,3.0,25
Appartements Casablanca,Plateau (Al Batha) à Casablanca,33.57101438795921,-7.639950827636341,Vente d'un appartement à Val Fleuri,1750000.0,"['117 m²', '5 Pièces', '3 Chambres', '2 Salles de bains', 'Bon état', '10-20 ans', '4ème étage']",7,117.0,5.0,3.0,2.0,Bon état,4.0,15
Villas & maisons de luxe Casablanca,El Manar - El Hank à Casablanca,33.60689931379632,-7.652578353881836,Villa commerciale ou habitation a vendre sur l'avenue de Nice,9500000.0,"['450 m²', '6 Pièces', '4 Chambres', '4 Salles de bains', 'Bon état', '20-30 ans']",6,450.0,6.0,4.0,4.0,Bon état,3.0,25
Villas & maisons de luxe Casablanca,Californie à Casablanca,33.56170473792227,-7.630379283521052,Villa a vendre Californie style provençale 1000 m2,14000000.0,"['1001 m²', '7 Pièces', '5 Chambres', '5 Salles de bains', 'Bon état']",5,1001.0,7.0,5.0,5.0,Bon état,3.0,15
Appartements Casablanca,Les princesses à Casablanca,33.57154299116339,-7.636313438415527,♥️Appartement de charme double facade ♥️,1760800.0,"['89 m²', '3 Pièces', '2 Chambres', '2 Salles de bains', 'Nouveau', ""Moins d'un an"", '2ème étage']",7,89.0,3.0,2.0,2.0,Nouveau,2.0,0
Appartements Casablanca,Maârif Extension à Casablanca,33.56170473792227,-7.630379283521052,♥️Sublime appartement moderne avec terrasse ♥️,1550000.0,"['89 m²', '3 Pièces', '2 Chambres', '2 Salles de bains', 'Bon état', '1-5 ans', '3ème étage']",7,89.0,3.0,2.0,2.0,Bon état,3.0,3
Appartements Casablanca,Racine à Casablanca,33.586260720903084,-7.642062921077013,Appartement en vente à Racine 111 m²,2000000.0,"['111 m²', '4 Pièces', '3 Chambres', '2 Salles de bains', 'Bon état', '10-20 ans', '4ème étage']",7,111.0,4.0,3.0,2.0,Bon état,4.0,15
Appartements Casablanca,Mers Sultan à Casablanca,33.57651394758648,-7.614860323193938,"Appartement haut standing 115m2 à 2Mars, 3 chambres",1650000.0,"['115 m²', '4 Pièces', '3 Chambres', '1 Salle de bain', 'Bon état', '10-20 ans', '3ème étage']",7,115.0,4.0,3.0,1.0,Bon état,3.0,15
Appartements Casablanca,Gauthier à Casablanca,33.589822978119294,-7.63016716220443,Appartement haut standing vue dégagée 155m2 à Gauthier,3300000.0,"['155 m²', '4 Pièces', '3 Chambres', '2 Salles de bains', 'Bon état', '5-10 ans', '7ème étage']",7,155.0,4.0,3.0,2.0,Bon état,7.0,7
Appartements Casablanca,Palmier à Casablanca,33.56170473792227,-7.630379283521052,Appartement H. S au Palmier 265m2 avec Terrasse,3400000.0,"['265 m²', '4 Pièces', '3 Chambres', '2 Salles de bains', 'Bon état', '10-20 ans', '6ème étage']",7,265.0,4.0,3.0,2.0,Bon état,6.0,15
Villas & maisons de luxe Casablanca,Californie à Casablanca,33.56170473792227,-7.630379283521052,Villa Moderne de 1065 m2 à Californie,15000000.0,"['1065 m²', '8 Pièces', '4 Chambres', '4 Salles de bains', 'Nouveau', '1-5 ans']",6,1065.0,8.0,4.0,4.0,Nouveau,3.0,3
Villas & maisons de luxe Casablanca,Californie à Casablanca,33.56170473792227,-7.630379283521052,Villa de 605 m2 à Californie,8500000.0,"['605 m²', '9 Pièces', '4 Chambres', '3 Salles de bains', 'Nouveau', '5-10 ans']",6,605.0,9.0,4.0,3.0,Nouveau,3.0,7
Villas & maisons de luxe Casablanca,Californie à Casablanca,33.56170473792227,-7.630379283521052,Villa de 728 m2 à Résidence Fermée à Californie,9000000.0,"['728 m²', '9 Pièces', '4 Chambres', '3 Salles de bains', 'Nouveau', '5-10 ans']",6,728.0,9.0,4.0,3.0,Nouveau,3.0,7
Villas & maisons de luxe Casablanca,Californie à Casablanca,33.56170473792227,-7.630379283521052,Villa Moderne de 1100 m2 à Californie,15000000.0,"['1100 m²', '8 Pièces', '4 Chambres', '3 Salles de bains', 'Nouveau', '1-5 ans']",6,1100.0,8.0,4.0,3.0,Nouveau,3.0,3
Villas & maisons de luxe Casablanca,Ain Diab à Casablanca,33.58630932470067,-7.671375274658203,Villa de 380 m2 à démolir à AIN DIAB BONNE AFFAIRE,4700000.0,"['380 m²', '8 Pièces', '4 Chambres', '3 Salles de bains', 'À rénover', '20-30 ans']",6,380.0,8.0,4.0,3.0,À rénover,3.0,25
Villas & maisons de luxe Casablanca,Ain Diab à Casablanca,33.56170473792227,-7.630379283521052,Belle villa de 425 m2 à Ain diab,6800000.0,"['425 m²', '9 Pièces', '4 Chambres', '3 Salles de bains', 'Bon état', '5-10 ans']",6,425.0,9.0,4.0,3.0,Bon état,3.0,7
Villas & maisons de luxe Casablanca,Anfa à Casablanca,33.596175974504256,-7.657470703125,Villa de 890 m2 à ANFA BONNE AFFAIRE,11700000.0,"['890 m²', '9 Pièces', '4 Chambres', '3 Salles de bains', 'À rénover', '10-20 ans']",6,890.0,9.0,4.0,3.0,À rénover,3.0,15
Villas & maisons de luxe Casablanca,Ain Diab à Casablanca,33.58630932470067,-7.671375274658203,Villa Moderne de 518 m2 à Résidence ANAFE AIN DIAB,9500000.0,"['518 m²', '6 Pièces', '4 Chambres', '3 Salles de bains', 'Bon état', '5-10 ans']",6,518.0,6.0,4.0,3.0,Bon état,3.0,7
Villas & maisons de luxe Casablanca,Longchamps (Hay Al Hanâa) à Casablanca,33.56170473792227,-7.630379283521052,Villa de 1400 m2 à Longchamps,17000000.0,"['1400 m²', '10 Pièces', '4 Chambres', '3 Salles de bains', 'Bon état', '10-20 ans']",6,1400.0,10.0,4.0,3.0,Bon état,3.0,15
Villas & maisons de luxe Casablanca,Longchamps (Hay Al Hanâa) à Casablanca,33.57751418572474,-7.664079666137695,Villa de 618 m2 à longchamps,10000000.0,"['618 m²', '9 Pièces', '5 Chambres', '3 Salles de bains', 'À rénover', '10-20 ans']",6,618.0,9.0,5.0,3.0,À rénover,3.0,15
Villas & maisons de luxe Casablanca,Ain Diab à Casablanca,33.58630932470067,-7.671375274658203,Villa de 370 m2 dans Résidence sécurisée Ain Diab,6500000.0,"['370 m²', '7 Pièces', '4 Chambres', '3 Salles de bains', 'Bon état', '5-10 ans']",6,370.0,7.0,4.0,3.0,Bon état,3.0,7
Villas & maisons de luxe Casablanca,Ain Diab à Casablanca,33.58630932470067,-7.671375274658203,Villa de 450 m2 dans Résidence sécurisée Ain diab,7000000.0,"['450 m²', '7 Pièces', '4 Chambres', '3 Salles de bains', 'Nouveau', '5-10 ans']",6,450.0,7.0,4.0,3.0,Nouveau,3.0,7
Villas & maisons de luxe Casablanca,Anfa à Casablanca,33.596175974504256,-7.657470703125,Villa de 619 m2 à ZOM ANFA,12000000.0,"['619 m²', '8 Pièces', '4 Chambres', '3 Salles de bains', 'À rénover', '10-20 ans']",6,619.0,8.0,4.0,3.0,À rénover,3.0,15
Villas & maisons de luxe Casablanca,Anfa à Casablanca,33.56170473792227,-7.630379283521052,Villa de 590 m2 à PARANFA,10000000.0,"['590 m²', '8 Pièces', '4 Chambres', '3 Salles de bains', 'À rénover', '10-20 ans']",6,590.0,8.0,4.0,3.0,À rénover,3.0,15
Villas & maisons de luxe Casablanca,Anfa à Casablanca,33.56170473792227,-7.630379283521052,Villa de 725 m2 à CHANTILLY,12000000.0,"['725 m²', '8 Pièces', '4 Chambres', '3 Salles de bains', 'Bon état', '10-20 ans']",6,725.0,8.0,4.0,3.0,Bon état,3.0,15
Appartements Casablanca,Oasis à Casablanca,33.55702447218315,-7.6348114013671875,Vendre studio F2 62 m2 Etg 3 Oasis Casablanca,1370000.0,"['62 m²', '2 Pièces', '1 Chambre', '1 Salle de bain', 'Nouveau', ""Moins d'un an"", '3ème étage']",7,62.0,2.0,1.0,1.0,Nouveau,3.0,0
Appartements Casablanca,Oulfa à Casablanca,33.56170473792227,-7.630379283521052,Vente d'un bel appartement à Oulfa. 1 Pièce. Résidence avec piscine,4558824.761494253,"['52 m²', '3 Pièces', '2 Chambres', '1 Salle de bain', 'Nouveau', '1-5 ans', '4ème étage']",7,52.0,3.0,2.0,1.0,Nouveau,4.0,3
Appartements Casablanca,Maârif à Casablanca,33.56170473792227,-7.630379283521052,Beau studio à vendre au cœur du Maarif,950000.0,"['55 m²', '2 Pièces', '1 Chambre', '1 Salle de bain', 'Bon état', '3ème étage']",6,55.0,2.0,1.0,1.0,Bon état,3.0,15
Appartements Casablanca,Benjdia à Casablanca,33.58536689099738,-7.612772444372496,Appartement à l'achat à Benjdia. 3 belles chambres. Porte sécurisée et chauffage central,1690000.0,"['124 m²', '4 Pièces', '3 Chambres', '2 Salles de bains', 'Bon état', '5-10 ans', '2ème étage']",7,124.0,4.0,3.0,2.0,Bon état,2.0,7
Appartements Casablanca,Racine à Casablanca,33.56170473792227,-7.630379283521052,Appartement à vendre meuble haut standing,2800000.0,"['120 m²', '4 Pièces', '2 Chambres', '2 Salles de bains', 'Nouveau', '5-10 ans']",6,120.0,4.0,2.0,2.0,Nouveau,3.0,7
Appartements Casablanca,Oasis à Casablanca,33.56170473792227,-7.630379283521052,Vendre studio F2 46 m2 Etage 3 Oasis Casablanca,1050000.0,"['46 m²', '2 Pièces', '1 Chambre', '1 Salle de bain', 'Nouveau', ""Moins d'un an"", '3ème étage']",7,46.0,2.0,1.0,1.0,Nouveau,3.0,0
Maisons Casablanca,Ain Chock à Casablanca,33.54340952071257,-7.6012846770560145,Très belle maison a vendre,4000000.0,"['100 m²', '7 Pièces', '6 Chambres', '4 Salles de bains', 'Bon état', '20-30 ans']",6,100.0,7.0,6.0,4.0,Bon état,3.0,25
Appartements Casablanca,Val Fleury à Casablanca,33.57495651248049,-7.63714105621321,Appartement haut standing 170m2 à Val fleuri,2450000.0,"['170 m²', '4 Pièces', '3 Chambres', '2 Salles de bains', 'Bon état', '5-10 ans', '5ème étage']",7,170.0,4.0,3.0,2.0,Bon état,5.0,7
Appartements Casablanca,Burger à Casablanca,33.57407275425759,-7.640755176544133,Vente d’un appartement de 137 m² à Maarif Ext,1750000.0,"['137 m²', '5 Pièces', '3 Chambres', '2 Salles de bains', 'Bon état', '20-30 ans', '3ème étage']",7,137.0,5.0,3.0,2.0,Bon état,3.0,25
Appartements Casablanca,Plateau (Al Batha) à Casablanca,33.57101438795921,-7.639950827636341,Vente d'un appartement à Val Fleuri,1750000.0,"['117 m²', '5 Pièces', '3 Chambres', '2 Salles de bains', 'Bon état', '10-20 ans', '4ème étage']",7,117.0,5.0,3.0,2.0,Bon état,4.0,15
Appartements Casablanca,Ain Diab à Casablanca,33.58630932470067,-7.671375274658203,Appartement de 211 m² à vendre à AIN DIAB,5550000.0,"['170 m²', '5 Pièces', '3 Chambres', '2 Salles de bains', 'Nouveau', '5-10 ans']",6,170.0,5.0,3.0,2.0,Nouveau,3.0,7
Appartements Casablanca,Racine Extension à Casablanca,33.56170473792227,-7.630379283521052,Appartement premium à vendre Racine,4500000.0,"['297 m²', '4 Pièces', '3 Chambres', '3 Salles de bains', 'Nouveau', '5-10 ans', '1er étage']",7,297.0,4.0,3.0,3.0,Nouveau,1.0,7
Appartements Casablanca,Racine à Casablanca,33.592458238962855,-7.648158073425293,Appartement a vendre Racine,4100000.0,"['229 m²', '4 Pièces', '3 Chambres', '3 Salles de bains', 'Nouveau', '5-10 ans', '2ème étage']",7,229.0,4.0,3.0,3.0,Nouveau,2.0,7
Appartements Casablanca,Racine à Casablanca,33.592458238962855,-7.648158073425293,"Appartement a vendre sur Racine, terrasse",2800000.0,"['161 m²', '3 Pièces', '2 Chambres', '3 Salles de bains', 'Nouveau', '5-10 ans', '7ème étage']",7,161.0,3.0,2.0,3.0,Nouveau,7.0,7
Villas & maisons de luxe Casablanca,Ain Diab Extension à Casablanca,33.56957820598421,-7.706043284452733,: Villa avec piscine à Aïn Diab:,13000000.0,"['574 m²', '8 Pièces', '4 Chambres', '5 Salles de bains', 'Bon état', '5-10 ans']",6,574.0,8.0,4.0,5.0,Bon état,3.0,7
Appartements Casablanca,Oasis à Casablanca,33.56170473792227,-7.630379283521052,"Appartement au RDC de 148m² en vente, Résidence les Jardins de l’Oasis",2637000.0,"['148 m²', '4 Pièces', '3 Chambres', '2 Salles de bains', 'Nouveau']",5,148.0,4.0,3.0,2.0,Nouveau,3.0,15
Appartements Casablanca,Les princesses à Casablanca,33.57154299116339,-7.636313438415527,Charmant appartement 3Ch 146 m2 Les Princesses,1950000.0,"['146 m²', '4 Pièces', '3 Chambres', '2 Salles de bains', 'Bon état', '5-10 ans', '4ème étage']",7,146.0,4.0,3.0,2.0,Bon état,4.0,7
Appartements Casablanca,Anfa à Casablanca,33.607328219630524,-7.652492523193359,Penthouse de Luxe à la Marina avec vue mer,5590000.0,"['186 m²', '3 Pièces', '2 Chambres', '2 Salles de bains', 'Bon état', '12ème étage']",6,186.0,3.0,2.0,2.0,Bon état,12.0,15
Villas & maisons de luxe Casablanca,CIL (Hay Salam) à Casablanca,33.56170473792227,-7.630379283521052,Villa de 641 m2 à CIL BONNE AFFAIRE,9000000.0,"['641 m²', '7 Pièces', '4 Chambres', '2 Salles de bains', 'À rénover', '10-20 ans']",6,641.0,7.0,4.0,2.0,À rénover,3.0,15
Villas & maisons de luxe Casablanca,Ain Diab à Casablanca,33.58630932470067,-7.671375274658203,Villa 360m² Moderne sur Ain Diab,6500000.0,"['360 m²', '8 Pièces', '4 Chambres', '2 Salles de bains', 'Nouveau', '1-5 ans']",6,360.0,8.0,4.0,2.0,Nouveau,3.0,3
Villas & maisons de luxe Casablanca,Longchamps (Hay Al Hanâa) à Casablanca,33.57751418572474,-7.664079666137695,Villa de 1975 m2 Morcelable en 3 Lots à Longchamps,26000000.0,"['1975 m²', '8 Pièces', '4 Chambres', '2 Salles de bains', 'À rénover', '10-20 ans']",6,1975.0,8.0,4.0,2.0,À rénover,3.0,15
Villas & maisons de luxe Casablanca,Californie à Casablanca,33.56170473792227,-7.630379283521052,Villa de 411 m2 à Résidence fermée à Californie,7000000.0,"['411 m²', '9 Pièces', '4 Chambres', '3 Salles de bains', 'Nouveau', '5-10 ans']",6,411.0,9.0,4.0,3.0,Nouveau,3.0,7
Villas & maisons de luxe Casablanca,Californie à Casablanca,33.56170473792227,-7.630379283521052,Villa de 550 m2 à Résidence sécurisée à Californie,8000000.0,"['550 m²', '9 Pièces', '4 Chambres', '4 Salles de bains', 'Nouveau', '5-10 ans']",6,550.0,9.0,4.0,4.0,Nouveau,3.0,7
Villas & maisons de luxe Casablanca,Anfa à Casablanca,33.596175974504256,-7.657470703125,Villa de 670 m2 à CHANTILLY A CÖTE GOLF,13000000.0,"['670 m²', '8 Pièces', '3 Chambres', '2 Salles de bains', 'Bon état', '10-20 ans']",6,670.0,8.0,3.0,2.0,Bon état,3.0,15
Villas & maisons de luxe Casablanca,Anfa Supérieur à Casablanca,33.56170473792227,-7.630379283521052,Villa de 2175 m2 Morcelable en 2 Lots à Anfa Sup,40000000.0,"['2175 m²', '6 Pièces', '3 Chambres', '2 Salles de bains', 'À rénover', '10-20 ans']",6,2175.0,6.0,3.0,2.0,À rénover,3.0,15
Villas & maisons de luxe Casablanca,Anfa Supérieur à Casablanca,33.56170473792227,-7.630379283521052,Villa 2375m² Vue Mer à ANFA SUPÉRIEURE,45000000.0,"['2375 m²', '8 Pièces', '3 Chambres', '3 Salles de bains', 'Bon état', '10-20 ans']",6,2375.0,8.0,3.0,3.0,Bon état,3.0,15
Appartements Casablanca,Bourgogne Est à Casablanca,33.591064046823725,-7.556705474853516,"Bel appartement à vendre sur Bourgogne, 2 chambres",950000.0,"['63 m²', '3 Pièces', '2 Chambres', '2 Salles de bains', 'Bon état', '10-20 ans', '3ème étage']",7,63.0,3.0,2.0,2.0,Bon état,3.0,15
Appartements Casablanca,Les Hôpitaux à Casablanca,33.56170473792227,-7.630379283521052,Superbe opportunité sans vis à vis Les Hôpitaux,3100000.0,"['309 m²', '6 Pièces', '4 Chambres', '3 Salles de bains', 'Bon état', '10-20 ans', '5ème étage']",7,309.0,6.0,4.0,3.0,Bon état,5.0,15
Appartements Casablanca,Ferme Bretonne (Hay Arraha) à Casablanca,33.56170473792227,-7.630379283521052,Luxueux appartement à vendre,1650000.0,"['97 m²', '3 Pièces', '2 Chambres', '2 Salles de bains', 'Nouveau', ""Moins d'un an""]",6,97.0,3.0,2.0,2.0,Nouveau,3.0,0
Appartements Casablanca,Belvédère à Casablanca,33.5895625839363,-7.59678840637207,Studio de 58m² en plein centre du BELVEDERE,700000.0,"['58 m²', '2 Pièces', '1 Chambre', '1 Salle de bain', 'Nouveau', ""Moins d'un an""]",6,58.0,2.0,1.0,1.0,Nouveau,3.0,0
Appartements Casablanca,Oulfa à Casablanca,33.56170473792227,-7.630379283521052,Résidence moderne de prestige,620000.0,"['77 m²', '3 Pièces', '2 Chambres', '2 Salles de bains', 'Nouveau', ""Moins d'un an"", '1er étage']",7,77.0,3.0,2.0,2.0,Nouveau,1.0,0
Appartements Casablanca,Oulfa à Casablanca,33.56170473792227,-7.630379283521052,Appartement acheté Un Salon Meublé OFFERT,600000.0,"['75 m²', '3 Pièces', '2 Chambres', '2 Salles de bains', 'Nouveau', ""Moins d'un an"", '1er étage']",7,75.0,3.0,2.0,2.0,Nouveau,1.0,0
Appartements Casablanca,Mers Sultan à Casablanca,33.57646836262298,-7.613643407821485,Appartement à vendre avec terrasse à 2mars,1750000.0,"['137 m²', '5 Pièces', '3 Chambres', '2 Salles de bains', 'Bon état', '10-20 ans', '4ème étage']",7,137.0,5.0,3.0,2.0,Bon état,4.0,15
Appartements Casablanca,Burger à Casablanca,33.57407275425759,-7.640755176544133,Vente d’un appartement de 137 m² à Maarif Ext,1750000.0,"['137 m²', '5 Pièces', '3 Chambres', '2 Salles de bains', 'Bon état', '20-30 ans', '3ème étage']",7,137.0,5.0,3.0,2.0,Bon état,3.0,25
Appartements Casablanca,Plateau (Al Batha) à Casablanca,33.57101438795921,-7.639950827636341,Vente d'un appartement à Val Fleuri,1750000.0,"['117 m²', '5 Pièces', '3 Chambres', '2 Salles de bains', 'Bon état', '10-20 ans', '4ème étage']",7,117.0,5.0,3.0,2.0,Bon état,4.0,15
Appartements Casablanca,Casablanca Finance City à Casablanca,33.56686057752036,-7.658264636993721,Vente d'un appartement de type F3 de 83 m² à CFC,1900000.0,"['83 m²', '3 Pièces', '2 Chambres', '2 Salles de bains', 'Nouveau', '1-5 ans', '3ème étage']",7,83.0,3.0,2.0,2.0,Nouveau,3.0,3
Appartements Casablanca,Gauthier à Casablanca,33.58891909184207,-7.628674507141113,Appartement à l'achat à Gauthier. 1 belle chambre. Ascenseur et terrasse,1700000.0,"['98 m²', '2 Pièces', '1 Chambre', '1 Salle de bain', 'Bon état', '5-10 ans', '3ème étage']",7,98.0,2.0,1.0,1.0,Bon état,3.0,7
Appartements Casablanca,Casablanca Marina à Casablanca,33.57601248704883,-7.603912353515625,Appartement de luxe à vendre casablanca marina,2500000.0,"['65 m²', '2 Pièces', '1 Chambre', '1 Salle de bain', 'Bon état', '1-5 ans', '8ème étage']",7,65.0,2.0,1.0,1.0,Bon état,8.0,3
Appartements Casablanca,Al Hadika à Casablanca,33.56170473792227,-7.630379283521052,Vend appartement à Al Hadika. 3 pièces confortables. Terrasse.,800000.0,"['135 m²', '3 Pièces', '2 Chambres', '3 Salles de bains', 'Bon état', '1-5 ans']",6,135.0,3.0,2.0,3.0,Bon état,3.0,3
Appartements Casablanca,Oasis à Casablanca,33.56170473792227,-7.630379283521052,À vendre studio F2 88 m2 Oasis Casablanca,1420000.0,"['88 m²', '2 Pièces', '1 Chambre', '1 Salle de bain', 'Nouveau', ""Moins d'un an"", '1er étage']",7,88.0,2.0,1.0,1.0,Nouveau,1.0,0
Appartements Casablanca,Les Hôpitaux à Casablanca,33.57847954964821,-7.621443271636963,Idéal pour un cabinet médical,1500000.0,"['118 m²', '4 Pièces', '2 Chambres', '2 Salles de bains', 'Bon état', '20-30 ans', '4ème étage']",7,118.0,4.0,2.0,2.0,Bon état,4.0,25
Villas & maisons de luxe Casablanca,Californie à Casablanca,33.56170473792227,-7.630379283521052,Belle villa la vente à Californie dans une résidence sécurisée,11000000.0,"['428 m²', '7 Pièces', '5 Chambres', '5 Salles de bains', 'Bon état', '5-10 ans']",6,428.0,7.0,5.0,5.0,Bon état,3.0,7
Appartements Casablanca,Racine à Casablanca,33.592458238962855,-7.648158073425293,Appartement à vendre sur le bd abdellatif ben kadour,3640000.0,"['140 m²', '6 Pièces', '3 Chambres', '3 Salles de bains', 'Bon état', ""Moins d'un an"", '5ème étage']",7,140.0,6.0,3.0,3.0,Bon état,5.0,0
Villas & maisons de luxe Casablanca,CIL (Hay Salam) à Casablanca,33.56170473792227,-7.630379283521052,Villa d'exception de 361 m² en plein coeur du CIL,5990000.0,"['361 m²', '5 Pièces', '3 Chambres', '2 Salles de bains', 'Bon état']",5,361.0,5.0,3.0,2.0,Bon état,3.0,15
Appartements Casablanca,Val Fleury à Casablanca,33.56170473792227,-7.630379283521052,Bel appartement à vendre à val fleuri,1900000.0,"['138 m²', '4 Pièces', '3 Chambres', '2 Salles de bains', 'Bon état', '10-20 ans', '2ème étage']",7,138.0,4.0,3.0,2.0,Bon état,2.0,15
Villas & maisons de luxe Casablanca,Oulfa à Casablanca,33.56170473792227,-7.630379283521052,À ne pas rater villa à vendre sur oulfa,3200000.0,"['231 m²', '4 Pièces', '4 Chambres', '3 Salles de bains', 'Bon état']",5,231.0,4.0,4.0,3.0,Bon état,3.0,15
Appartements Casablanca,Sidi Maarouf à Casablanca,33.56170473792227,-7.630379283521052,UN Apprte à louer meublé rés madina meublé,5000.0,"['95 m²', '2 Pièces', '2 Chambres', '2 Salles de bains', 'Bon état']",5,95.0,2.0,2.0,2.0,Bon état,3.0,15
Appartements Casablanca,Maârif Extension à Casablanca,33.56170473792227,-7.630379283521052,"Appartement 117m², Terrasse,Maarif ext",1950000.0,"['117 m²', '5 Pièces', '3 Chambres', '2 Salles de bains', 'Bon état', '1er étage']",6,117.0,5.0,3.0,2.0,Bon état,1.0,15
Appartements Casablanca,Gauthier à Casablanca,33.58891909184207,-7.628674507141113,"Studio dernier étage à vendre, Gauthier",1490000.0,"['44 m²', '2 Pièces', '1 Chambre', '2 Salles de bains', 'Nouveau', '5ème étage']",6,44.0,2.0,1.0,2.0,Nouveau,5.0,15
Appartements Casablanca,Racine à Casablanca,33.56170473792227,-7.630379283521052,Duplex dernier étageavec terrasse racine deux place de garage,4500000.0,"['211 m²', '4 Pièces', '3 Chambres', '3 Salles de bains', 'Bon état', '5-10 ans', '7ème étage']",7,211.0,4.0,3.0,3.0,Bon état,7.0,7
Appartements Casablanca,Les Hôpitaux à Casablanca,33.5722355460286,-7.616289149878781,Av appartement contemporain casablanca 2 mars,2750000.0,"['186 m²', '6 Pièces', '3 Chambres', '2 Salles de bains', 'Bon état', '5-10 ans', '4ème étage']",7,186.0,6.0,3.0,2.0,Bon état,4.0,7
Appartements Casablanca,Les Hôpitaux à Casablanca,33.57797899192462,-7.62000560760498,LUXEUX appart au calme avec jardin suspendu+ terrasse,1700000.0,"['120 m²', '4 Pièces', '2 Chambres', '2 Salles de bains', 'Nouveau', '5-10 ans', '3ème étage']",7,120.0,4.0,2.0,2.0,Nouveau,3.0,7
Appartements Casablanca,Racine Extension à Casablanca,33.59056356209817,-7.640819549560547,Appartement de luxe avec 50m2 de terrasse Racine,4500000.0,"['236 m²', '5 Pièces', '3 Chambres', '3 Salles de bains', 'Bon état', ""Moins d'un an"", '5ème étage']",7,236.0,5.0,3.0,3.0,Bon état,5.0,0
Appartements Casablanca,Racine à Casablanca,33.56170473792227,-7.630379283521052,Duplex à vendre ou à louer à Racine,3900000.0,"['211 m²', '5 Pièces', '3 Chambres', '3 Salles de bains', 'Bon état']",5,211.0,5.0,3.0,3.0,Bon état,3.0,15
Appartements Casablanca,Bourgogne Ouest à Casablanca,33.598304662993705,-7.644252777099609,Bel Appartement à vendre 132 m² à Bourgogne,2200000.0,"['132 m²', '5 Pièces', '3 Chambres', '3 Salles de bains', 'Bon état']",5,132.0,5.0,3.0,3.0,Bon état,3.0,15
Appartements Casablanca,Palmier à Casablanca,33.580946541729524,-7.629060745239258,Vente appartement 166m² Palmier,2550000.0,"['166 m²', '5 Pièces', '3 Chambres', '3 Salles de bains', 'Bon état']",5,166.0,5.0,3.0,3.0,Bon état,3.0,15
Appartements Casablanca,Bourgogne Ouest à Casablanca,33.59644155248295,-7.644874278683545,"Appartement en vente à Bourgogne Ouest. Grande Terasse Surface de 159 m². Salon, 3 chambres, résidence sécurisée",1850000.0,"['159 m²', '4 Pièces', '3 Chambres', '2 Salles de bains', 'Bon état', '10-20 ans', '5ème étage']",7,159.0,4.0,3.0,2.0,Bon état,5.0,15
Appartements Casablanca,El Manar - El Hank à Casablanca,33.604041673774326,-7.655426859855709,"Appartement de 93m² en vente, Les terrasses d'anfa",4558824.761494253,"['93 m²', '4 Pièces', '3 Chambres', '2 Salles de bains', 'Nouveau']",5,93.0,4.0,3.0,2.0,Nouveau,3.0,15
Appartements Casablanca,Les princesses à Casablanca,33.56170473792227,-7.630379283521052,"Carré d’Anfa, des studios très haut standing en plein centre de Casablanca",1470000.0,"['85 m²', '2 Pièces', '1 Chambre', '1 Salle de bain', 'Nouveau', '1er étage']",6,85.0,2.0,1.0,1.0,Nouveau,1.0,15
Appartements Casablanca,Les princesses à Casablanca,33.56170473792227,-7.630379283521052,"Carré d’Anfa, des studios très haut standing en plein centre de Casablanca",1350000.0,"['66 m²', '2 Pièces', '1 Chambre', '1 Salle de bain', 'Nouveau', '1er étage']",6,66.0,2.0,1.0,1.0,Nouveau,1.0,15
Appartements Casablanca,Les princesses à Casablanca,33.56170473792227,-7.630379283521052,"Carré d’Anfa, des studios très haut standing en plein centre de Casablanca",1300000.0,"['68 m²', '2 Pièces', '1 Chambre', '1 Salle de bain', 'Nouveau', '1er étage']",6,68.0,2.0,1.0,1.0,Nouveau,1.0,15
Appartements Casablanca,Casablanca Finance City à Casablanca,33.547117579470296,-7.675495147705078,"Appartement F2 de 65m² en vente Résidence Occitania, Casablanca",1600000.0,"['65 m²', '2 Pièces', '1 Chambre', '1 Salle de bain', 'Nouveau']",5,65.0,2.0,1.0,1.0,Nouveau,3.0,15
Appartements Casablanca,Casablanca Finance City à Casablanca,33.5592358768252,-7.65225006860351,"Appartement F3 de 90m² en vente, Ryad' Anfa",1900000.0,"['90 m²', '2 Chambres', '1 Salle de bain']",4,90.0,4.682934712346477,2.0,2.306532663316583,Bon état,3.0,15
Appartements Casablanca,Les princesses à Casablanca,33.56170473792227,-7.630379283521052,Appartement de 42m² en vente MAYFAIR RÉSIDENCE,980000.0,"['42 m²', '2 Pièces', '1 Chambre', '1 Salle de bain', 'Nouveau', ""Moins d'un an""]",6,42.0,2.0,1.0,1.0,Nouveau,3.0,0
Appartements Casablanca,Les princesses à Casablanca,33.56170473792227,-7.630379283521052,Appartement de 181m² chez MAYFAIR RÉSIDENCE,2270000.0,"['181 m²', '4 Pièces', '3 Chambres', '3 Salles de bains', 'Nouveau', ""Moins d'un an"", '5ème étage']",7,181.0,4.0,3.0,3.0,Nouveau,5.0,0
Appartements Casablanca,Les princesses à Casablanca,33.56170473792227,-7.630379283521052,Appartement de 42m² en vente MAYFAIR RÉSIDENCE,980000.0,"['42 m²', '2 Pièces', '1 Chambre', '1 Salle de bain', 'Nouveau', ""Moins d'un an""]",6,42.0,2.0,1.0,1.0,Nouveau,3.0,0
Appartements Casablanca,Les Hôpitaux à Casablanca,33.57847954964821,-7.621443271636963,Idéal pour un cabinet médical,1500000.0,"['118 m²', '4 Pièces', '2 Chambres', '2 Salles de bains', 'Bon état', '20-30 ans', '4ème étage']",7,118.0,4.0,2.0,2.0,Bon état,4.0,25
Villas & maisons de luxe Casablanca,Californie à Casablanca,33.53595755299843,-7.625627517700195,Belle villa la vente à Californie dans une résidence sécurisée,11000000.0,"['428 m²', '7 Pièces', '5 Chambres', '5 Salles de bains', 'Bon état', '5-10 ans']",6,428.0,7.0,5.0,5.0,Bon état,3.0,7
Appartements Casablanca,Racine à Casablanca,33.56170473792227,-7.630379283521052,Appartement à vendre sur le bd abdellatif ben kadour,3640000.0,"['140 m²', '6 Pièces', '3 Chambres', '3 Salles de bains', 'Bon état', ""Moins d'un an"", '5ème étage']",7,140.0,6.0,3.0,3.0,Bon état,5.0,0
Appartements Casablanca,Racine à Casablanca,33.56170473792227,-7.630379283521052,Casablanca Abdellatif ben kadour vente appartement 3 chambres,2450000.0,"['149 m²', '5 Pièces', '3 Chambres', '3 Salles de bains', 'Bon état', '5-10 ans', '5ème étage']",7,149.0,5.0,3.0,3.0,Bon état,5.0,7
Appartements Casablanca,Gauthier à Casablanca,33.56170473792227,-7.630379283521052,Appartement moderne a la location sans visavis,9500.0,"['140 m²', '4 Pièces', '3 Chambres', '2 Salles de bains', 'Nouveau', '1-5 ans', '4ème étage']",7,140.0,4.0,3.0,2.0,Nouveau,4.0,3
Appartements Casablanca,Gauthier à Casablanca,33.56170473792227,-7.630379283521052,Duplex à la vente au denier étage avec terrasse,5600000.0,"['244 m²', '4 Pièces', '3 Chambres', '3 Salles de bains', 'Nouveau', '1-5 ans', '12ème étage']",7,244.0,4.0,3.0,3.0,Nouveau,12.0,3
Appartements Casablanca,Racine à Casablanca,33.60375011744108,-7.638448588426399,Vente d'un bel appartement à Errahma. Surface totale 234 m². Parking et terrasse,3000000.0,"['234 m²', '6 Pièces', '4 Chambres', '3 Salles de bains', 'Bon état', '1-5 ans', '2ème étage']",7,234.0,6.0,4.0,3.0,Bon état,2.0,3
Villas & maisons de luxe Casablanca,Sidi Maarouf à Casablanca,33.56170473792227,-7.630379283521052,Somptueuse villa à vendre près de Casa nearshore sidi maarouf,4700000.0,"['258 m²', '12 Pièces', '6 Chambres', '3 Salles de bains', 'Bon état', '5-10 ans']",6,258.0,12.0,6.0,3.0,Bon état,3.0,7
Appartements Casablanca,Bourgogne Ouest à Casablanca,33.56170473792227,-7.630379283521052,Studio meublé 60 m2 a vendre,780000.0,"['60 m²', '2 Pièces', '1 Chambre', '1 Salle de bain', 'Bon état', '1-5 ans']",6,60.0,2.0,1.0,1.0,Bon état,3.0,3
Appartements Casablanca,Port à Casablanca,33.60543097469278,-7.618876461759385,Un appartement a vendre,1360000.0,"['116 m²', '4 Pièces', '3 Chambres', '1 Salle de bain', 'Bon état', '7ème étage']",6,116.0,4.0,3.0,1.0,Bon état,7.0,15
Villas & maisons de luxe Casablanca,CIL (Hay Salam) à Casablanca,33.56170473792227,-7.630379283521052,Villa d'exception de 361 m² en plein coeur du CIL,5990000.0,"['361 m²', '5 Pièces', '3 Chambres', '2 Salles de bains', 'Bon état']",5,361.0,5.0,3.0,2.0,Bon état,3.0,15
Appartements Casablanca,Val Fleury à Casablanca,33.56170473792227,-7.630379283521052,Bel appartement à vendre à val fleuri,1900000.0,"['138 m²', '4 Pièces', '3 Chambres', '2 Salles de bains', 'Bon état', '10-20 ans', '2ème étage']",7,138.0,4.0,3.0,2.0,Bon état,2.0,15
Villas & maisons de luxe Casablanca,Oulfa à Casablanca,33.56170473792227,-7.630379283521052,À ne pas rater villa à vendre sur oulfa,3200000.0,"['231 m²', '4 Pièces', '4 Chambres', '3 Salles de bains', 'Bon état']",5,231.0,4.0,4.0,3.0,Bon état,3.0,15
Appartements Casablanca,Sidi Maarouf à Casablanca,33.56170473792227,-7.630379283521052,UN Apprte à louer meublé rés madina meublé,5000.0,"['95 m²', '2 Pièces', '2 Chambres', '2 Salles de bains', 'Bon état']",5,95.0,2.0,2.0,2.0,Bon état,3.0,15
Appartements Casablanca,Maârif Extension à Casablanca,33.56170473792227,-7.630379283521052,"Appartement 117m², Terrasse,Maarif ext",1950000.0,"['117 m²', '5 Pièces', '3 Chambres', '2 Salles de bains', 'Bon état', '1er étage']",6,117.0,5.0,3.0,2.0,Bon état,1.0,15
Appartements Casablanca,Gauthier à Casablanca,33.56170473792227,-7.630379283521052,"Studio dernier étage à vendre, Gauthier",1490000.0,"['44 m²', '2 Pièces', '1 Chambre', '2 Salles de bains', 'Nouveau', '5ème étage']",6,44.0,2.0,1.0,2.0,Nouveau,5.0,15
Appartements Casablanca,Racine à Casablanca,33.56170473792227,-7.630379283521052,Duplex dernier étageavec terrasse racine deux place de garage,4500000.0,"['211 m²', '4 Pièces', '3 Chambres', '3 Salles de bains', 'Bon état', '5-10 ans', '7ème étage']",7,211.0,4.0,3.0,3.0,Bon état,7.0,7
Appartements Casablanca,Les Hôpitaux à Casablanca,33.5722355460286,-7.616289149878781,Av appartement contemporain casablanca 2 mars,2750000.0,"['186 m²', '6 Pièces', '3 Chambres', '2 Salles de bains', 'Bon état', '5-10 ans', '4ème étage']",7,186.0,6.0,3.0,2.0,Bon état,4.0,7
Appartements Casablanca,Les Hôpitaux à Casablanca,33.57797899192462,-7.62000560760498,LUXEUX appart au calme avec jardin suspendu+ terrasse,1700000.0,"['120 m²', '4 Pièces', '2 Chambres', '2 Salles de bains', 'Nouveau', '5-10 ans', '3ème étage']",7,120.0,4.0,2.0,2.0,Nouveau,3.0,7
Appartements Casablanca,Racine Extension à Casablanca,33.59056356209817,-7.640819549560547,Appartement de luxe avec 50m2 de terrasse Racine,4500000.0,"['236 m²', '5 Pièces', '3 Chambres', '3 Salles de bains', 'Bon état', ""Moins d'un an"", '5ème étage']",7,236.0,5.0,3.0,3.0,Bon état,5.0,0
Appartements Casablanca,Racine à Casablanca,33.56170473792227,-7.630379283521052,Duplex à vendre ou à louer à Racine,3900000.0,"['211 m²', '5 Pièces', '3 Chambres', '3 Salles de bains', 'Bon état']",5,211.0,5.0,3.0,3.0,Bon état,3.0,15
Appartements Casablanca,Bourgogne Ouest à Casablanca,33.598304662993705,-7.644252777099609,Bel Appartement à vendre 132 m² à Bourgogne,2200000.0,"['132 m²', '5 Pièces', '3 Chambres', '3 Salles de bains', 'Bon état']",5,132.0,5.0,3.0,3.0,Bon état,3.0,15
Appartements Casablanca,Palmier à Casablanca,33.56170473792227,-7.630379283521052,Vente appartement 166m² Palmier,2550000.0,"['166 m²', '5 Pièces', '3 Chambres', '3 Salles de bains', 'Bon état']",5,166.0,5.0,3.0,3.0,Bon état,3.0,15
Appartements Casablanca,Bourgogne Ouest à Casablanca,33.59644155248295,-7.644874278683545,"Appartement en vente à Bourgogne Ouest. Grande Terasse Surface de 159 m². Salon, 3 chambres, résidence sécurisée",1850000.0,"['159 m²', '4 Pièces', '3 Chambres', '2 Salles de bains', 'Bon état', '10-20 ans', '5ème étage']",7,159.0,4.0,3.0,2.0,Bon état,5.0,15
Appartements Casablanca,El Manar - El Hank à Casablanca,33.604041673774326,-7.655426859855709,"Appartement de 93m² en vente, Les terrasses d'anfa",4558824.761494253,"['93 m²', '4 Pièces', '3 Chambres', '2 Salles de bains', 'Nouveau']",5,93.0,4.0,3.0,2.0,Nouveau,3.0,15
Appartements Casablanca,Les princesses à Casablanca,33.56170473792227,-7.630379283521052,"Carré d’Anfa, des studios très haut standing en plein centre de Casablanca",1470000.0,"['85 m²', '2 Pièces', '1 Chambre', '1 Salle de bain', 'Nouveau', '1er étage']",6,85.0,2.0,1.0,1.0,Nouveau,1.0,15
Appartements Casablanca,Les princesses à Casablanca,33.56170473792227,-7.630379283521052,"Carré d’Anfa, des studios très haut standing en plein centre de Casablanca",1350000.0,"['66 m²', '2 Pièces', '1 Chambre', '1 Salle de bain', 'Nouveau', '1er étage']",6,66.0,2.0,1.0,1.0,Nouveau,1.0,15
Appartements Casablanca,Les princesses à Casablanca,33.56170473792227,-7.630379283521052,"Carré d’Anfa, des studios très haut standing en plein centre de Casablanca",1300000.0,"['68 m²', '2 Pièces', '1 Chambre', '1 Salle de bain', 'Nouveau', '1er étage']",6,68.0,2.0,1.0,1.0,Nouveau,1.0,15
Appartements Casablanca,Casablanca Finance City à Casablanca,33.547117579470296,-7.675495147705078,"Appartement F2 de 65m² en vente Résidence Occitania, Casablanca",1600000.0,"['65 m²', '2 Pièces', '1 Chambre', '1 Salle de bain', 'Nouveau']",5,65.0,2.0,1.0,1.0,Nouveau,3.0,15
Appartements Casablanca,Casablanca Finance City à Casablanca,33.5592358768252,-7.65225006860351,"Appartement F3 de 90m² en vente, Ryad' Anfa",1900000.0,"['90 m²', '2 Chambres', '1 Salle de bain']",4,90.0,4.682934712346477,2.0,2.306532663316583,Bon état,3.0,15
Appartements Casablanca,Les princesses à Casablanca,33.56170473792227,-7.630379283521052,Appartement de 42m² en vente MAYFAIR RÉSIDENCE,980000.0,"['42 m²', '2 Pièces', '1 Chambre', '1 Salle de bain', 'Nouveau', ""Moins d'un an""]",6,42.0,2.0,1.0,1.0,Nouveau,3.0,0
Appartements Casablanca,Les princesses à Casablanca,33.56170473792227,-7.630379283521052,Appartement de 181m² chez MAYFAIR RÉSIDENCE,2270000.0,"['181 m²', '4 Pièces', '3 Chambres', '3 Salles de bains', 'Nouveau', ""Moins d'un an"", '5ème étage']",7,181.0,4.0,3.0,3.0,Nouveau,5.0,0
Appartements Casablanca,Les princesses à Casablanca,33.56170473792227,-7.630379283521052,Appartement de 42m² en vente MAYFAIR RÉSIDENCE,980000.0,"['42 m²', '2 Pièces', '1 Chambre', '1 Salle de bain', 'Nouveau', ""Moins d'un an""]",6,42.0,2.0,1.0,1.0,Nouveau,3.0,0
Appartements Casablanca,Les Hôpitaux à Casablanca,33.57847954964821,-7.621443271636963,Idéal pour un cabinet médical,1500000.0,"['118 m²', '4 Pièces', '2 Chambres', '2 Salles de bains', 'Bon état', '20-30 ans', '4ème étage']",7,118.0,4.0,2.0,2.0,Bon état,4.0,25
Villas & maisons de luxe Casablanca,Californie à Casablanca,33.53595755299843,-7.625627517700195,Belle villa la vente à Californie dans une résidence sécurisée,11000000.0,"['428 m²', '7 Pièces', '5 Chambres', '5 Salles de bains', 'Bon état', '5-10 ans']",6,428.0,7.0,5.0,5.0,Bon état,3.0,7
Appartements Casablanca,Racine à Casablanca,33.56170473792227,-7.630379283521052,Appartement à vendre sur le bd abdellatif ben kadour,3640000.0,"['140 m²', '6 Pièces', '3 Chambres', '3 Salles de bains', 'Bon état', ""Moins d'un an"", '5ème étage']",7,140.0,6.0,3.0,3.0,Bon état,5.0,0
Appartements Casablanca,Racine à Casablanca,33.56170473792227,-7.630379283521052,Casablanca Abdellatif ben kadour vente appartement 3 chambres,2450000.0,"['149 m²', '5 Pièces', '3 Chambres', '3 Salles de bains', 'Bon état', '5-10 ans', '5ème étage']",7,149.0,5.0,3.0,3.0,Bon état,5.0,7
Appartements Casablanca,Gauthier à Casablanca,33.56170473792227,-7.630379283521052,Appartement moderne a la location sans visavis,9500.0,"['140 m²', '4 Pièces', '3 Chambres', '2 Salles de bains', 'Nouveau', '1-5 ans', '4ème étage']",7,140.0,4.0,3.0,2.0,Nouveau,4.0,3
Appartements Casablanca,Gauthier à Casablanca,33.56170473792227,-7.630379283521052,Duplex à la vente au denier étage avec terrasse,5600000.0,"['244 m²', '4 Pièces', '3 Chambres', '3 Salles de bains', 'Nouveau', '1-5 ans', '12ème étage']",7,244.0,4.0,3.0,3.0,Nouveau,12.0,3
Appartements Casablanca,Racine à Casablanca,33.60375011744108,-7.638448588426399,Vente d'un bel appartement à Errahma. Surface totale 234 m². Parking et terrasse,3000000.0,"['234 m²', '6 Pièces', '4 Chambres', '3 Salles de bains', 'Bon état', '1-5 ans', '2ème étage']",7,234.0,6.0,4.0,3.0,Bon état,2.0,3
Villas & maisons de luxe Casablanca,Sidi Maarouf à Casablanca,33.51821300640254,-7.644338607788086,Somptueuse villa à vendre près de Casa nearshore sidi maarouf,4700000.0,"['258 m²', '12 Pièces', '6 Chambres', '3 Salles de bains', 'Bon état', '5-10 ans']",6,258.0,12.0,6.0,3.0,Bon état,3.0,7
Appartements Casablanca,Bourgogne Ouest à Casablanca,33.598304662993705,-7.644252777099609,Studio meublé 60 m2 a vendre,780000.0,"['60 m²', '2 Pièces', '1 Chambre', '1 Salle de bain', 'Bon état', '1-5 ans']",6,60.0,2.0,1.0,1.0,Bon état,3.0,3
Appartements Casablanca,Port à Casablanca,33.60543097469278,-7.618876461759385,Un appartement a vendre,1360000.0,"['116 m²', '4 Pièces', '3 Chambres', '1 Salle de bain', 'Bon état', '7ème étage']",6,116.0,4.0,3.0,1.0,Bon état,7.0,15
Appartements Casablanca,Hay Moulay Rachid 1 à Casablanca,33.56170473792227,-7.630379283521052,"Appartement de 73m², 2 Pièces, Moulay Rachid",550000.0,"['73 m²', '3 Pièces', '2 Chambres', '1 Salle de bain', 'Nouveau']",5,73.0,3.0,2.0,1.0,Nouveau,3.0,15
Appartements Casablanca,Casablanca Finance City à Casablanca,33.56170473792227,-7.630379283521052,Très bel appartement en vente,2090000.0,"['99 m²', '3 Pièces', '2 Chambres', '2 Salles de bains', 'Nouveau', '1-5 ans', '3ème étage']",7,99.0,3.0,2.0,2.0,Nouveau,3.0,3
Villas & maisons de luxe Casablanca,Californie à Casablanca,33.56170473792227,-7.630379283521052,"Villa a vendre a californie, résidence fermée",7300000.0,"['450 m²', '6 Pièces', '4 Chambres', '3 Salles de bains', 'Bon état', '5-10 ans']",6,450.0,6.0,4.0,3.0,Bon état,3.0,7
Villas & maisons de luxe Casablanca,Ain Diab à Casablanca,33.58630932470067,-7.671375274658203,Luxueuse Villa à louer à ain diab,38000.0,"['445 m²', '8 Pièces', '4 Chambres', '4 Salles de bains', 'Bon état']",5,445.0,8.0,4.0,4.0,Bon état,3.0,15
Appartements Casablanca,Californie à Casablanca,33.56170473792227,-7.630379283521052,Appartement de 127m² en vente UTOPIA,1991470.0,"['127 m²', '4 Pièces', '3 Chambres', '2 Salles de bains', '3ème étage']",5,127.0,4.0,3.0,2.0,Bon état,3.0,15
Appartements Casablanca,Californie à Casablanca,33.524709493386695,-7.607078248528126,Appartement de 128m² en vente UTOPIA,1967880.0,"['128 m²', '4 Pièces', '3 Chambres', '2 Salles de bains', '1er étage']",5,128.0,4.0,3.0,2.0,Bon état,1.0,15
Appartements Casablanca,Californie à Casablanca,33.524709493386695,-7.607078248528126,Appartement de 120m² en vente UTOPIA,1941180.0,"['120 m²', '4 Pièces', '3 Chambres', '2 Salles de bains', '3ème étage']",5,120.0,4.0,3.0,2.0,Bon état,3.0,15
Appartements Casablanca,Californie à Casablanca,33.524709493386695,-7.607078248528126,Appartement Rez-de-jardin de 251m² en vente UTOPIA,2769720.0,"['251 m²', '4 Pièces', '3 Chambres', '2 Salles de bains']",4,251.0,4.0,3.0,2.306532663316583,Bon état,3.0,15
Appartements Casablanca,Mers Sultan à Casablanca,33.57814488400827,-7.609909276742655,Appartement av vendre quartier 2 mars,2550000.0,"['186 m²', '6 Pièces', '3 Chambres', '3 Salles de bains', 'Nouveau', '5-10 ans', '4ème étage']",7,186.0,6.0,3.0,3.0,Nouveau,4.0,7
Appartements Casablanca,Ain Diab Extension à Casablanca,33.573044767595576,-7.687940597534151,Appartement avec grand jardin à Ain Diab,4900000.0,"['203 m²', '4 Pièces', '3 Chambres', '4 Salles de bains', 'Nouveau', '1-5 ans']",6,203.0,4.0,3.0,4.0,Nouveau,3.0,3
Villas & maisons de luxe Casablanca,Californie à Casablanca,33.55043371355348,-7.613669647707269,Villa de standing 400 m2 sur almadar alaam californie,7000000.0,"['440 m²', '7 Pièces', '4 Chambres', '3 Salles de bains', 'Bon état', '10-20 ans']",6,440.0,7.0,4.0,3.0,Bon état,3.0,15
Villas & maisons de luxe Casablanca,Californie à Casablanca,33.532942226780754,-7.630664969744828,Villa neuf de 390 m2 habitablr sur 3 niveau,4900000.0,"['391 m²', '6 Pièces', '4 Chambres', '3 Salles de bains', 'Nouveau', ""Moins d'un an""]",6,391.0,6.0,4.0,3.0,Nouveau,3.0,0
Villas & maisons de luxe Casablanca,Sidi Maarouf à Casablanca,33.52874167879045,-7.646959363711147,Somptueuse villa à vendre à Sidi Maarouf. Sur 3 niveau style traditionnel fez/ merrakech bien atypique et rare,4200000.0,"['460 m²', '7 Pièces', '4 Chambres', '4 Salles de bains', 'Bon état', '10-20 ans']",6,460.0,7.0,4.0,4.0,Bon état,3.0,15
Appartements Casablanca,Palmier à Casablanca,33.56170473792227,-7.630379283521052,À vendre des studios de Haut standing PALMIER,940000.0,"['43 m²', '2 Pièces', '1 Chambre', '1 Salle de bain', 'Nouveau']",5,43.0,2.0,1.0,1.0,Nouveau,3.0,15
Appartements Casablanca,Palmier à Casablanca,33.57910024104381,-7.628888533764126,Vente d'un bel appartement à Palmier. 94 m². Age 3 ans,1480000.0,"['94 m²', '3 Pièces', '2 Chambres', '2 Salles de bains', 'Nouveau', '1-5 ans', '3ème étage']",7,94.0,3.0,2.0,2.0,Nouveau,3.0,3
Villas & maisons de luxe Casablanca,Longchamps (Hay Al Hanâa) à Casablanca,33.57601248704883,-7.603912353515625,Villa moderne à vendre à Longchamps,16500000.0,"['485 m²', '7 Pièces', '5 Chambres', '2 Salles de bains', 'Bon état', '5-10 ans']",6,485.0,7.0,5.0,2.0,Bon état,3.0,7
Appartements Casablanca,Beauséjour à Casablanca,33.56170473792227,-7.630379283521052,Superbe appartement à vendre à Beauséjour. 1 salons,1000000.0,"['92 m²', '3 Pièces', '2 Chambres', '1 Salle de bain', 'Bon état']",5,92.0,3.0,2.0,1.0,Bon état,3.0,15
Appartements Casablanca,Hermitage à Casablanca,33.56819965695728,-7.623234987258797,Studio de 54m² en vente Résidence Studio 31,1152740.0,"['54 m²', '2 Pièces', '1 Chambre', '2 Salles de bains', '2ème étage']",5,54.0,2.0,1.0,2.0,Bon état,2.0,15
Appartements Casablanca,Hermitage à Casablanca,33.56819965695728,-7.623234987258797,Studio de 46m² en vente Résidence Studio 31,973500.0,"['46 m²', '2 Pièces', '1 Chambre', '2 Salles de bains', '4ème étage']",5,46.0,2.0,1.0,2.0,Bon état,4.0,15
Appartements Casablanca,Hermitage à Casablanca,33.56819965695728,-7.623234987258797,Studio de 60m² en vente Résidence Studio 31,1327560.0,"['60 m²', '2 Pièces', '1 Chambre', '2 Salles de bains', '1er étage']",5,60.0,2.0,1.0,2.0,Bon état,1.0,15
Appartements Casablanca,Hermitage à Casablanca,33.56819965695728,-7.623234987258797,Studio de 59m² en vente Résidence Studio 31,1261100.0,"['59 m²', '2 Pièces', '1 Chambre', '2 Salles de bains', '1er étage']",5,59.0,2.0,1.0,2.0,Bon état,1.0,15
Appartements Casablanca,Les princesses à Casablanca,33.57905668978428,-7.647800104393838,"Studio de 51m² en vente, La Compagne de Queens",1182000.0,"['51 m²', '2 Pièces', '1 Chambre', '1 Salle de bain']",4,51.0,2.0,1.0,2.306532663316583,Bon état,3.0,15
Villas & maisons de luxe Casablanca,Laymoune à Casablanca,33.54371964707593,-7.665281295776367,LAYMOUNE Très belle villa ensoleillée 504 m²,6400000.0,"['504 m²', '6 Pièces', '4 Chambres', '4 Salles de bains', 'Bon état', '10-20 ans']",6,504.0,6.0,4.0,4.0,Bon état,3.0,15
Villas & maisons de luxe Casablanca,Sidi Maarouf à Casablanca,33.51821300640254,-7.644338607788086,Somptueuse villa à vendre près de Casa nearshore sidi maarouf,4700000.0,"['258 m²', '12 Pièces', '6 Chambres', '3 Salles de bains', 'Bon état', '5-10 ans']",6,258.0,12.0,6.0,3.0,Bon état,3.0,7
Appartements Casablanca,Bourgogne Ouest à Casablanca,33.56170473792227,-7.630379283521052,Studio meublé 60 m2 a vendre,780000.0,"['60 m²', '2 Pièces', '1 Chambre', '1 Salle de bain', 'Bon état', '1-5 ans']",6,60.0,2.0,1.0,1.0,Bon état,3.0,3
Appartements Casablanca,Port à Casablanca,33.60543097469278,-7.618876461759385,Un appartement a vendre,1360000.0,"['116 m²', '4 Pièces', '3 Chambres', '1 Salle de bain', 'Bon état', '7ème étage']",6,116.0,4.0,3.0,1.0,Bon état,7.0,15
Appartements Casablanca,Maârif Extension à Casablanca,33.57987394514173,-7.646827697753906,Appartement à l'achat à Casablanca. 4 pièces. Ascenseur et terrasse,1550000.0,"['130 m²', '4 Pièces', '3 Chambres', '2 Salles de bains', 'Bon état', '5-10 ans', '2ème étage']",7,130.0,4.0,3.0,2.0,Bon état,2.0,7
Appartements Casablanca,La Gironde à Casablanca,33.56170473792227,-7.630379283521052,Appart 106m² avec 50m² Terrasse+56m² habitable,872000.0,"['106 m²', '3 Pièces', '2 Chambres', '1 Salle de bain', 'Nouveau']",5,106.0,3.0,2.0,1.0,Nouveau,3.0,15
Appartements Casablanca,La Gironde à Casablanca,33.58694836744627,-7.604631185531701,Bel Appartement de 95m² sur Bd la Résistance,1150000.0,"['95 m²', '3 Pièces', '2 Chambres', '2 Salles de bains', 'Bon état', '5-10 ans', '2ème étage']",7,95.0,3.0,2.0,2.0,Bon état,2.0,7
Appartements Casablanca,La Gironde à Casablanca,33.56170473792227,-7.630379283521052,Studio en vente 45m² la gironde,562500.0,"['45 m²', '2 Pièces', '1 Chambre', '1 Salle de bain', 'Nouveau']",5,45.0,2.0,1.0,1.0,Nouveau,3.0,15
Appartements Casablanca,La Gironde à Casablanca,33.586997524384465,-7.604577541351404,"3 chambres, 1 Salon sur Bd la résistance",1800000.0,"['144 m²', '4 Pièces', '3 Chambres', '3 Salles de bains', 'Bon état', '5-10 ans', '2ème étage']",7,144.0,4.0,3.0,3.0,Bon état,2.0,7
Appartements Casablanca,La Gironde à Casablanca,33.56170473792227,-7.630379283521052,Appart 100m² avec 47m² Terrasse+53m² habitable,824000.0,"['100 m²', '3 Pièces', '2 Chambres', '1 Salle de bain', 'Nouveau']",5,100.0,3.0,2.0,1.0,Nouveau,3.0,15
Appartements Casablanca,La Gironde à Casablanca,33.56170473792227,-7.630379283521052,Studio de 35m² en vente Résidence Siyame La Gironde 2,400000.0,"['32 m²', '2 Pièces', '1 Chambre', '1 Salle de bain', 'Nouveau']",5,32.0,2.0,1.0,1.0,Nouveau,3.0,15
Appartements Casablanca,Californie à Casablanca,33.56170473792227,-7.630379283521052,Appartement de 139m² en vente UTOPIA,1818500.0,"['139 m²', '4 Pièces', '3 Chambres', '2 Salles de bains', '1er étage']",5,139.0,4.0,3.0,2.0,Bon état,1.0,15
Appartements Casablanca,Lissasfa à Casablanca,33.56170473792227,-7.630379283521052,"Appartement en RDC de 113m² en vente, Résidence Saadat El Oulfa 2",866800.0,"['113 m²', '3 Chambres', '2 Salles de bains', 'Nouveau']",5,113.0,4.682934712346477,3.0,2.0,Nouveau,3.0,15
Appartements Casablanca,Lissasfa à Casablanca,33.56170473792227,-7.630379283521052,Appartement de 109m² en vente Résidence Saadat El Oulfa 2,1103080.0,"['109 m²', '4 Pièces', '3 Chambres', '2 Salles de bains', 'Nouveau', '4ème étage']",6,109.0,4.0,3.0,2.0,Nouveau,4.0,15
Appartements Casablanca,Lissasfa à Casablanca,33.53280269059777,-7.678780087916664,Appartement 123m² en vente Résidence Saadat El Oulfa 2,1146270.0,"['123 m²', '4 Pièces', '3 Chambres', '2 Salles de bains', 'Nouveau', '1er étage']",6,123.0,4.0,3.0,2.0,Nouveau,1.0,15
Appartements Casablanca,Lissasfa à Casablanca,33.56170473792227,-7.630379283521052,"Appartement en RDC de 153m² en vente, Résidence Saadat El Oulfa 2",1091200.0,"['153 m²', '4 Pièces', '3 Chambres', '2 Salles de bains', 'Nouveau']",5,153.0,4.0,3.0,2.0,Nouveau,3.0,15
Appartements Casablanca,Lissasfa à Casablanca,33.56170473792227,-7.630379283521052,"Appartement de 107m² en vente, Résidence Saadat El Oulfa 2",1118150.0,"['107 m²', '4 Pièces', '3 Chambres', '2 Salles de bains', 'Nouveau', '2ème étage']",6,107.0,4.0,3.0,2.0,Nouveau,2.0,15
Appartements Casablanca,Lissasfa à Casablanca,33.56170473792227,-7.630379283521052,"Appartement de 107m² en vente, Résidence Saadat El Oulfa 2",1118150.0,"['107 m²', '4 Pièces', '3 Chambres', '2 Salles de bains', 'Nouveau', '1er étage']",6,107.0,4.0,3.0,2.0,Nouveau,1.0,15
Appartements Casablanca,Lissasfa à Casablanca,33.56170473792227,-7.630379283521052,Appartement de 113m² en vente Résidence Saadat El Oulfa 2,1162200.0,"['113 m²', '3 Chambres', '2 Salles de bains', 'Nouveau', '5ème étage']",6,113.0,4.682934712346477,3.0,2.0,Nouveau,5.0,15
Appartements Casablanca,Oasis à Casablanca,33.56170473792227,-7.630379283521052,OASIS Appartement moderne 128 m²,2450000.0,"['128 m²', '3 Pièces', '2 Chambres', '3 Salles de bains', 'Nouveau', '1-5 ans', '4ème étage']",7,128.0,3.0,2.0,3.0,Nouveau,4.0,3
Appartements Casablanca,Gauthier à Casablanca,33.59257,-7.63892,Appartement Haut Standing Gauthier F4 de 155 m2 Superbe vue,3275000.0,"['155 m²', '4 Pièces', '3 Chambres', '2 Salles de bains', '4ème étage']",5,155.0,4.0,3.0,2.0,Bon état,4.0,15
Appartements Casablanca,Anassi à Casablanca,33.56170473792227,-7.630379283521052,Bel appartement avec ascenseur,520000.0,"['80 m²', '3 Pièces', '2 Chambres', '1 Salle de bain', 'Bon état', '5-10 ans', '6ème étage']",7,80.0,3.0,2.0,1.0,Bon état,6.0,7
Appartements Casablanca,Al Azhar à Casablanca,33.53413318087815,-7.591981887817383,Appart de standing sur le boulevard mohamed zafzaf,720000.0,"['85 m²', '4 Pièces', '3 Chambres', '2 Salles de bains', 'Nouveau', '1-5 ans', '2ème étage']",7,85.0,4.0,3.0,2.0,Nouveau,2.0,3
Appartements Casablanca,Californie à Casablanca,33.56170473792227,-7.630379283521052,Appartement en RDC de 103m² 2 chambres salon à Jnane Californie,1391000.0,"['103 m²', '3 Pièces', '2 Chambres', '2 Salles de bains', 'Nouveau']",5,103.0,3.0,2.0,2.0,Nouveau,3.0,15
Appartements Casablanca,Gauthier à Casablanca,33.58891909184207,-7.628674507141113,Appartement à vendre sur Gauthier PLACE OLIER,3000000.0,"['256 m²', '7 Pièces', '4 Chambres', '3 Salles de bains', 'Bon état', '10-20 ans', '1er étage']",7,256.0,7.0,4.0,3.0,Bon état,1.0,15
Appartements Casablanca,Oasis à Casablanca,33.55702447218315,-7.6348114013671875,Bel appartement neuf 102m à vendre sur l'oasis,1850000.0,"['102 m²', '5 Pièces', '2 Chambres', '2 Salles de bains', 'Nouveau', ""Moins d'un an"", '2ème étage']",7,102.0,5.0,2.0,2.0,Nouveau,2.0,0
Appartements Casablanca,Oasis à Casablanca,33.55702447218315,-7.6348114013671875,Top Appartement à vendre à l'oasis sans vis à,1550000.0,"['84 m²', '4 Pièces', '2 Chambres', '2 Salles de bains', 'Bon état', '1-5 ans', '3ème étage']",7,84.0,4.0,2.0,2.0,Bon état,3.0,3
Appartements Casablanca,Oulfa à Casablanca,33.550774678460385,-7.697961330413676,Appartement de 127m² en vente Résidence New City,1333500.0,"['127 m²', '4 Pièces', '3 Chambres', '2 Salles de bains', 'Nouveau']",5,127.0,4.0,3.0,2.0,Nouveau,3.0,15
Appartements Casablanca,Anassi à Casablanca,33.56170473792227,-7.630379283521052,"Appartement de 64m², RÉSIDENCE AL BADR - ANASSI",540000.0,"['64 m²', '3 Pièces', '2 Chambres', '2 Salles de bains', 'Nouveau']",5,64.0,3.0,2.0,2.0,Nouveau,3.0,15
Appartements Casablanca,Anassi à Casablanca,33.59277446389372,-7.500365242426085,"Appartement de 70m², RÉSIDENCE AL BADR - ANASSI",600000.0,"['70 m²', '3 Pièces', '2 Chambres', '2 Salles de bains', 'Nouveau']",5,70.0,3.0,2.0,2.0,Nouveau,3.0,15
Appartements Casablanca,El Manar - El Hank à Casablanca,33.604041673774326,-7.655426859855709,"Appartement de 94m² en vente, Les terrasses d'anfa",4558824.761494253,"['94 m²', '4 Pièces', '3 Chambres', '2 Salles de bains', 'Nouveau']",5,94.0,4.0,3.0,2.0,Nouveau,3.0,15
Appartements Casablanca,Casablanca Finance City à Casablanca,33.547117579470296,-7.675495147705078,"Appartement F4 de 104m² en vente Résidence Occitania, Casablanca",2180000.0,"['104 m²', '4 Pièces', '3 Chambres', '2 Salles de bains', 'Nouveau']",5,104.0,4.0,3.0,2.0,Nouveau,3.0,15
Appartements Casablanca,Casablanca Finance City à Casablanca,33.547117579470296,-7.675495147705078,"Appartement F2 de 65m² en vente Résidence Occitania, Casablanca",1600000.0,"['65 m²', '2 Pièces', '1 Chambre', '1 Salle de bain', 'Nouveau']",5,65.0,2.0,1.0,1.0,Nouveau,3.0,15
Appartements Casablanca,La Gironde à Casablanca,33.56170473792227,-7.630379283521052,"Appartement de 57 m² en vente, Résidence Shangai",710000.0,"['57 m²', '3 Pièces', '2 Chambres', '1 Salle de bain', 'Nouveau']",5,57.0,3.0,2.0,1.0,Nouveau,3.0,15
Appartements Casablanca,La Gironde à Casablanca,33.56170473792227,-7.630379283521052,Studio de 35m² en vente Résidence Siyame La Gironde 2,400000.0,"['32 m²', '2 Pièces', '1 Chambre', '1 Salle de bain', 'Nouveau']",5,32.0,2.0,1.0,1.0,Nouveau,3.0,15
Appartements Casablanca,La Gironde à Casablanca,33.56170473792227,-7.630379283521052,Studio de 50m² en vente Résidence Siyame La Gironde 2,625000.0,"['50 m²', '2 Pièces', '1 Chambre', '1 Salle de bain', 'Nouveau']",5,50.0,2.0,1.0,1.0,Nouveau,3.0,15
Appartements Casablanca,La Gironde à Casablanca,33.56170473792227,-7.630379283521052,Appartement de 90m² en vente Résidence Siyame La Gironde 2,1125000.0,"['90 m²', '4 Pièces', '3 Chambres', '2 Salles de bains', 'Nouveau']",5,90.0,4.0,3.0,2.0,Nouveau,3.0,15
Appartements Casablanca,La Gironde à Casablanca,33.56170473792227,-7.630379283521052,Appartement de 102m² en vente Résidence Siyame La Gironde 2,1275000.0,"['102 m²', '4 Pièces', '3 Chambres', '2 Salles de bains', 'Nouveau']",5,102.0,4.0,3.0,2.0,Nouveau,3.0,15
Appartements Casablanca,Palmier à Casablanca,33.580946541729524,-7.629060745239258,Bel appartement haut standing à vendre,1912000.0,"['95 m²', '3 Pièces', '2 Chambres', '1 Salle de bain', 'Nouveau', ""Moins d'un an"", '7ème étage']",7,95.0,3.0,2.0,1.0,Nouveau,7.0,0
Appartements Casablanca,Racine à Casablanca,33.56170473792227,-7.630379283521052,Coquet appartement 173m² à vendre Racine,3150000.0,"['173 m²', '5 Pièces', '3 Chambres', '2 Salles de bains', 'Bon état', '1er étage']",6,173.0,5.0,3.0,2.0,Bon état,1.0,15
Appartements Casablanca,Mandarona à Casablanca,33.56170473792227,-7.630379283521052,Superbe appartement à vendre à Mandarona. 4 chambres agréables,1200000.0,"['120 m²', '2 Pièces', '4 Chambres', '2 Salles de bains', 'Bon état', '5-10 ans', '2ème étage']",7,120.0,2.0,4.0,2.0,Bon état,2.0,7
Appartements Casablanca,Racine à Casablanca,33.56170473792227,-7.630379283521052,Appartement à vendre à Casablanca. Superficie 85 m²,8300000.0,"['85 m²', '2 Pièces', '2 Chambres', '1 Salle de bain', 'Bon état', '3ème étage']",6,85.0,2.0,2.0,1.0,Bon état,3.0,15
Appartements Casablanca,Palmier à Casablanca,33.5899833,-7.630570599999999,Appartement à Palmier de 184m2,2600000.0,"['184 m²', '4 Pièces', '3 Chambres', '2 Salles de bains', 'Bon état', '20-30 ans', '1er étage']",7,184.0,4.0,3.0,2.0,Bon état,1.0,25
Appartements Casablanca,Mers Sultan à Casablanca,33.56170473792227,-7.630379283521052,Appartement refait a neuf a vendre bd 2 Mars,1700000.0,"['112 m²', '4 Pièces', '2 Chambres', '2 Salles de bains', 'Bon état', '10-20 ans', '3ème étage']",7,112.0,4.0,2.0,2.0,Bon état,3.0,15
Appartements Casablanca,Californie à Casablanca,33.56170473792227,-7.630379283521052,Appartement de 139m² en vente UTOPIA,1818500.0,"['139 m²', '4 Pièces', '3 Chambres', '2 Salles de bains', '1er étage']",5,139.0,4.0,3.0,2.0,Bon état,1.0,15
Appartements Casablanca,Lissasfa à Casablanca,33.56170473792227,-7.630379283521052,"Appartement en RDC de 113m² en vente, Résidence Saadat El Oulfa 2",866800.0,"['113 m²', '3 Chambres', '2 Salles de bains', 'Nouveau']",5,113.0,4.682934712346477,3.0,2.0,Nouveau,3.0,15
Appartements Casablanca,Lissasfa à Casablanca,33.56170473792227,-7.630379283521052,Appartement de 109m² en vente Résidence Saadat El Oulfa 2,1103080.0,"['109 m²', '4 Pièces', '3 Chambres', '2 Salles de bains', 'Nouveau', '4ème étage']",6,109.0,4.0,3.0,2.0,Nouveau,4.0,15
Appartements Casablanca,Lissasfa à Casablanca,33.53280269059777,-7.678780087916664,Appartement 123m² en vente Résidence Saadat El Oulfa 2,1146270.0,"['123 m²', '4 Pièces', '3 Chambres', '2 Salles de bains', 'Nouveau', '1er étage']",6,123.0,4.0,3.0,2.0,Nouveau,1.0,15
Appartements Casablanca,Lissasfa à Casablanca,33.56170473792227,-7.630379283521052,"Appartement en RDC de 153m² en vente, Résidence Saadat El Oulfa 2",1091200.0,"['153 m²', '4 Pièces', '3 Chambres', '2 Salles de bains', 'Nouveau']",5,153.0,4.0,3.0,2.0,Nouveau,3.0,15
Appartements Casablanca,Lissasfa à Casablanca,33.56170473792227,-7.630379283521052,"Appartement de 107m² en vente, Résidence Saadat El Oulfa 2",1118150.0,"['107 m²', '4 Pièces', '3 Chambres', '2 Salles de bains', 'Nouveau', '2ème étage']",6,107.0,4.0,3.0,2.0,Nouveau,2.0,15
Appartements Casablanca,Lissasfa à Casablanca,33.56170473792227,-7.630379283521052,"Appartement de 107m² en vente, Résidence Saadat El Oulfa 2",1118150.0,"['107 m²', '4 Pièces', '3 Chambres', '2 Salles de bains', 'Nouveau', '1er étage']",6,107.0,4.0,3.0,2.0,Nouveau,1.0,15
Appartements Casablanca,Lissasfa à Casablanca,33.56170473792227,-7.630379283521052,Appartement de 113m² en vente Résidence Saadat El Oulfa 2,1162200.0,"['113 m²', '3 Chambres', '2 Salles de bains', 'Nouveau', '5ème étage']",6,113.0,4.682934712346477,3.0,2.0,Nouveau,5.0,15
Appartements Casablanca,Oasis à Casablanca,33.56170473792227,-7.630379283521052,OASIS Appartement moderne 128 m²,2450000.0,"['128 m²', '3 Pièces', '2 Chambres', '3 Salles de bains', 'Nouveau', '1-5 ans', '4ème étage']",7,128.0,3.0,2.0,3.0,Nouveau,4.0,3
Appartements Casablanca,Gauthier à Casablanca,33.59257,-7.63892,Appartement Haut Standing Gauthier F4 de 155 m2 Superbe vue,3275000.0,"['155 m²', '4 Pièces', '3 Chambres', '2 Salles de bains', '4ème étage']",5,155.0,4.0,3.0,2.0,Bon état,4.0,15
Appartements Casablanca,Anassi à Casablanca,33.54729641431625,-7.61103630065918,Bel appartement avec ascenseur,520000.0,"['80 m²', '3 Pièces', '2 Chambres', '1 Salle de bain', 'Bon état', '5-10 ans', '6ème étage']",7,80.0,3.0,2.0,1.0,Bon état,6.0,7
Appartements Casablanca,Al Azhar à Casablanca,33.53413318087815,-7.591981887817383,Appart de standing sur le boulevard mohamed zafzaf,720000.0,"['85 m²', '4 Pièces', '3 Chambres', '2 Salles de bains', 'Nouveau', '1-5 ans', '2ème étage']",7,85.0,4.0,3.0,2.0,Nouveau,2.0,3
Appartements Casablanca,Californie à Casablanca,33.56170473792227,-7.630379283521052,Appartement en RDC de 103m² 2 chambres salon à Jnane Californie,1391000.0,"['103 m²', '3 Pièces', '2 Chambres', '2 Salles de bains', 'Nouveau']",5,103.0,3.0,2.0,2.0,Nouveau,3.0,15
Appartements Casablanca,Gauthier à Casablanca,33.56170473792227,-7.630379283521052,Appartement à vendre sur Gauthier PLACE OLIER,3000000.0,"['256 m²', '7 Pièces', '4 Chambres', '3 Salles de bains', 'Bon état', '10-20 ans', '1er étage']",7,256.0,7.0,4.0,3.0,Bon état,1.0,15
Appartements Casablanca,Oasis à Casablanca,33.56170473792227,-7.630379283521052,Bel appartement neuf 102m à vendre sur l'oasis,1850000.0,"['102 m²', '5 Pièces', '2 Chambres', '2 Salles de bains', 'Nouveau', ""Moins d'un an"", '2ème étage']",7,102.0,5.0,2.0,2.0,Nouveau,2.0,0
Appartements Casablanca,Oasis à Casablanca,33.55702447218315,-7.6348114013671875,Top Appartement à vendre à l'oasis sans vis à,1550000.0,"['84 m²', '4 Pièces', '2 Chambres', '2 Salles de bains', 'Bon état', '1-5 ans', '3ème étage']",7,84.0,4.0,2.0,2.0,Bon état,3.0,3
Appartements Casablanca,Oulfa à Casablanca,33.550774678460385,-7.697961330413676,Appartement de 127m² en vente Résidence New City,1333500.0,"['127 m²', '4 Pièces', '3 Chambres', '2 Salles de bains', 'Nouveau']",5,127.0,4.0,3.0,2.0,Nouveau,3.0,15
Appartements Casablanca,Anassi à Casablanca,33.56170473792227,-7.630379283521052,"Appartement de 64m², RÉSIDENCE AL BADR - ANASSI",540000.0,"['64 m²', '3 Pièces', '2 Chambres', '2 Salles de bains', 'Nouveau']",5,64.0,3.0,2.0,2.0,Nouveau,3.0,15
Appartements Casablanca,Anassi à Casablanca,33.59277446389372,-7.500365242426085,"Appartement de 70m², RÉSIDENCE AL BADR - ANASSI",600000.0,"['70 m²', '3 Pièces', '2 Chambres', '2 Salles de bains', 'Nouveau']",5,70.0,3.0,2.0,2.0,Nouveau,3.0,15
Appartements Casablanca,El Manar - El Hank à Casablanca,33.604041673774326,-7.655426859855709,"Appartement de 94m² en vente, Les terrasses d'anfa",4558824.761494253,"['94 m²', '4 Pièces', '3 Chambres', '2 Salles de bains', 'Nouveau']",5,94.0,4.0,3.0,2.0,Nouveau,3.0,15
Appartements Casablanca,Casablanca Finance City à Casablanca,33.547117579470296,-7.675495147705078,"Appartement F4 de 104m² en vente Résidence Occitania, Casablanca",2180000.0,"['104 m²', '4 Pièces', '3 Chambres', '2 Salles de bains', 'Nouveau']",5,104.0,4.0,3.0,2.0,Nouveau,3.0,15
Appartements Casablanca,Casablanca Finance City à Casablanca,33.547117579470296,-7.675495147705078,"Appartement F2 de 65m² en vente Résidence Occitania, Casablanca",1600000.0,"['65 m²', '2 Pièces', '1 Chambre', '1 Salle de bain', 'Nouveau']",5,65.0,2.0,1.0,1.0,Nouveau,3.0,15
Appartements Casablanca,La Gironde à Casablanca,33.56170473792227,-7.630379283521052,"Appartement de 57 m² en vente, Résidence Shangai",710000.0,"['57 m²', '3 Pièces', '2 Chambres', '1 Salle de bain', 'Nouveau']",5,57.0,3.0,2.0,1.0,Nouveau,3.0,15
Appartements Casablanca,La Gironde à Casablanca,33.56170473792227,-7.630379283521052,Studio de 35m² en vente Résidence Siyame La Gironde 2,400000.0,"['32 m²', '2 Pièces', '1 Chambre', '1 Salle de bain', 'Nouveau']",5,32.0,2.0,1.0,1.0,Nouveau,3.0,15
Appartements Casablanca,La Gironde à Casablanca,33.56170473792227,-7.630379283521052,Studio de 50m² en vente Résidence Siyame La Gironde 2,625000.0,"['50 m²', '2 Pièces', '1 Chambre', '1 Salle de bain', 'Nouveau']",5,50.0,2.0,1.0,1.0,Nouveau,3.0,15
Appartements Casablanca,La Gironde à Casablanca,33.56170473792227,-7.630379283521052,Appartement de 90m² en vente Résidence Siyame La Gironde 2,1125000.0,"['90 m²', '4 Pièces', '3 Chambres', '2 Salles de bains', 'Nouveau']",5,90.0,4.0,3.0,2.0,Nouveau,3.0,15
Appartements Casablanca,La Gironde à Casablanca,33.56170473792227,-7.630379283521052,Appartement de 102m² en vente Résidence Siyame La Gironde 2,1275000.0,"['102 m²', '4 Pièces', '3 Chambres', '2 Salles de bains', 'Nouveau']",5,102.0,4.0,3.0,2.0,Nouveau,3.0,15
Appartements Casablanca,Palmier à Casablanca,33.580946541729524,-7.629060745239258,Bel appartement haut standing à vendre,1912000.0,"['95 m²', '3 Pièces', '2 Chambres', '1 Salle de bain', 'Nouveau', ""Moins d'un an"", '7ème étage']",7,95.0,3.0,2.0,1.0,Nouveau,7.0,0
Appartements Casablanca,Racine à Casablanca,33.592458238962855,-7.648158073425293,Coquet appartement 173m² à vendre Racine,3150000.0,"['173 m²', '5 Pièces', '3 Chambres', '2 Salles de bains', 'Bon état', '1er étage']",6,173.0,5.0,3.0,2.0,Bon état,1.0,15
Appartements Casablanca,Mandarona à Casablanca,33.56170473792227,-7.630379283521052,Superbe appartement à vendre à Mandarona. 4 chambres agréables,1200000.0,"['120 m²', '2 Pièces', '4 Chambres', '2 Salles de bains', 'Bon état', '5-10 ans', '2ème étage']",7,120.0,2.0,4.0,2.0,Bon état,2.0,7
Appartements Casablanca,Racine à Casablanca,33.56170473792227,-7.630379283521052,Appartement à vendre à Casablanca. Superficie 85 m²,8300000.0,"['85 m²', '2 Pièces', '2 Chambres', '1 Salle de bain', 'Bon état', '3ème étage']",6,85.0,2.0,2.0,1.0,Bon état,3.0,15
Appartements Casablanca,Palmier à Casablanca,33.5899833,-7.630570599999999,Appartement à Palmier de 184m2,2600000.0,"['184 m²', '4 Pièces', '3 Chambres', '2 Salles de bains', 'Bon état', '20-30 ans', '1er étage']",7,184.0,4.0,3.0,2.0,Bon état,1.0,25
Appartements Casablanca,Mers Sultan à Casablanca,33.56170473792227,-7.630379283521052,Appartement refait a neuf a vendre bd 2 Mars,1700000.0,"['112 m²', '4 Pièces', '2 Chambres', '2 Salles de bains', 'Bon état', '10-20 ans', '3ème étage']",7,112.0,4.0,2.0,2.0,Bon état,3.0,15
Appartements Casablanca,Lissasfa à Casablanca,33.56170473792227,-7.630379283521052,"Appartement de 99m² en vente, Résidence Saadat El Oulfa 2",1034550.0,"['99 m²', '4 Pièces', '3 Chambres', '2 Salles de bains', 'Nouveau', '5ème étage']",6,99.0,4.0,3.0,2.0,Nouveau,5.0,15
Appartements Casablanca,Lissasfa à Casablanca,33.56170473792227,-7.630379283521052,"Appartement de 107m² en vente, Résidence Saadat El Oulfa 2",1106380.0,"['107 m²', '4 Pièces', '3 Chambres', '2 Salles de bains', 'Nouveau', '3ème étage']",6,107.0,4.0,3.0,2.0,Nouveau,3.0,15
Appartements Casablanca,Lissasfa à Casablanca,33.56170473792227,-7.630379283521052,Appartement de 100m² en vente Résidence Saadat El Oulfa 2,1067000.0,"['100 m²', '4 Pièces', '3 Chambres', '2 Salles de bains', 'Nouveau', '1er étage']",6,100.0,4.0,3.0,2.0,Nouveau,1.0,15
Appartements Casablanca,Lissasfa à Casablanca,33.56170473792227,-7.630379283521052,"Appartement de 100m² en vente, Résidence Saadat El Oulfa 2",1056000.0,"['100 m²', '4 Pièces', '3 Chambres', '2 Salles de bains', 'Nouveau', '2ème étage']",6,100.0,4.0,3.0,2.0,Nouveau,2.0,15
Appartements Casablanca,Maârif à Casablanca,33.56170473792227,-7.630379283521052,Appartement de 133m² en vente Résidence Ô Maarif,2615500.0,"['133 m²', '4 Pièces', '3 Chambres', '2 Salles de bains', 'Nouveau', '4ème étage']",6,133.0,4.0,3.0,2.0,Nouveau,4.0,15
Appartements Casablanca,Maârif à Casablanca,33.56170473792227,-7.630379283521052,Appartement de 82m² en vente Résidence Ô Maarif,1699000.0,"['82 m²', '3 Pièces', '2 Chambres', 'Nouveau', '3ème étage']",6,82.0,3.0,2.0,2.306532663316583,Nouveau,3.0,15
Appartements Casablanca,Maârif à Casablanca,33.56170473792227,-7.630379283521052,Studio de 85m² en vente Résidence ô Mâarif,1473500.0,"['85 m²', '2 Pièces', '1 Chambre', '1 Salle de bain', 'Nouveau', '1er étage']",6,85.0,2.0,1.0,1.0,Nouveau,1.0,15
Appartements Casablanca,Californie à Casablanca,33.56170473792227,-7.630379283521052,Appartement Rez-de-jardin de 167m² en vente UTOPIA,1938830.0,"['167 m²', '4 Pièces', '3 Chambres', '2 Salles de bains']",4,167.0,4.0,3.0,2.306532663316583,Bon état,3.0,15
Appartements Casablanca,La Gironde à Casablanca,33.56170473792227,-7.630379283521052,"Appartement de 64 m² en vente, Résidence Shangai",800000.0,"['64 m²', '3 Pièces', '2 Chambres', '2 Salles de bains', 'Nouveau', '4ème étage']",6,64.0,3.0,2.0,2.0,Nouveau,4.0,15
Appartements Casablanca,La Gironde à Casablanca,33.56170473792227,-7.630379283521052,"Appartement de 70 m² en vente, Résidence Shangai",875000.0,"['70 m²', '3 Pièces', '2 Chambres', '2 Salles de bains', 'Nouveau', '5ème étage']",6,70.0,3.0,2.0,2.0,Nouveau,5.0,15
Appartements Casablanca,Palmier à Casablanca,33.56170473792227,-7.630379283521052,"Appartement de 109 m² en vente, Palmier Place",2157500.0,"['109 m²', '4 Pièces', '3 Chambres', '2 Salles de bains', 'Nouveau']",5,109.0,4.0,3.0,2.0,Nouveau,3.0,15
Appartements Casablanca,Casablanca Finance City à Casablanca,33.5592358768252,-7.65225006860351,"Appartement F2 de 59m² en vente, Ryad' Anfa",1250000.0,"['59 m²', '1 Chambre', '1 Salle de bain']",4,59.0,4.682934712346477,1.0,2.306532663316583,Bon état,3.0,15
Appartements Casablanca,Casablanca Finance City à Casablanca,33.5592358768252,-7.65225006860351,"Appartement F4 de 124m² en vente, Ryad' Anfa",2200000.0,"['124 m²', '3 Chambres', '2 Salles de bains']",4,124.0,4.682934712346477,3.0,2.306532663316583,Bon état,3.0,15
Appartements Casablanca,Gauthier à Casablanca,33.5889190918421,-7.62867450714111,Appartement avec terrasse sur Gauthier,3150000.0,"['238 m²', '5 Pièces', '3 Chambres', '2 Salles de bains', 'Bon état', '5-10 ans', '1er étage']",7,238.0,5.0,3.0,2.0,Bon état,1.0,7
Appartements Casablanca,Bourgogne Ouest à Casablanca,33.598304662993705,-7.644252777099609,À vendre des Appartements neuf Bourgoune,1600000.0,"['87 m²', '4 Pièces', '2 Chambres', '2 Salles de bains', 'Nouveau', '4ème étage']",6,87.0,4.0,2.0,2.0,Nouveau,4.0,15
Appartements Casablanca,Bourgogne Ouest à Casablanca,33.56170473792227,-7.630379283521052,Vente joli studio meublé 51m² Bourgogne Ouest,1000000.0,"['51 m²', '2 Pièces', '1 Chambre', '1 Salle de bain', 'Bon état']",5,51.0,2.0,1.0,1.0,Bon état,3.0,15
Appartements Casablanca,Aïn Sebaâ à Casablanca,33.613068914837,-7.525504278639175,"Studio de 43m² en vente, Résidence En-Nour",451000.0,"['43 m²', '3 Pièces', '1 Chambre', '1 Salle de bain', 'Nouveau', ""Moins d'un an"", '4ème étage']",7,43.0,3.0,1.0,1.0,Nouveau,4.0,0
Appartements Casablanca,Hermitage à Casablanca,33.56819965695728,-7.623234987258797,Studio de 57m² en vente Résidence Studio 31,1237650.0,"['57 m²', '2 Pièces', '1 Chambre', '2 Salles de bains', 'Nouveau', '1er étage']",6,57.0,2.0,1.0,2.0,Nouveau,1.0,15
Appartements Casablanca,Maârif à Casablanca,33.56170473792227,-7.630379283521052,Appartement de 105m² en vente Résidence Ô Maarif,2118250.0,"['105 m²', '3 Pièces', '2 Chambres', 'Nouveau', '1er étage']",6,105.0,3.0,2.0,2.306532663316583,Nouveau,1.0,15
Appartements Casablanca,Casablanca Finance City à Casablanca,33.5585265011327,-7.605092525482178,"Duplex de 259m² en vente , NEXT HOUSE CASA ANFA",5052000.0,"['259 m²', '4 Pièces', '3 Chambres', '2 Salles de bains']",4,259.0,4.0,3.0,2.306532663316583,Bon état,3.0,15
Appartements Casablanca,Oulfa à Casablanca,33.56170473792227,-7.630379283521052,"Appartement de 110m² en vente, Dans le quartier Farah Cité Essalam EL OULFA",1260000.0,"['110 m²', '4 Pièces', '3 Chambres', '1 Salle de bain', 'Nouveau', ""Moins d'un an""]",6,110.0,4.0,3.0,1.0,Nouveau,3.0,0
Appartements Casablanca,Ferme Bretonne (Hay Arraha) à Casablanca,33.5608510182527,-7.647085189819336,Appartement à vendre Quartier FERME BRETONNE,1800000.0,"['102 m²', '4 Pièces', '3 Chambres', '2 Salles de bains', 'Nouveau', '1-5 ans']",6,102.0,4.0,3.0,2.0,Nouveau,3.0,3
Appartements Casablanca,Racine à Casablanca,33.56170473792227,-7.630379283521052,Beaux volumes avenue du phare,3400000.0,"['191 m²', '6 Pièces', '3 Chambres', '3 Salles de bains']",4,191.0,6.0,3.0,2.306532663316583,Bon état,3.0,15
Appartements Casablanca,Palmier à Casablanca,33.5899833,-7.630570599999999,Appartement à Palmier de 184m2,2600000.0,"['184 m²', '4 Pièces', '3 Chambres', '2 Salles de bains', 'Bon état', '20-30 ans', '1er étage']",7,184.0,4.0,3.0,2.0,Bon état,1.0,25
Appartements Casablanca,Mers Sultan à Casablanca,33.57955216356586,-7.611980438232422,Appartement refait a neuf a vendre bd 2 Mars,1700000.0,"['112 m²', '4 Pièces', '2 Chambres', '2 Salles de bains', 'Bon état', '10-20 ans', '3ème étage']",7,112.0,4.0,2.0,2.0,Bon état,3.0,15
Appartements Casablanca,Californie à Casablanca,33.56170473792227,-7.630379283521052,"Appartement 205m², Ascenseur, Aïn Chock",3200000.0,"['205 m²', '4 Pièces', '3 Chambres', '2 Salles de bains', 'Nouveau']",5,205.0,4.0,3.0,2.0,Nouveau,3.0,15
Appartements Casablanca,Palmier à Casablanca,33.580946541729524,-7.629060745239258,Grand appartement haut standing à vendre,2420000.0,"['110 m²', '1 Pièce', '3 Chambres', '1 Salle de bain', 'Nouveau', ""Moins d'un an"", '5ème étage']",8,110.0,4.682934712346477,3.0,1.0,Nouveau,3.0,0
Appartements Casablanca,Derb Ghalef à Casablanca,33.577042175764404,-7.627511252720808,Vente d'un bel appartement à Derb Ghalef. 1 Pièce. Terrasse et ascenseur,910000.0,"['65 m²', '3 Pièces', '2 Chambres', '1 Salle de bain', 'Nouveau', ""Moins d'un an"", '3ème étage']",7,65.0,3.0,2.0,1.0,Nouveau,3.0,0
Appartements Casablanca,Racine à Casablanca,33.56170473792227,-7.630379283521052,Appartement à vendre sur Racine 220 m²,2600000.0,"['220 m²', '6 Pièces', '4 Chambres', '2 Salles de bains', 'Bon état']",5,220.0,6.0,4.0,2.0,Bon état,3.0,15
Villas & maisons de luxe Casablanca,Nassim 1 à Casablanca,33.56170473792227,-7.630379283521052,Villa habitable de suite à Islane Nassim,8500000.0,"['475 m²', '10 Pièces', '5 Chambres', '5 Salles de bains', 'Bon état', '10-20 ans']",6,475.0,10.0,5.0,5.0,Bon état,3.0,15
Appartements Casablanca,Sidi Maarouf à Casablanca,33.56170473792227,-7.630379283521052,Apprt en vente sidi maarouf p loin de nearshore,360000.0,"['52 m²', '3 Pièces', '2 Chambres', '1 Salle de bain', 'Bon état', '5-10 ans']",6,52.0,3.0,2.0,1.0,Bon état,3.0,7
Appartements Casablanca,Bourgogne Ouest à Casablanca,33.60040119809312,-7.647074169797293,Rdc à Bourgogne Ouest. 2 chambres,1555000.0,"['93 m²', '3 Pièces', '2 Chambres', '2 Salles de bains', 'Bon état', '5-10 ans']",6,93.0,3.0,2.0,2.0,Bon état,3.0,7
Appartements Casablanca,Ain Diab à Casablanca,33.58630932470067,-7.671375274658203,Top affaire bouskoura vente appartement au rdc,3600000.0,"['215 m²', '7 Pièces', '4 Chambres', '3 Salles de bains', 'Bon état']",5,215.0,7.0,4.0,3.0,Bon état,3.0,15
Appartements Casablanca,Lissasfa à Casablanca,33.56170473792227,-7.630379283521052,"Appartement de 99m² en vente, Résidence Saadat El Oulfa 2",1034550.0,"['99 m²', '4 Pièces', '3 Chambres', '2 Salles de bains', 'Nouveau', '5ème étage']",6,99.0,4.0,3.0,2.0,Nouveau,5.0,15
Appartements Casablanca,Lissasfa à Casablanca,33.56170473792227,-7.630379283521052,"Appartement de 107m² en vente, Résidence Saadat El Oulfa 2",1106380.0,"['107 m²', '4 Pièces', '3 Chambres', '2 Salles de bains', 'Nouveau', '3ème étage']",6,107.0,4.0,3.0,2.0,Nouveau,3.0,15
Appartements Casablanca,Lissasfa à Casablanca,33.56170473792227,-7.630379283521052,Appartement de 100m² en vente Résidence Saadat El Oulfa 2,1067000.0,"['100 m²', '4 Pièces', '3 Chambres', '2 Salles de bains', 'Nouveau', '1er étage']",6,100.0,4.0,3.0,2.0,Nouveau,1.0,15
Appartements Casablanca,Lissasfa à Casablanca,33.56170473792227,-7.630379283521052,"Appartement de 100m² en vente, Résidence Saadat El Oulfa 2",1056000.0,"['100 m²', '4 Pièces', '3 Chambres', '2 Salles de bains', 'Nouveau', '2ème étage']",6,100.0,4.0,3.0,2.0,Nouveau,2.0,15
Appartements Casablanca,Maârif à Casablanca,33.56170473792227,-7.630379283521052,Appartement de 133m² en vente Résidence Ô Maarif,2615500.0,"['133 m²', '4 Pièces', '3 Chambres', '2 Salles de bains', 'Nouveau', '4ème étage']",6,133.0,4.0,3.0,2.0,Nouveau,4.0,15
Appartements Casablanca,Maârif à Casablanca,33.56170473792227,-7.630379283521052,Appartement de 82m² en vente Résidence Ô Maarif,1699000.0,"['82 m²', '3 Pièces', '2 Chambres', 'Nouveau', '3ème étage']",6,82.0,3.0,2.0,2.306532663316583,Nouveau,3.0,15
Appartements Casablanca,Maârif à Casablanca,33.56170473792227,-7.630379283521052,Studio de 85m² en vente Résidence ô Mâarif,1473500.0,"['85 m²', '2 Pièces', '1 Chambre', '1 Salle de bain', 'Nouveau', '1er étage']",6,85.0,2.0,1.0,1.0,Nouveau,1.0,15
Appartements Casablanca,Californie à Casablanca,33.56170473792227,-7.630379283521052,Appartement Rez-de-jardin de 167m² en vente UTOPIA,1938830.0,"['167 m²', '4 Pièces', '3 Chambres', '2 Salles de bains']",4,167.0,4.0,3.0,2.306532663316583,Bon état,3.0,15
Appartements Casablanca,La Gironde à Casablanca,33.56170473792227,-7.630379283521052,"Appartement de 64 m² en vente, Résidence Shangai",800000.0,"['64 m²', '3 Pièces', '2 Chambres', '2 Salles de bains', 'Nouveau', '4ème étage']",6,64.0,3.0,2.0,2.0,Nouveau,4.0,15
Appartements Casablanca,La Gironde à Casablanca,33.56170473792227,-7.630379283521052,"Appartement de 70 m² en vente, Résidence Shangai",875000.0,"['70 m²', '3 Pièces', '2 Chambres', '2 Salles de bains', 'Nouveau', '5ème étage']",6,70.0,3.0,2.0,2.0,Nouveau,5.0,15
Appartements Casablanca,Palmier à Casablanca,33.56170473792227,-7.630379283521052,"Appartement de 109 m² en vente, Palmier Place",2157500.0,"['109 m²', '4 Pièces', '3 Chambres', '2 Salles de bains', 'Nouveau']",5,109.0,4.0,3.0,2.0,Nouveau,3.0,15
Appartements Casablanca,Casablanca Finance City à Casablanca,33.5592358768252,-7.65225006860351,"Appartement F2 de 59m² en vente, Ryad' Anfa",1250000.0,"['59 m²', '1 Chambre', '1 Salle de bain']",4,59.0,4.682934712346477,1.0,2.306532663316583,Bon état,3.0,15
Appartements Casablanca,Casablanca Finance City à Casablanca,33.5592358768252,-7.65225006860351,"Appartement F4 de 124m² en vente, Ryad' Anfa",2200000.0,"['124 m²', '3 Chambres', '2 Salles de bains']",4,124.0,4.682934712346477,3.0,2.306532663316583,Bon état,3.0,15
Appartements Casablanca,Gauthier à Casablanca,33.5889190918421,-7.62867450714111,Appartement avec terrasse sur Gauthier,3150000.0,"['238 m²', '5 Pièces', '3 Chambres', '2 Salles de bains', 'Bon état', '5-10 ans', '1er étage']",7,238.0,5.0,3.0,2.0,Bon état,1.0,7
Appartements Casablanca,Bourgogne Ouest à Casablanca,33.598304662993705,-7.644252777099609,À vendre des Appartements neuf Bourgoune,1600000.0,"['87 m²', '4 Pièces', '2 Chambres', '2 Salles de bains', 'Nouveau', '4ème étage']",6,87.0,4.0,2.0,2.0,Nouveau,4.0,15
Appartements Casablanca,Bourgogne Ouest à Casablanca,33.598304662993705,-7.644252777099609,Vente joli studio meublé 51m² Bourgogne Ouest,1000000.0,"['51 m²', '2 Pièces', '1 Chambre', '1 Salle de bain', 'Bon état']",5,51.0,2.0,1.0,1.0,Bon état,3.0,15
Appartements Casablanca,Aïn Sebaâ à Casablanca,33.613068914837,-7.525504278639175,"Studio de 43m² en vente, Résidence En-Nour",451000.0,"['43 m²', '3 Pièces', '1 Chambre', '1 Salle de bain', 'Nouveau', ""Moins d'un an"", '4ème étage']",7,43.0,3.0,1.0,1.0,Nouveau,4.0,0
Appartements Casablanca,Hermitage à Casablanca,33.56819965695728,-7.623234987258797,Studio de 57m² en vente Résidence Studio 31,1237650.0,"['57 m²', '2 Pièces', '1 Chambre', '2 Salles de bains', 'Nouveau', '1er étage']",6,57.0,2.0,1.0,2.0,Nouveau,1.0,15
Appartements Casablanca,Maârif à Casablanca,33.56170473792227,-7.630379283521052,Appartement de 105m² en vente Résidence Ô Maarif,2118250.0,"['105 m²', '3 Pièces', '2 Chambres', 'Nouveau', '1er étage']",6,105.0,3.0,2.0,2.306532663316583,Nouveau,1.0,15
Appartements Casablanca,Casablanca Finance City à Casablanca,33.5585265011327,-7.605092525482178,"Duplex de 259m² en vente , NEXT HOUSE CASA ANFA",5052000.0,"['259 m²', '4 Pièces', '3 Chambres', '2 Salles de bains']",4,259.0,4.0,3.0,2.306532663316583,Bon état,3.0,15
Appartements Casablanca,Oulfa à Casablanca,33.56170473792227,-7.630379283521052,"Appartement de 110m² en vente, Dans le quartier Farah Cité Essalam EL OULFA",1260000.0,"['110 m²', '4 Pièces', '3 Chambres', '1 Salle de bain', 'Nouveau', ""Moins d'un an""]",6,110.0,4.0,3.0,1.0,Nouveau,3.0,0
Appartements Casablanca,Ferme Bretonne (Hay Arraha) à Casablanca,33.5608510182527,-7.647085189819336,Appartement à vendre Quartier FERME BRETONNE,1800000.0,"['102 m²', '4 Pièces', '3 Chambres', '2 Salles de bains', 'Nouveau', '1-5 ans']",6,102.0,4.0,3.0,2.0,Nouveau,3.0,3
Appartements Casablanca,Racine à Casablanca,33.592458238962855,-7.648158073425293,Beaux volumes avenue du phare,3400000.0,"['191 m²', '6 Pièces', '3 Chambres', '3 Salles de bains']",4,191.0,6.0,3.0,2.306532663316583,Bon état,3.0,15
Appartements Casablanca,Palmier à Casablanca,33.5899833,-7.630570599999999,Appartement à Palmier de 184m2,2600000.0,"['184 m²', '4 Pièces', '3 Chambres', '2 Salles de bains', 'Bon état', '20-30 ans', '1er étage']",7,184.0,4.0,3.0,2.0,Bon état,1.0,25
Appartements Casablanca,Mers Sultan à Casablanca,33.57955216356586,-7.611980438232422,Appartement refait a neuf a vendre bd 2 Mars,1700000.0,"['112 m²', '4 Pièces', '2 Chambres', '2 Salles de bains', 'Bon état', '10-20 ans', '3ème étage']",7,112.0,4.0,2.0,2.0,Bon état,3.0,15
Appartements Casablanca,Californie à Casablanca,33.53595755299843,-7.625627517700195,"Appartement 205m², Ascenseur, Aïn Chock",3200000.0,"['205 m²', '4 Pièces', '3 Chambres', '2 Salles de bains', 'Nouveau']",5,205.0,4.0,3.0,2.0,Nouveau,3.0,15
Appartements Casablanca,Palmier à Casablanca,33.56170473792227,-7.630379283521052,Grand appartement haut standing à vendre,2420000.0,"['110 m²', '1 Pièce', '3 Chambres', '1 Salle de bain', 'Nouveau', ""Moins d'un an"", '5ème étage']",8,110.0,4.682934712346477,3.0,1.0,Nouveau,3.0,0
Appartements Casablanca,Derb Ghalef à Casablanca,33.577042175764404,-7.627511252720808,Vente d'un bel appartement à Derb Ghalef. 1 Pièce. Terrasse et ascenseur,910000.0,"['65 m²', '3 Pièces', '2 Chambres', '1 Salle de bain', 'Nouveau', ""Moins d'un an"", '3ème étage']",7,65.0,3.0,2.0,1.0,Nouveau,3.0,0
Appartements Casablanca,Racine à Casablanca,33.592458238962855,-7.648158073425293,Appartement à vendre sur Racine 220 m²,2600000.0,"['220 m²', '6 Pièces', '4 Chambres', '2 Salles de bains', 'Bon état']",5,220.0,6.0,4.0,2.0,Bon état,3.0,15
Villas & maisons de luxe Casablanca,Nassim 1 à Casablanca,33.608936597504766,-7.623438835144043,Villa habitable de suite à Islane Nassim,8500000.0,"['475 m²', '10 Pièces', '5 Chambres', '5 Salles de bains', 'Bon état', '10-20 ans']",6,475.0,10.0,5.0,5.0,Bon état,3.0,15
Appartements Casablanca,Sidi Maarouf à Casablanca,33.56170473792227,-7.630379283521052,Apprt en vente sidi maarouf p loin de nearshore,360000.0,"['52 m²', '3 Pièces', '2 Chambres', '1 Salle de bain', 'Bon état', '5-10 ans']",6,52.0,3.0,2.0,1.0,Bon état,3.0,7
Appartements Casablanca,Bourgogne Ouest à Casablanca,33.60040119809312,-7.647074169797293,Rdc à Bourgogne Ouest. 2 chambres,1555000.0,"['93 m²', '3 Pièces', '2 Chambres', '2 Salles de bains', 'Bon état', '5-10 ans']",6,93.0,3.0,2.0,2.0,Bon état,3.0,7
Appartements Casablanca,Ain Diab à Casablanca,33.56170473792227,-7.630379283521052,Top affaire bouskoura vente appartement au rdc,3600000.0,"['215 m²', '7 Pièces', '4 Chambres', '3 Salles de bains', 'Bon état']",5,215.0,7.0,4.0,3.0,Bon état,3.0,15
Appartements Casablanca,Californie à Casablanca,33.524709493386695,-7.607078248528126,Appartement Rez-de-jardin de 243m² en vente UTOPIA,2607850.0,"['243 m²', '4 Pièces', '3 Chambres', '2 Salles de bains']",4,243.0,4.0,3.0,2.306532663316583,Bon état,3.0,15
Appartements Casablanca,Californie à Casablanca,33.56170473792227,-7.630379283521052,Appartement de 116m² en vente UTOPIA,1838760.0,"['116 m²', '4 Pièces', '3 Chambres', '2 Salles de bains', '1er étage']",5,116.0,4.0,3.0,2.0,Bon état,1.0,15
Appartements Casablanca,Casablanca Finance City à Casablanca,33.547117579470296,-7.675495147705078,"Appartement F2 de 65m² en vente Résidence Occitania, Casablanca",1600000.0,"['65 m²', '2 Pièces', '1 Chambre', '1 Salle de bain', 'Nouveau']",5,65.0,2.0,1.0,1.0,Nouveau,3.0,15
Appartements Casablanca,Casablanca Finance City à Casablanca,33.5592358768252,-7.65225006860351,"Appartement F3 de 90m² en vente, Ryad' Anfa",1900000.0,"['90 m²', '2 Chambres', '1 Salle de bain']",4,90.0,4.682934712346477,2.0,2.306532663316583,Bon état,3.0,15
Appartements Casablanca,Maârif Extension à Casablanca,33.57987841432208,-7.641613483429069,Appartement de 55m² en vente Résidence Diaz,1067500.0,"['55 m²', '2 Pièces', '1 Chambre', '1 Salle de bain', 'Nouveau', '5ème étage']",6,55.0,2.0,1.0,1.0,Nouveau,5.0,15
Appartements Casablanca,Maârif Extension à Casablanca,33.57987841432208,-7.641613483429069,Appartement de 45m² en vente Résidence Diaz,860000.0,"['45 m²', '1 Chambre', '1 Salle de bain', '4ème étage']",5,45.0,4.682934712346477,1.0,1.0,Bon état,4.0,15
Appartements Casablanca,Maârif Extension à Casablanca,33.57987841432208,-7.641613483429069,Appartement de 67m² en vente Résidence Diaz,1256000.0,"['67 m²', '2 Pièces', '1 Chambre', '1 Salle de bain', 'Nouveau', '4ème étage']",6,67.0,2.0,1.0,1.0,Nouveau,4.0,15
Appartements Casablanca,Maârif Extension à Casablanca,33.57987841432208,-7.641613483429069,Appartement de 52m² en vente Résidence Diaz,986000.0,"['52 m²', '2 Pièces', '1 Chambre', '1 Salle de bain', 'Nouveau', '2ème étage']",6,52.0,2.0,1.0,1.0,Nouveau,2.0,15
Appartements Casablanca,Casablanca,33.56170473792227,-7.630379283521052,Cil 3 ch avec jolie vue,1900000.0,"['126 m²', '3 Chambres', '1 Salle de bain']",4,126.0,4.682934712346477,3.0,2.306532663316583,Bon état,3.0,15
Appartements Casablanca,Oulfa à Casablanca,33.56170473792227,-7.630379283521052,Appartement acheté Un Salon Meublé OFFERT,600000.0,"['75 m²', '3 Pièces', '2 Chambres', '2 Salles de bains', 'Nouveau', ""Moins d'un an"", '2ème étage']",7,75.0,3.0,2.0,2.0,Nouveau,2.0,0
Appartements Casablanca,Oulfa à Casablanca,33.56170473792227,-7.630379283521052,Devenez propriétaire de votre appartement,600000.0,"['75 m²', '3 Pièces', '2 Chambres', '2 Salles de bains', 'Nouveau', ""Moins d'un an"", '4ème étage']",7,75.0,3.0,2.0,2.0,Nouveau,4.0,0
Villas & maisons de luxe Casablanca,Californie à Casablanca,33.53595755299843,-7.625627517700195,Une magnifique villa à vendre Californie,8000000.0,"['413 m²', '10 Pièces', '5 Chambres', '5 Salles de bains', 'Bon état']",5,413.0,10.0,5.0,5.0,Bon état,3.0,15
Appartements Casablanca,El Manar - El Hank à Casablanca,33.604041673774326,-7.655426859855709,"Appartement de 82m² en vente, Les terrasses d'anfa",4558824.761494253,"['82 m²', '3 Pièces', '2 Chambres', '2 Salles de bains', 'Nouveau']",5,82.0,3.0,2.0,2.0,Nouveau,3.0,15
Appartements Casablanca,Californie à Casablanca,33.56170473792227,-7.630379283521052,Appartement au RDC de 99m² 3 chambres salon à Jnane Californie,1336000.0,"['99 m²', '4 Pièces', '3 Chambres', '2 Salles de bains', 'Nouveau']",5,99.0,4.0,3.0,2.0,Nouveau,3.0,15
Villas & maisons de luxe Casablanca,Californie à Casablanca,33.56170473792227,-7.630379283521052,BELLE VILLA A VENDRE A Californie Casablanca,7800000.0,"['510 m²', '8 Pièces', '4 Chambres', '3 Salles de bains', 'Bon état', '5-10 ans']",6,510.0,8.0,4.0,3.0,Bon état,3.0,7
Appartements Casablanca,Les Hôpitaux à Casablanca,33.56170473792227,-7.630379283521052,Appt a vendre les hopitaux sup 104m 2 ch sans vis,1260000.0,"['104 m²', '4 Pièces', '2 Chambres', '2 Salles de bains', 'Nouveau', '5-10 ans']",6,104.0,4.0,2.0,2.0,Nouveau,3.0,7
Appartements Casablanca,Les Hôpitaux à Casablanca,33.56170473792227,-7.630379283521052,Appt a vendre 2 mars à côté école la résidence,1400000.0,"['105 m²', '3 Pièces', '2 Chambres', '2 Salles de bains', 'À rénover', '10-20 ans', '4ème étage']",7,105.0,3.0,2.0,2.0,À rénover,4.0,15
Appartements Casablanca,Ferme Bretonne (Hay Arraha) à Casablanca,33.56170473792227,-7.630379283521052,Appartement de 123 m² en vente Résidence Zeralda,2050000.0,"['123 m²', '4 Pièces', '3 Chambres', '4 Salles de bains', 'Nouveau', '1-5 ans', '2ème étage']",7,123.0,4.0,3.0,4.0,Nouveau,2.0,3
Appartements Casablanca,Ferme Bretonne (Hay Arraha) à Casablanca,33.56170473792227,-7.630379283521052,Appartement 179m² dont 88m² de terrasse Zeralda,2200000.0,"['179 m²', '3 Pièces', '2 Chambres', '3 Salles de bains', 'Nouveau', '1-5 ans', '5ème étage']",7,179.0,3.0,2.0,3.0,Nouveau,5.0,3
Appartements Casablanca,Ferme Bretonne (Hay Arraha) à Casablanca,33.56170473792227,-7.630379283521052,Appartement 129m² en vente Résidence Zeralda,2150000.0,"['129 m²', '3 Pièces', '2 Chambres', '3 Salles de bains', 'Nouveau', '1-5 ans', '4ème étage']",7,129.0,3.0,2.0,3.0,Nouveau,4.0,3
Appartements Casablanca,Ferme Bretonne (Hay Arraha) à Casablanca,33.56170473792227,-7.630379283521052,Studio de 67m² en vente Résidence Zeralda,1100000.0,"['67 m²', '2 Pièces', '1 Chambre', '2 Salles de bains', 'Nouveau', '1-5 ans']",6,67.0,2.0,1.0,2.0,Nouveau,3.0,3
Villas & maisons de luxe Casablanca,Ain Diab à Casablanca,33.58630932470067,-7.671375274658203,Vente magnifique villa 370m² Ain Diab,8000000.0,"['370 m²', '9 Pièces', '4 Chambres', '4 Salles de bains', 'Bon état']",5,370.0,9.0,4.0,4.0,Bon état,3.0,15
Appartements Casablanca,Californie à Casablanca,33.56170473792227,-7.630379283521052,"Appartement de 91m² en vente, Résidence Ritaj",1274000.0,"['91 m²', '3 Pièces', '2 Chambres', '2 Salles de bains', 'Nouveau']",5,91.0,3.0,2.0,2.0,Nouveau,3.0,15
Villas & maisons de luxe Casablanca,Port à Casablanca,33.592815720497164,-7.61277437210083,Top affaire villa bousskoura,6500000.0,"['300 m²', '6 Pièces', '4 Chambres', '4 Salles de bains', 'Bon état']",5,300.0,6.0,4.0,4.0,Bon état,3.0,15
Appartements Casablanca,Californie à Casablanca,33.56170473792227,-7.630379283521052,Top affaire appartement californie a vendre,2065000.0,"['100 m²', '3 Pièces', '2 Chambres', '2 Salles de bains', 'Bon état']",5,100.0,3.0,2.0,2.0,Bon état,3.0,15
Villas & maisons de luxe Casablanca,Casablanca,33.56170473792227,-7.630379283521052,Magnifique villa à vendre,7300000.0,"['683 m²', '6 Pièces', '4 Chambres', '3 Salles de bains', 'Bon état']",5,683.0,6.0,4.0,3.0,Bon état,3.0,15
Villas & maisons de luxe Casablanca,Casablanca,33.57601248704883,-7.603912353515625,Splendide villa à vendre,5500000.0,"['650 m²', '5 Pièces', '4 Chambres', '2 Salles de bains', 'Bon état']",5,650.0,5.0,4.0,2.0,Bon état,3.0,15
Villas & maisons de luxe Casablanca,Californie à Casablanca,33.56170473792227,-7.630379283521052,Belle villa a vendre californie,11000000.0,"['860 m²', '6 Pièces', '4 Chambres', '4 Salles de bains', 'Bon état']",5,860.0,6.0,4.0,4.0,Bon état,3.0,15
Villas & maisons de luxe Casablanca,Casablanca,33.57601248704883,-7.603912353515625,Belle villa a vendre,9000000.0,"['550 m²', '6 Pièces', '4 Chambres', '4 Salles de bains', 'Bon état']",5,550.0,6.0,4.0,4.0,Bon état,3.0,15
Appartements Casablanca,Racine à Casablanca,33.56170473792227,-7.630379283521052,Magnifique appartement duplexe a vendre,6000000.0,"['320 m²', '7 Pièces', '4 Chambres', '4 Salles de bains', 'Bon état']",5,320.0,7.0,4.0,4.0,Bon état,3.0,15
Appartements Casablanca,Casablanca,33.56170473792227,-7.630379283521052,Magnifique appartement a vendre,2260000.0,"['176 m²', '4 Pièces', '3 Chambres', '2 Salles de bains']",4,176.0,4.0,3.0,2.306532663316583,Bon état,3.0,15
Appartements Casablanca,Ain Borja à Casablanca,33.56170473792227,-7.630379283521052,Vente d'un bel appartement à Ain Borja. 2 chambres. Avec ascenseur et terrasse,950000.0,"['76 m²', '5 Pièces', '2 Chambres', '2 Salles de bains', 'Bon état', '5-10 ans', '4ème étage']",7,76.0,5.0,2.0,2.0,Bon état,4.0,7
Villas & maisons de luxe Casablanca,Sidi Maarouf à Casablanca,33.56170473792227,-7.630379283521052,Très belle villa A VENDRE à Sidi Maarouf,8400000.0,"['616 m²', '7 Pièces', '5 Chambres', '4 Salles de bains', 'Bon état', '5-10 ans']",6,616.0,7.0,5.0,4.0,Bon état,3.0,7
Appartements Casablanca,Californie à Casablanca,33.524709493386695,-7.607078248528126,Appartement Rez-de-jardin de 243m² en vente UTOPIA,2607850.0,"['243 m²', '4 Pièces', '3 Chambres', '2 Salles de bains']",4,243.0,4.0,3.0,2.306532663316583,Bon état,3.0,15
Appartements Casablanca,Californie à Casablanca,33.56170473792227,-7.630379283521052,Appartement de 116m² en vente UTOPIA,1838760.0,"['116 m²', '4 Pièces', '3 Chambres', '2 Salles de bains', '1er étage']",5,116.0,4.0,3.0,2.0,Bon état,1.0,15
Appartements Casablanca,Casablanca Finance City à Casablanca,33.547117579470296,-7.675495147705078,"Appartement F2 de 65m² en vente Résidence Occitania, Casablanca",1600000.0,"['65 m²', '2 Pièces', '1 Chambre', '1 Salle de bain', 'Nouveau']",5,65.0,2.0,1.0,1.0,Nouveau,3.0,15
Appartements Casablanca,Casablanca Finance City à Casablanca,33.5592358768252,-7.65225006860351,"Appartement F3 de 90m² en vente, Ryad' Anfa",1900000.0,"['90 m²', '2 Chambres', '1 Salle de bain']",4,90.0,4.682934712346477,2.0,2.306532663316583,Bon état,3.0,15
Appartements Casablanca,Maârif Extension à Casablanca,33.57987841432208,-7.641613483429069,Appartement de 55m² en vente Résidence Diaz,1067500.0,"['55 m²', '2 Pièces', '1 Chambre', '1 Salle de bain', 'Nouveau', '5ème étage']",6,55.0,2.0,1.0,1.0,Nouveau,5.0,15
Appartements Casablanca,Maârif Extension à Casablanca,33.57987841432208,-7.641613483429069,Appartement de 45m² en vente Résidence Diaz,860000.0,"['45 m²', '1 Chambre', '1 Salle de bain', '4ème étage']",5,45.0,4.682934712346477,1.0,1.0,Bon état,4.0,15
Appartements Casablanca,Maârif Extension à Casablanca,33.57987841432208,-7.641613483429069,Appartement de 67m² en vente Résidence Diaz,1256000.0,"['67 m²', '2 Pièces', '1 Chambre', '1 Salle de bain', 'Nouveau', '4ème étage']",6,67.0,2.0,1.0,1.0,Nouveau,4.0,15
Appartements Casablanca,Maârif Extension à Casablanca,33.57987841432208,-7.641613483429069,Appartement de 52m² en vente Résidence Diaz,986000.0,"['52 m²', '2 Pièces', '1 Chambre', '1 Salle de bain', 'Nouveau', '2ème étage']",6,52.0,2.0,1.0,1.0,Nouveau,2.0,15
Appartements Casablanca,Casablanca,33.56170473792227,-7.630379283521052,Cil 3 ch avec jolie vue,1900000.0,"['126 m²', '3 Chambres', '1 Salle de bain']",4,126.0,4.682934712346477,3.0,2.306532663316583,Bon état,3.0,15
Appartements Casablanca,Oulfa à Casablanca,33.56170473792227,-7.630379283521052,Appartement acheté Un Salon Meublé OFFERT,600000.0,"['75 m²', '3 Pièces', '2 Chambres', '2 Salles de bains', 'Nouveau', ""Moins d'un an"", '2ème étage']",7,75.0,3.0,2.0,2.0,Nouveau,2.0,0
Appartements Casablanca,Oulfa à Casablanca,33.56170473792227,-7.630379283521052,Devenez propriétaire de votre appartement,600000.0,"['75 m²', '3 Pièces', '2 Chambres', '2 Salles de bains', 'Nouveau', ""Moins d'un an"", '4ème étage']",7,75.0,3.0,2.0,2.0,Nouveau,4.0,0
Villas & maisons de luxe Casablanca,Californie à Casablanca,33.53595755299843,-7.625627517700195,Une magnifique villa à vendre Californie,8000000.0,"['413 m²', '10 Pièces', '5 Chambres', '5 Salles de bains', 'Bon état']",5,413.0,10.0,5.0,5.0,Bon état,3.0,15
Appartements Casablanca,El Manar - El Hank à Casablanca,33.604041673774326,-7.655426859855709,"Appartement de 82m² en vente, Les terrasses d'anfa",4558824.761494253,"['82 m²', '3 Pièces', '2 Chambres', '2 Salles de bains', 'Nouveau']",5,82.0,3.0,2.0,2.0,Nouveau,3.0,15
Appartements Casablanca,Californie à Casablanca,33.56170473792227,-7.630379283521052,Appartement au RDC de 99m² 3 chambres salon à Jnane Californie,1336000.0,"['99 m²', '4 Pièces', '3 Chambres', '2 Salles de bains', 'Nouveau']",5,99.0,4.0,3.0,2.0,Nouveau,3.0,15
Villas & maisons de luxe Casablanca,Californie à Casablanca,33.53595755299843,-7.625627517700195,BELLE VILLA A VENDRE A Californie Casablanca,7800000.0,"['510 m²', '8 Pièces', '4 Chambres', '3 Salles de bains', 'Bon état', '5-10 ans']",6,510.0,8.0,4.0,3.0,Bon état,3.0,7
Appartements Casablanca,Les Hôpitaux à Casablanca,33.56170473792227,-7.630379283521052,Appt a vendre les hopitaux sup 104m 2 ch sans vis,1260000.0,"['104 m²', '4 Pièces', '2 Chambres', '2 Salles de bains', 'Nouveau', '5-10 ans']",6,104.0,4.0,2.0,2.0,Nouveau,3.0,7
Appartements Casablanca,Les Hôpitaux à Casablanca,33.56170473792227,-7.630379283521052,Appt a vendre 2 mars à côté école la résidence,1400000.0,"['105 m²', '3 Pièces', '2 Chambres', '2 Salles de bains', 'À rénover', '10-20 ans', '4ème étage']",7,105.0,3.0,2.0,2.0,À rénover,4.0,15
Appartements Casablanca,Ferme Bretonne (Hay Arraha) à Casablanca,33.56170473792227,-7.630379283521052,Appartement de 123 m² en vente Résidence Zeralda,2050000.0,"['123 m²', '4 Pièces', '3 Chambres', '4 Salles de bains', 'Nouveau', '1-5 ans', '2ème étage']",7,123.0,4.0,3.0,4.0,Nouveau,2.0,3
Appartements Casablanca,Ferme Bretonne (Hay Arraha) à Casablanca,33.56170473792227,-7.630379283521052,Appartement 179m² dont 88m² de terrasse Zeralda,2200000.0,"['179 m²', '3 Pièces', '2 Chambres', '3 Salles de bains', 'Nouveau', '1-5 ans', '5ème étage']",7,179.0,3.0,2.0,3.0,Nouveau,5.0,3
Appartements Casablanca,Ferme Bretonne (Hay Arraha) à Casablanca,33.56170473792227,-7.630379283521052,Appartement 129m² en vente Résidence Zeralda,2150000.0,"['129 m²', '3 Pièces', '2 Chambres', '3 Salles de bains', 'Nouveau', '1-5 ans', '4ème étage']",7,129.0,3.0,2.0,3.0,Nouveau,4.0,3
Appartements Casablanca,Ferme Bretonne (Hay Arraha) à Casablanca,33.56170473792227,-7.630379283521052,Studio de 67m² en vente Résidence Zeralda,1100000.0,"['67 m²', '2 Pièces', '1 Chambre', '2 Salles de bains', 'Nouveau', '1-5 ans']",6,67.0,2.0,1.0,2.0,Nouveau,3.0,3
Villas & maisons de luxe Casablanca,Ain Diab à Casablanca,33.58630932470067,-7.671375274658203,Vente magnifique villa 370m² Ain Diab,8000000.0,"['370 m²', '9 Pièces', '4 Chambres', '4 Salles de bains', 'Bon état']",5,370.0,9.0,4.0,4.0,Bon état,3.0,15
Appartements Casablanca,Californie à Casablanca,33.56170473792227,-7.630379283521052,"Appartement de 91m² en vente, Résidence Ritaj",1274000.0,"['91 m²', '3 Pièces', '2 Chambres', '2 Salles de bains', 'Nouveau']",5,91.0,3.0,2.0,2.0,Nouveau,3.0,15
Villas & maisons de luxe Casablanca,Port à Casablanca,33.56170473792227,-7.630379283521052,Top affaire villa bousskoura,6500000.0,"['300 m²', '6 Pièces', '4 Chambres', '4 Salles de bains', 'Bon état']",5,300.0,6.0,4.0,4.0,Bon état,3.0,15
Appartements Casablanca,Californie à Casablanca,33.56170473792227,-7.630379283521052,Top affaire appartement californie a vendre,2065000.0,"['100 m²', '3 Pièces', '2 Chambres', '2 Salles de bains', 'Bon état']",5,100.0,3.0,2.0,2.0,Bon état,3.0,15
Villas & maisons de luxe Casablanca,Casablanca,33.57601248704883,-7.603912353515625,Magnifique villa à vendre,7300000.0,"['683 m²', '6 Pièces', '4 Chambres', '3 Salles de bains', 'Bon état']",5,683.0,6.0,4.0,3.0,Bon état,3.0,15
Villas & maisons de luxe Casablanca,Casablanca,33.57601248704883,-7.603912353515625,Splendide villa à vendre,5500000.0,"['650 m²', '5 Pièces', '4 Chambres', '2 Salles de bains', 'Bon état']",5,650.0,5.0,4.0,2.0,Bon état,3.0,15
Villas & maisons de luxe Casablanca,Californie à Casablanca,33.53595755299843,-7.625627517700195,Belle villa a vendre californie,11000000.0,"['860 m²', '6 Pièces', '4 Chambres', '4 Salles de bains', 'Bon état']",5,860.0,6.0,4.0,4.0,Bon état,3.0,15
Villas & maisons de luxe Casablanca,Casablanca,33.56170473792227,-7.630379283521052,Belle villa a vendre,9000000.0,"['550 m²', '6 Pièces', '4 Chambres', '4 Salles de bains', 'Bon état']",5,550.0,6.0,4.0,4.0,Bon état,3.0,15
Appartements Casablanca,Racine à Casablanca,33.56170473792227,-7.630379283521052,Magnifique appartement duplexe a vendre,6000000.0,"['320 m²', '7 Pièces', '4 Chambres', '4 Salles de bains', 'Bon état']",5,320.0,7.0,4.0,4.0,Bon état,3.0,15
Appartements Casablanca,Casablanca,33.56170473792227,-7.630379283521052,Magnifique appartement a vendre,2260000.0,"['176 m²', '4 Pièces', '3 Chambres', '2 Salles de bains']",4,176.0,4.0,3.0,2.306532663316583,Bon état,3.0,15
Appartements Casablanca,Ain Borja à Casablanca,33.58652382908706,-7.586703300476074,Vente d'un bel appartement à Ain Borja. 2 chambres. Avec ascenseur et terrasse,950000.0,"['76 m²', '5 Pièces', '2 Chambres', '2 Salles de bains', 'Bon état', '5-10 ans', '4ème étage']",7,76.0,5.0,2.0,2.0,Bon état,4.0,7
Villas & maisons de luxe Casablanca,Sidi Maarouf à Casablanca,33.56170473792227,-7.630379283521052,Très belle villa A VENDRE à Sidi Maarouf,8400000.0,"['616 m²', '7 Pièces', '5 Chambres', '4 Salles de bains', 'Bon état', '5-10 ans']",6,616.0,7.0,5.0,4.0,Bon état,3.0,7
Appartements Casablanca,Californie à Casablanca,33.524709493386695,-7.607078248528126,Appartement Rez-de-jardin de 243m² en vente UTOPIA,2607850.0,"['243 m²', '4 Pièces', '3 Chambres', '2 Salles de bains']",4,243.0,4.0,3.0,2.306532663316583,Bon état,3.0,15
Appartements Casablanca,Californie à Casablanca,33.56170473792227,-7.630379283521052,Appartement de 116m² en vente UTOPIA,1838760.0,"['116 m²', '4 Pièces', '3 Chambres', '2 Salles de bains', '1er étage']",5,116.0,4.0,3.0,2.0,Bon état,1.0,15
Appartements Casablanca,Casablanca Finance City à Casablanca,33.547117579470296,-7.675495147705078,"Appartement F2 de 65m² en vente Résidence Occitania, Casablanca",1600000.0,"['65 m²', '2 Pièces', '1 Chambre', '1 Salle de bain', 'Nouveau']",5,65.0,2.0,1.0,1.0,Nouveau,3.0,15
Appartements Casablanca,Casablanca Finance City à Casablanca,33.5592358768252,-7.65225006860351,"Appartement F3 de 90m² en vente, Ryad' Anfa",1900000.0,"['90 m²', '2 Chambres', '1 Salle de bain']",4,90.0,4.682934712346477,2.0,2.306532663316583,Bon état,3.0,15
Appartements Casablanca,Maârif Extension à Casablanca,33.57987841432208,-7.641613483429069,Appartement de 55m² en vente Résidence Diaz,1067500.0,"['55 m²', '2 Pièces', '1 Chambre', '1 Salle de bain', 'Nouveau', '5ème étage']",6,55.0,2.0,1.0,1.0,Nouveau,5.0,15
Appartements Casablanca,Maârif Extension à Casablanca,33.57987841432208,-7.641613483429069,Appartement de 45m² en vente Résidence Diaz,860000.0,"['45 m²', '1 Chambre', '1 Salle de bain', '4ème étage']",5,45.0,4.682934712346477,1.0,1.0,Bon état,4.0,15
Appartements Casablanca,Maârif Extension à Casablanca,33.57987841432208,-7.641613483429069,Appartement de 67m² en vente Résidence Diaz,1256000.0,"['67 m²', '2 Pièces', '1 Chambre', '1 Salle de bain', 'Nouveau', '4ème étage']",6,67.0,2.0,1.0,1.0,Nouveau,4.0,15
Appartements Casablanca,Maârif Extension à Casablanca,33.57987841432208,-7.641613483429069,Appartement de 52m² en vente Résidence Diaz,986000.0,"['52 m²', '2 Pièces', '1 Chambre', '1 Salle de bain', 'Nouveau', '2ème étage']",6,52.0,2.0,1.0,1.0,Nouveau,2.0,15
Appartements Casablanca,Casablanca,33.57601248704883,-7.603912353515625,Cil 3 ch avec jolie vue,1900000.0,"['126 m²', '3 Chambres', '1 Salle de bain']",4,126.0,4.682934712346477,3.0,2.306532663316583,Bon état,3.0,15
Appartements Casablanca,Oulfa à Casablanca,33.56170473792227,-7.630379283521052,Appartement acheté Un Salon Meublé OFFERT,600000.0,"['75 m²', '3 Pièces', '2 Chambres', '2 Salles de bains', 'Nouveau', ""Moins d'un an"", '2ème étage']",7,75.0,3.0,2.0,2.0,Nouveau,2.0,0
Appartements Casablanca,Oulfa à Casablanca,33.56170473792227,-7.630379283521052,Devenez propriétaire de votre appartement,600000.0,"['75 m²', '3 Pièces', '2 Chambres', '2 Salles de bains', 'Nouveau', ""Moins d'un an"", '4ème étage']",7,75.0,3.0,2.0,2.0,Nouveau,4.0,0
Villas & maisons de luxe Casablanca,Californie à Casablanca,33.56170473792227,-7.630379283521052,Une magnifique villa à vendre Californie,8000000.0,"['413 m²', '10 Pièces', '5 Chambres', '5 Salles de bains', 'Bon état']",5,413.0,10.0,5.0,5.0,Bon état,3.0,15
Appartements Casablanca,El Manar - El Hank à Casablanca,33.604041673774326,-7.655426859855709,"Appartement de 82m² en vente, Les terrasses d'anfa",4558824.761494253,"['82 m²', '3 Pièces', '2 Chambres', '2 Salles de bains', 'Nouveau']",5,82.0,3.0,2.0,2.0,Nouveau,3.0,15
Appartements Casablanca,Californie à Casablanca,33.56170473792227,-7.630379283521052,Appartement au RDC de 99m² 3 chambres salon à Jnane Californie,1336000.0,"['99 m²', '4 Pièces', '3 Chambres', '2 Salles de bains', 'Nouveau']",5,99.0,4.0,3.0,2.0,Nouveau,3.0,15
Villas & maisons de luxe Casablanca,Californie à Casablanca,33.53595755299843,-7.625627517700195,BELLE VILLA A VENDRE A Californie Casablanca,7800000.0,"['510 m²', '8 Pièces', '4 Chambres', '3 Salles de bains', 'Bon état', '5-10 ans']",6,510.0,8.0,4.0,3.0,Bon état,3.0,7
Appartements Casablanca,Les Hôpitaux à Casablanca,33.56170473792227,-7.630379283521052,Appt a vendre les hopitaux sup 104m 2 ch sans vis,1260000.0,"['104 m²', '4 Pièces', '2 Chambres', '2 Salles de bains', 'Nouveau', '5-10 ans']",6,104.0,4.0,2.0,2.0,Nouveau,3.0,7
Appartements Casablanca,Les Hôpitaux à Casablanca,33.57797899192462,-7.62000560760498,Appt a vendre 2 mars à côté école la résidence,1400000.0,"['105 m²', '3 Pièces', '2 Chambres', '2 Salles de bains', 'À rénover', '10-20 ans', '4ème étage']",7,105.0,3.0,2.0,2.0,À rénover,4.0,15
Appartements Casablanca,Ferme Bretonne (Hay Arraha) à Casablanca,33.56170473792227,-7.630379283521052,Appartement de 123 m² en vente Résidence Zeralda,2050000.0,"['123 m²', '4 Pièces', '3 Chambres', '4 Salles de bains', 'Nouveau', '1-5 ans', '2ème étage']",7,123.0,4.0,3.0,4.0,Nouveau,2.0,3
Appartements Casablanca,Ferme Bretonne (Hay Arraha) à Casablanca,33.56170473792227,-7.630379283521052,Appartement 179m² dont 88m² de terrasse Zeralda,2200000.0,"['179 m²', '3 Pièces', '2 Chambres', '3 Salles de bains', 'Nouveau', '1-5 ans', '5ème étage']",7,179.0,3.0,2.0,3.0,Nouveau,5.0,3
Appartements Casablanca,Ferme Bretonne (Hay Arraha) à Casablanca,33.56170473792227,-7.630379283521052,Appartement 129m² en vente Résidence Zeralda,2150000.0,"['129 m²', '3 Pièces', '2 Chambres', '3 Salles de bains', 'Nouveau', '1-5 ans', '4ème étage']",7,129.0,3.0,2.0,3.0,Nouveau,4.0,3
Appartements Casablanca,Ferme Bretonne (Hay Arraha) à Casablanca,33.56170473792227,-7.630379283521052,Studio de 67m² en vente Résidence Zeralda,1100000.0,"['67 m²', '2 Pièces', '1 Chambre', '2 Salles de bains', 'Nouveau', '1-5 ans']",6,67.0,2.0,1.0,2.0,Nouveau,3.0,3
Villas & maisons de luxe Casablanca,Ain Diab à Casablanca,33.56170473792227,-7.630379283521052,Vente magnifique villa 370m² Ain Diab,8000000.0,"['370 m²', '9 Pièces', '4 Chambres', '4 Salles de bains', 'Bon état']",5,370.0,9.0,4.0,4.0,Bon état,3.0,15
Appartements Casablanca,Californie à Casablanca,33.56170473792227,-7.630379283521052,"Appartement de 91m² en vente, Résidence Ritaj",1274000.0,"['91 m²', '3 Pièces', '2 Chambres', '2 Salles de bains', 'Nouveau']",5,91.0,3.0,2.0,2.0,Nouveau,3.0,15
Villas & maisons de luxe Casablanca,Port à Casablanca,33.56170473792227,-7.630379283521052,Top affaire villa bousskoura,6500000.0,"['300 m²', '6 Pièces', '4 Chambres', '4 Salles de bains', 'Bon état']",5,300.0,6.0,4.0,4.0,Bon état,3.0,15
Appartements Casablanca,Californie à Casablanca,33.53595755299843,-7.625627517700195,Top affaire appartement californie a vendre,2065000.0,"['100 m²', '3 Pièces', '2 Chambres', '2 Salles de bains', 'Bon état']",5,100.0,3.0,2.0,2.0,Bon état,3.0,15
Villas & maisons de luxe Casablanca,Casablanca,33.56170473792227,-7.630379283521052,Magnifique villa à vendre,7300000.0,"['683 m²', '6 Pièces', '4 Chambres', '3 Salles de bains', 'Bon état']",5,683.0,6.0,4.0,3.0,Bon état,3.0,15
Villas & maisons de luxe Casablanca,Casablanca,33.57601248704883,-7.603912353515625,Splendide villa à vendre,5500000.0,"['650 m²', '5 Pièces', '4 Chambres', '2 Salles de bains', 'Bon état']",5,650.0,5.0,4.0,2.0,Bon état,3.0,15
Villas & maisons de luxe Casablanca,Californie à Casablanca,33.56170473792227,-7.630379283521052,Belle villa a vendre californie,11000000.0,"['860 m²', '6 Pièces', '4 Chambres', '4 Salles de bains', 'Bon état']",5,860.0,6.0,4.0,4.0,Bon état,3.0,15
Villas & maisons de luxe Casablanca,Casablanca,33.56170473792227,-7.630379283521052,Belle villa a vendre,9000000.0,"['550 m²', '6 Pièces', '4 Chambres', '4 Salles de bains', 'Bon état']",5,550.0,6.0,4.0,4.0,Bon état,3.0,15
Appartements Casablanca,Racine à Casablanca,33.592458238962855,-7.648158073425293,Magnifique appartement duplexe a vendre,6000000.0,"['320 m²', '7 Pièces', '4 Chambres', '4 Salles de bains', 'Bon état']",5,320.0,7.0,4.0,4.0,Bon état,3.0,15
Appartements Casablanca,Casablanca,33.57601248704883,-7.603912353515625,Magnifique appartement a vendre,2260000.0,"['176 m²', '4 Pièces', '3 Chambres', '2 Salles de bains']",4,176.0,4.0,3.0,2.306532663316583,Bon état,3.0,15
Appartements Casablanca,Ain Borja à Casablanca,33.56170473792227,-7.630379283521052,Vente d'un bel appartement à Ain Borja. 2 chambres. Avec ascenseur et terrasse,950000.0,"['76 m²', '5 Pièces', '2 Chambres', '2 Salles de bains', 'Bon état', '5-10 ans', '4ème étage']",7,76.0,5.0,2.0,2.0,Bon état,4.0,7
Villas & maisons de luxe Casablanca,Sidi Maarouf à Casablanca,33.51821300640254,-7.644338607788086,Très belle villa A VENDRE à Sidi Maarouf,8400000.0,"['616 m²', '7 Pièces', '5 Chambres', '4 Salles de bains', 'Bon état', '5-10 ans']",6,616.0,7.0,5.0,4.0,Bon état,3.0,7
Appartements Casablanca,Maârif Extension à Casablanca,33.57987841432208,-7.641613483429069,Appartement de 82m² en vente Résidence Diaz,1526000.0,"['82 m²', '3 Pièces', '2 Chambres', '1 Salle de bain', 'Nouveau', '2ème étage']",6,82.0,3.0,2.0,1.0,Nouveau,2.0,15
Appartements Casablanca,Maârif Extension à Casablanca,33.57987841432208,-7.641613483429069,Appartement de 76m² en vente Résidence Diaz,1418000.0,"['76 m²', '3 Pièces', '2 Chambres', '1 Salle de bain', 'Nouveau', '2ème étage']",6,76.0,3.0,2.0,1.0,Nouveau,2.0,15
Appartements Casablanca,Maârif Extension à Casablanca,33.57987841432208,-7.641613483429069,Appartement de 52m² en vente Résidence Diaz,986000.0,"['52 m²', '2 Pièces', '1 Chambre', '1 Salle de bain', 'Nouveau', '1er étage']",6,52.0,2.0,1.0,1.0,Nouveau,1.0,15
Appartements Casablanca,Maârif Extension à Casablanca,33.57987841432208,-7.641613483429069,Appartement de 74m² en vente Résidence Diaz,1345000.0,"['74 m²', '3 Pièces', '2 Chambres', '1 Salle de bain', 'Nouveau', '1er étage']",6,74.0,3.0,2.0,1.0,Nouveau,1.0,15
Appartements Casablanca,Maârif Extension à Casablanca,33.57987841432208,-7.641613483429069,Appartement de 52m² en vente Résidence Diaz,986000.0,"['52 m²', '2 Pièces', '1 Chambre', '1 Salle de bain', 'Nouveau', '1er étage']",6,52.0,2.0,1.0,1.0,Nouveau,1.0,15
Appartements Casablanca,Maârif Extension à Casablanca,33.57987841432208,-7.641613483429069,Appartement de 57m² en vente Résidence Diaz,1076000.0,"['57 m²', '2 Pièces', '1 Chambre', '1 Salle de bain', 'Nouveau', '1er étage']",6,57.0,2.0,1.0,1.0,Nouveau,1.0,15
Appartements Casablanca,Maârif Extension à Casablanca,33.57987841432208,-7.641613483429069,Appartement au RDC de 36m² en vente Résidence Diaz,691667.0,"['36 m²', '2 Pièces', '1 Chambre', '1 Salle de bain']",4,36.0,2.0,1.0,2.306532663316583,Bon état,3.0,15
Appartements Casablanca,Maârif Extension à Casablanca,33.57987841432208,-7.641613483429069,Appartement au RDC de 48m² en vente Résidence Diaz,890000.0,"['48 m²', '2 Pièces', '1 Chambre', '1 Salle de bain', 'Nouveau']",5,48.0,2.0,1.0,1.0,Nouveau,3.0,15
Appartements Casablanca,Les princesses à Casablanca,33.57905668978428,-7.647800104393838,"Appartement 113m² incluant 26m² de terrasse, Queens",1960000.0,"['113 m²', '3 Pièces', '2 Chambres', '2 Salles de bains']",4,113.0,3.0,2.0,2.306532663316583,Bon état,3.0,15
Appartements Casablanca,Les Hôpitaux à Casablanca,33.57797899192462,-7.62000560760498,Vente appartement de 245m 4 chambres 2 mars,3600000.0,"['245 m²', '6 Pièces', '4 Chambres', '2 Salles de bains', 'Bon état', '1-5 ans', '2ème étage']",7,245.0,6.0,4.0,2.0,Bon état,2.0,3
Appartements Casablanca,Gauthier à Casablanca,33.56170473792227,-7.630379283521052,"Appartement 157 m² à vendre, Gauthier, Casablanca",3000000.0,"['157 m²', '4 Pièces', '3 Chambres', '2 Salles de bains', 'Bon état']",5,157.0,4.0,3.0,2.0,Bon état,3.0,15
Appartements Casablanca,Maârif à Casablanca,33.56170473792227,-7.630379283521052,Appartement de 115m² en vente Résidence Ô Maarif,2313250.0,"['115 m²', '4 Pièces', '3 Chambres', '2 Salles de bains', 'Nouveau', '4ème étage']",6,115.0,4.0,3.0,2.0,Nouveau,4.0,15
Appartements Casablanca,Val Fleury à Casablanca,33.56170473792227,-7.630379283521052,Vente bel appartement neuf 102m² val fleuri,1690000.0,"['102 m²', '5 Pièces', '3 Chambres', '2 Salles de bains', 'Nouveau']",5,102.0,5.0,3.0,2.0,Nouveau,3.0,15
Appartements Casablanca,Oulfa à Casablanca,33.56170473792227,-7.630379283521052,Devenez propriétaire de votre appartement,608000.0,"['76 m²', '3 Pièces', '2 Chambres', '2 Salles de bains', 'Nouveau', ""Moins d'un an"", '3ème étage']",7,76.0,3.0,2.0,2.0,Nouveau,3.0,0
Appartements Casablanca,Oulfa à Casablanca,33.56170473792227,-7.630379283521052,Prêt à acheter dans le neuf RESERVE VOTRE APPARTEMENT,1092000.0,"['104 m²', '4 Pièces', '3 Chambres', '2 Salles de bains', 'Nouveau', '2ème étage']",6,104.0,4.0,3.0,2.0,Nouveau,2.0,15
Appartements Casablanca,Les princesses à Casablanca,33.573823330480856,-7.649403223484114,Superbe appartement à vendre à Les princesses. 4 pièces confortables. Jardin et ascenseur.,1690000.0,"['95 m²', '4 Pièces', '2 Chambres', '1 Salle de bain', 'Bon état', '10-20 ans', '5ème étage']",7,95.0,4.0,2.0,1.0,Bon état,5.0,15
Appartements Casablanca,CIL (Hay Salam) à Casablanca,33.56170473792227,-7.630379283521052,"Bel appart à vendre, TERRASSE, 201 m2, Bd Ghandi",3400000.0,"['201 m²', '5 Pièces', '3 Chambres', '2 Salles de bains', 'Bon état', '5ème étage']",6,201.0,5.0,3.0,2.0,Bon état,5.0,15
Villas & maisons de luxe Casablanca,Casablanca,33.57601248704883,-7.603912353515625,Villa proche frederic cassel,22500000.0,"['1230 m²', '7 Chambres', '6 Salles de bains']",4,1230.0,4.682934712346477,7.0,2.306532663316583,Bon état,3.0,15
Appartements Casablanca,Palmier à Casablanca,33.56170473792227,-7.630379283521052,Terrasse proche moliere,2800000.0,"['138 m²', '2 Chambres', '2 Salles de bains']",4,138.0,4.682934712346477,2.0,2.306532663316583,Bon état,3.0,15
Appartements Casablanca,Gauthier à Casablanca,33.56170473792227,-7.630379283521052,Exclusivite sans vis a vis,1700000.0,"['114 m²', '3 Chambres', '2 Salles de bains']",4,114.0,4.682934712346477,3.0,2.306532663316583,Bon état,3.0,15
Appartements Casablanca,Casablanca,33.56170473792227,-7.630379283521052,Belle affaire maarif extension,900000.0,"['108 m²', '3 Chambres', '2 Salles de bains', '1er étage']",5,108.0,4.682934712346477,3.0,2.0,Bon état,1.0,15
Appartements Casablanca,Hermitage à Casablanca,33.56905338161035,-7.61597692966464,Magnifique studio de 61m² sur Boulevard Anoual,968000.0,"['61 m²', '2 Pièces', '1 Chambre', '1 Salle de bain', 'Nouveau', ""Moins d'un an"", '1er étage']",7,61.0,2.0,1.0,1.0,Nouveau,1.0,0
Appartements Casablanca,Oulfa à Casablanca,33.550774678460385,-7.697961330413676,Appartement de 99m² en vente Résidence New City,1039500.0,"['99 m²', '4 Pièces', '3 Chambres', '2 Salles de bains', 'Nouveau']",5,99.0,4.0,3.0,2.0,Nouveau,3.0,15
Appartements Casablanca,Derb Ghalef à Casablanca,33.57698996670471,-7.627839811036949,Vend appartement à Derb Ghalef. Surface de 100 m². Terrasse et ascenseur.,1400000.0,"['100 m²', '2 Pièces', '2 Chambres', '2 Salles de bains', 'Nouveau', '2ème étage']",6,100.0,2.0,2.0,2.0,Nouveau,2.0,15
Appartements Casablanca,Hay Zobir à Casablanca,33.56170473792227,-7.630379283521052,Vend appartement à Hay Zobir. 2 chambres agréables,440000.0,"['57 m²', '3 Pièces', '2 Chambres', '2 Salles de bains', 'Bon état', '10-20 ans']",6,57.0,3.0,2.0,2.0,Bon état,3.0,15
Villas & maisons de luxe Casablanca,Polo à Casablanca,33.55559394413847,-7.618707418441943,Belle petite villa recente au Polo,8100000.0,"['467 m²', '6 Pièces', '4 Chambres', '4 Salles de bains', 'Nouveau', '5-10 ans']",6,467.0,6.0,4.0,4.0,Nouveau,3.0,7
Appartements Casablanca,Maârif à Casablanca,33.58602331802259,-7.636442184448242,Magnifique appartement a vendre,2300000.0,"['219 m²', '3 Pièces', '2 Chambres', '2 Salles de bains']",4,219.0,3.0,2.0,2.306532663316583,Bon état,3.0,15
Appartements Casablanca,Port à Casablanca,33.592815720497164,-7.61277437210083,Magnifique appartement a vendre,2600000.0,"['115 m²', '3 Pièces', '2 Chambres', '2 Salles de bains']",4,115.0,3.0,2.0,2.306532663316583,Bon état,3.0,15
Villas & maisons de luxe Casablanca,Casablanca,33.57601248704883,-7.603912353515625,Top affaire villa bouskoura,5344120.0,"['335 m²', '5 Pièces', '3 Chambres', '3 Salles de bains']",4,335.0,5.0,3.0,2.306532663316583,Bon état,3.0,15
Appartements Casablanca,Palmier à Casablanca,33.56170473792227,-7.630379283521052,Palmier vue degagee et ensoleillee,1690000.0,"['116 m²', '3 Chambres', '2 Salles de bains']",4,116.0,4.682934712346477,3.0,2.306532663316583,Bon état,3.0,15
Appartements Casablanca,Oasis à Casablanca,33.56170473792227,-7.630379283521052,Vente a oasis. Belle terrasse,2000000.0,"['165 m²', '3 Pièces', '2 Chambres', '1 Salle de bain']",4,165.0,3.0,2.0,2.306532663316583,Bon état,3.0,15
Appartements Casablanca,Val Fleury à Casablanca,33.57519011717882,-7.636785507202148,Val fleury 3 ch spacieux appartement,1900000.0,"['150 m²', '4 Pièces', '3 Chambres', '2 Salles de bains']",4,150.0,4.0,3.0,2.306532663316583,Bon état,3.0,15
Appartements Casablanca,Les Hôpitaux à Casablanca,33.57797899192462,-7.62000560760498,"Appartement 145 m² à vendre, Hopitaux Pasteur",1900000.0,"['145 m²', '4 Pièces', '3 Chambres', '2 Salles de bains', 'Bon état']",5,145.0,4.0,3.0,2.0,Bon état,3.0,15
Appartements Casablanca,Maârif Extension à Casablanca,33.57987841432208,-7.641613483429069,Appartement de 82m² en vente Résidence Diaz,1526000.0,"['82 m²', '3 Pièces', '2 Chambres', '1 Salle de bain', 'Nouveau', '2ème étage']",6,82.0,3.0,2.0,1.0,Nouveau,2.0,15
Appartements Casablanca,Maârif Extension à Casablanca,33.57987841432208,-7.641613483429069,Appartement de 76m² en vente Résidence Diaz,1418000.0,"['76 m²', '3 Pièces', '2 Chambres', '1 Salle de bain', 'Nouveau', '2ème étage']",6,76.0,3.0,2.0,1.0,Nouveau,2.0,15
Appartements Casablanca,Maârif Extension à Casablanca,33.57987841432208,-7.641613483429069,Appartement de 52m² en vente Résidence Diaz,986000.0,"['52 m²', '2 Pièces', '1 Chambre', '1 Salle de bain', 'Nouveau', '1er étage']",6,52.0,2.0,1.0,1.0,Nouveau,1.0,15
Appartements Casablanca,Maârif Extension à Casablanca,33.57987841432208,-7.641613483429069,Appartement de 74m² en vente Résidence Diaz,1345000.0,"['74 m²', '3 Pièces', '2 Chambres', '1 Salle de bain', 'Nouveau', '1er étage']",6,74.0,3.0,2.0,1.0,Nouveau,1.0,15
Appartements Casablanca,Maârif Extension à Casablanca,33.57987841432208,-7.641613483429069,Appartement de 52m² en vente Résidence Diaz,986000.0,"['52 m²', '2 Pièces', '1 Chambre', '1 Salle de bain', 'Nouveau', '1er étage']",6,52.0,2.0,1.0,1.0,Nouveau,1.0,15
Appartements Casablanca,Maârif Extension à Casablanca,33.57987841432208,-7.641613483429069,Appartement de 57m² en vente Résidence Diaz,1076000.0,"['57 m²', '2 Pièces', '1 Chambre', '1 Salle de bain', 'Nouveau', '1er étage']",6,57.0,2.0,1.0,1.0,Nouveau,1.0,15
Appartements Casablanca,Maârif Extension à Casablanca,33.57987841432208,-7.641613483429069,Appartement au RDC de 36m² en vente Résidence Diaz,691667.0,"['36 m²', '2 Pièces', '1 Chambre', '1 Salle de bain']",4,36.0,2.0,1.0,2.306532663316583,Bon état,3.0,15
Appartements Casablanca,Maârif Extension à Casablanca,33.57987841432208,-7.641613483429069,Appartement au RDC de 48m² en vente Résidence Diaz,890000.0,"['48 m²', '2 Pièces', '1 Chambre', '1 Salle de bain', 'Nouveau']",5,48.0,2.0,1.0,1.0,Nouveau,3.0,15
Appartements Casablanca,Les princesses à Casablanca,33.57905668978428,-7.647800104393838,"Appartement 113m² incluant 26m² de terrasse, Queens",1960000.0,"['113 m²', '3 Pièces', '2 Chambres', '2 Salles de bains']",4,113.0,3.0,2.0,2.306532663316583,Bon état,3.0,15
Appartements Casablanca,Les Hôpitaux à Casablanca,33.57797899192462,-7.62000560760498,Vente appartement de 245m 4 chambres 2 mars,3600000.0,"['245 m²', '6 Pièces', '4 Chambres', '2 Salles de bains', 'Bon état', '1-5 ans', '2ème étage']",7,245.0,6.0,4.0,2.0,Bon état,2.0,3
Appartements Casablanca,Gauthier à Casablanca,33.56170473792227,-7.630379283521052,"Appartement 157 m² à vendre, Gauthier, Casablanca",3000000.0,"['157 m²', '4 Pièces', '3 Chambres', '2 Salles de bains', 'Bon état']",5,157.0,4.0,3.0,2.0,Bon état,3.0,15
Appartements Casablanca,Maârif à Casablanca,33.56170473792227,-7.630379283521052,Appartement de 115m² en vente Résidence Ô Maarif,2313250.0,"['115 m²', '4 Pièces', '3 Chambres', '2 Salles de bains', 'Nouveau', '4ème étage']",6,115.0,4.0,3.0,2.0,Nouveau,4.0,15
Appartements Casablanca,Val Fleury à Casablanca,33.56170473792227,-7.630379283521052,Vente bel appartement neuf 102m² val fleuri,1690000.0,"['102 m²', '5 Pièces', '3 Chambres', '2 Salles de bains', 'Nouveau']",5,102.0,5.0,3.0,2.0,Nouveau,3.0,15
Appartements Casablanca,Oulfa à Casablanca,33.56170473792227,-7.630379283521052,Devenez propriétaire de votre appartement,608000.0,"['76 m²', '3 Pièces', '2 Chambres', '2 Salles de bains', 'Nouveau', ""Moins d'un an"", '3ème étage']",7,76.0,3.0,2.0,2.0,Nouveau,3.0,0
Appartements Casablanca,Oulfa à Casablanca,33.56170473792227,-7.630379283521052,Prêt à acheter dans le neuf RESERVE VOTRE APPARTEMENT,1092000.0,"['104 m²', '4 Pièces', '3 Chambres', '2 Salles de bains', 'Nouveau', '2ème étage']",6,104.0,4.0,3.0,2.0,Nouveau,2.0,15
Appartements Casablanca,Les princesses à Casablanca,33.573823330480856,-7.649403223484114,Superbe appartement à vendre à Les princesses. 4 pièces confortables. Jardin et ascenseur.,1690000.0,"['95 m²', '4 Pièces', '2 Chambres', '1 Salle de bain', 'Bon état', '10-20 ans', '5ème étage']",7,95.0,4.0,2.0,1.0,Bon état,5.0,15
Appartements Casablanca,CIL (Hay Salam) à Casablanca,33.57243690885356,-7.657556533813477,"Bel appart à vendre, TERRASSE, 201 m2, Bd Ghandi",3400000.0,"['201 m²', '5 Pièces', '3 Chambres', '2 Salles de bains', 'Bon état', '5ème étage']",6,201.0,5.0,3.0,2.0,Bon état,5.0,15
Villas & maisons de luxe Casablanca,Casablanca,33.57601248704883,-7.603912353515625,Villa proche frederic cassel,22500000.0,"['1230 m²', '7 Chambres', '6 Salles de bains']",4,1230.0,4.682934712346477,7.0,2.306532663316583,Bon état,3.0,15
Appartements Casablanca,Palmier à Casablanca,33.56170473792227,-7.630379283521052,Terrasse proche moliere,2800000.0,"['138 m²', '2 Chambres', '2 Salles de bains']",4,138.0,4.682934712346477,2.0,2.306532663316583,Bon état,3.0,15
Appartements Casablanca,Gauthier à Casablanca,33.58891909184207,-7.628674507141113,Exclusivite sans vis a vis,1700000.0,"['114 m²', '3 Chambres', '2 Salles de bains']",4,114.0,4.682934712346477,3.0,2.306532663316583,Bon état,3.0,15
Appartements Casablanca,Casablanca,33.57601248704883,-7.603912353515625,Belle affaire maarif extension,900000.0,"['108 m²', '3 Chambres', '2 Salles de bains', '1er étage']",5,108.0,4.682934712346477,3.0,2.0,Bon état,1.0,15
Appartements Casablanca,Hermitage à Casablanca,33.56905338161035,-7.61597692966464,Magnifique studio de 61m² sur Boulevard Anoual,968000.0,"['61 m²', '2 Pièces', '1 Chambre', '1 Salle de bain', 'Nouveau', ""Moins d'un an"", '1er étage']",7,61.0,2.0,1.0,1.0,Nouveau,1.0,0
Appartements Casablanca,Oulfa à Casablanca,33.550774678460385,-7.697961330413676,Appartement de 99m² en vente Résidence New City,1039500.0,"['99 m²', '4 Pièces', '3 Chambres', '2 Salles de bains', 'Nouveau']",5,99.0,4.0,3.0,2.0,Nouveau,3.0,15
Appartements Casablanca,Derb Ghalef à Casablanca,33.57698996670471,-7.627839811036949,Vend appartement à Derb Ghalef. Surface de 100 m². Terrasse et ascenseur.,1400000.0,"['100 m²', '2 Pièces', '2 Chambres', '2 Salles de bains', 'Nouveau', '2ème étage']",6,100.0,2.0,2.0,2.0,Nouveau,2.0,15
Appartements Casablanca,Hay Zobir à Casablanca,33.56170473792227,-7.630379283521052,Vend appartement à Hay Zobir. 2 chambres agréables,440000.0,"['57 m²', '3 Pièces', '2 Chambres', '2 Salles de bains', 'Bon état', '10-20 ans']",6,57.0,3.0,2.0,2.0,Bon état,3.0,15
Villas & maisons de luxe Casablanca,Polo à Casablanca,33.55559394413847,-7.618707418441943,Belle petite villa recente au Polo,8100000.0,"['467 m²', '6 Pièces', '4 Chambres', '4 Salles de bains', 'Nouveau', '5-10 ans']",6,467.0,6.0,4.0,4.0,Nouveau,3.0,7
Appartements Casablanca,Maârif à Casablanca,33.56170473792227,-7.630379283521052,Magnifique appartement a vendre,2300000.0,"['219 m²', '3 Pièces', '2 Chambres', '2 Salles de bains']",4,219.0,3.0,2.0,2.306532663316583,Bon état,3.0,15
Appartements Casablanca,Port à Casablanca,33.592815720497164,-7.61277437210083,Magnifique appartement a vendre,2600000.0,"['115 m²', '3 Pièces', '2 Chambres', '2 Salles de bains']",4,115.0,3.0,2.0,2.306532663316583,Bon état,3.0,15
Villas & maisons de luxe Casablanca,Casablanca,33.57601248704883,-7.603912353515625,Top affaire villa bouskoura,5344120.0,"['335 m²', '5 Pièces', '3 Chambres', '3 Salles de bains']",4,335.0,5.0,3.0,2.306532663316583,Bon état,3.0,15
Appartements Casablanca,Palmier à Casablanca,33.580946541729524,-7.629060745239258,Palmier vue degagee et ensoleillee,1690000.0,"['116 m²', '3 Chambres', '2 Salles de bains']",4,116.0,4.682934712346477,3.0,2.306532663316583,Bon état,3.0,15
Appartements Casablanca,Oasis à Casablanca,33.55702447218315,-7.6348114013671875,Vente a oasis. Belle terrasse,2000000.0,"['165 m²', '3 Pièces', '2 Chambres', '1 Salle de bain']",4,165.0,3.0,2.0,2.306532663316583,Bon état,3.0,15
Appartements Casablanca,Val Fleury à Casablanca,33.57519011717882,-7.636785507202148,Val fleury 3 ch spacieux appartement,1900000.0,"['150 m²', '4 Pièces', '3 Chambres', '2 Salles de bains']",4,150.0,4.0,3.0,2.306532663316583,Bon état,3.0,15
Appartements Casablanca,Les Hôpitaux à Casablanca,33.56170473792227,-7.630379283521052,"Appartement 145 m² à vendre, Hopitaux Pasteur",1900000.0,"['145 m²', '4 Pièces', '3 Chambres', '2 Salles de bains', 'Bon état']",5,145.0,4.0,3.0,2.0,Bon état,3.0,15
Appartements Casablanca,Maârif Extension à Casablanca,33.57987841432208,-7.641613483429069,Appartement de 82m² en vente Résidence Diaz,1526000.0,"['82 m²', '3 Pièces', '2 Chambres', '1 Salle de bain', 'Nouveau', '2ème étage']",6,82.0,3.0,2.0,1.0,Nouveau,2.0,15
Appartements Casablanca,Maârif Extension à Casablanca,33.57987841432208,-7.641613483429069,Appartement de 76m² en vente Résidence Diaz,1418000.0,"['76 m²', '3 Pièces', '2 Chambres', '1 Salle de bain', 'Nouveau', '2ème étage']",6,76.0,3.0,2.0,1.0,Nouveau,2.0,15
Appartements Casablanca,Maârif Extension à Casablanca,33.57987841432208,-7.641613483429069,Appartement de 52m² en vente Résidence Diaz,986000.0,"['52 m²', '2 Pièces', '1 Chambre', '1 Salle de bain', 'Nouveau', '1er étage']",6,52.0,2.0,1.0,1.0,Nouveau,1.0,15
Appartements Casablanca,Maârif Extension à Casablanca,33.57987841432208,-7.641613483429069,Appartement de 74m² en vente Résidence Diaz,1345000.0,"['74 m²', '3 Pièces', '2 Chambres', '1 Salle de bain', 'Nouveau', '1er étage']",6,74.0,3.0,2.0,1.0,Nouveau,1.0,15
Appartements Casablanca,Maârif Extension à Casablanca,33.57987841432208,-7.641613483429069,Appartement de 52m² en vente Résidence Diaz,986000.0,"['52 m²', '2 Pièces', '1 Chambre', '1 Salle de bain', 'Nouveau', '1er étage']",6,52.0,2.0,1.0,1.0,Nouveau,1.0,15
Appartements Casablanca,Maârif Extension à Casablanca,33.57987841432208,-7.641613483429069,Appartement de 57m² en vente Résidence Diaz,1076000.0,"['57 m²', '2 Pièces', '1 Chambre', '1 Salle de bain', 'Nouveau', '1er étage']",6,57.0,2.0,1.0,1.0,Nouveau,1.0,15
Appartements Casablanca,Maârif Extension à Casablanca,33.57987841432208,-7.641613483429069,Appartement au RDC de 36m² en vente Résidence Diaz,691667.0,"['36 m²', '2 Pièces', '1 Chambre', '1 Salle de bain']",4,36.0,2.0,1.0,2.306532663316583,Bon état,3.0,15
Appartements Casablanca,Maârif Extension à Casablanca,33.57987841432208,-7.641613483429069,Appartement au RDC de 48m² en vente Résidence Diaz,890000.0,"['48 m²', '2 Pièces', '1 Chambre', '1 Salle de bain', 'Nouveau']",5,48.0,2.0,1.0,1.0,Nouveau,3.0,15
Appartements Casablanca,Les princesses à Casablanca,33.57905668978428,-7.647800104393838,"Appartement 113m² incluant 26m² de terrasse, Queens",1960000.0,"['113 m²', '3 Pièces', '2 Chambres', '2 Salles de bains']",4,113.0,3.0,2.0,2.306532663316583,Bon état,3.0,15
Appartements Casablanca,Les Hôpitaux à Casablanca,33.57797899192462,-7.62000560760498,Vente appartement de 245m 4 chambres 2 mars,3600000.0,"['245 m²', '6 Pièces', '4 Chambres', '2 Salles de bains', 'Bon état', '1-5 ans', '2ème étage']",7,245.0,6.0,4.0,2.0,Bon état,2.0,3
Appartements Casablanca,Gauthier à Casablanca,33.58891909184207,-7.628674507141113,"Appartement 157 m² à vendre, Gauthier, Casablanca",3000000.0,"['157 m²', '4 Pièces', '3 Chambres', '2 Salles de bains', 'Bon état']",5,157.0,4.0,3.0,2.0,Bon état,3.0,15
Appartements Casablanca,Maârif à Casablanca,33.56170473792227,-7.630379283521052,Appartement de 115m² en vente Résidence Ô Maarif,2313250.0,"['115 m²', '4 Pièces', '3 Chambres', '2 Salles de bains', 'Nouveau', '4ème étage']",6,115.0,4.0,3.0,2.0,Nouveau,4.0,15
Appartements Casablanca,Val Fleury à Casablanca,33.56170473792227,-7.630379283521052,Vente bel appartement neuf 102m² val fleuri,1690000.0,"['102 m²', '5 Pièces', '3 Chambres', '2 Salles de bains', 'Nouveau']",5,102.0,5.0,3.0,2.0,Nouveau,3.0,15
Appartements Casablanca,Oulfa à Casablanca,33.56170473792227,-7.630379283521052,Devenez propriétaire de votre appartement,608000.0,"['76 m²', '3 Pièces', '2 Chambres', '2 Salles de bains', 'Nouveau', ""Moins d'un an"", '3ème étage']",7,76.0,3.0,2.0,2.0,Nouveau,3.0,0
Appartements Casablanca,Oulfa à Casablanca,33.56170473792227,-7.630379283521052,Prêt à acheter dans le neuf RESERVE VOTRE APPARTEMENT,1092000.0,"['104 m²', '4 Pièces', '3 Chambres', '2 Salles de bains', 'Nouveau', '2ème étage']",6,104.0,4.0,3.0,2.0,Nouveau,2.0,15
Appartements Casablanca,Les princesses à Casablanca,33.573823330480856,-7.649403223484114,Superbe appartement à vendre à Les princesses. 4 pièces confortables. Jardin et ascenseur.,1690000.0,"['95 m²', '4 Pièces', '2 Chambres', '1 Salle de bain', 'Bon état', '10-20 ans', '5ème étage']",7,95.0,4.0,2.0,1.0,Bon état,5.0,15
Appartements Casablanca,CIL (Hay Salam) à Casablanca,33.57243690885356,-7.657556533813477,"Bel appart à vendre, TERRASSE, 201 m2, Bd Ghandi",3400000.0,"['201 m²', '5 Pièces', '3 Chambres', '2 Salles de bains', 'Bon état', '5ème étage']",6,201.0,5.0,3.0,2.0,Bon état,5.0,15
Villas & maisons de luxe Casablanca,Casablanca,33.56170473792227,-7.630379283521052,Villa proche frederic cassel,22500000.0,"['1230 m²', '7 Chambres', '6 Salles de bains']",4,1230.0,4.682934712346477,7.0,2.306532663316583,Bon état,3.0,15
Appartements Casablanca,Palmier à Casablanca,33.580946541729524,-7.629060745239258,Terrasse proche moliere,2800000.0,"['138 m²', '2 Chambres', '2 Salles de bains']",4,138.0,4.682934712346477,2.0,2.306532663316583,Bon état,3.0,15
Appartements Casablanca,Gauthier à Casablanca,33.58891909184207,-7.628674507141113,Exclusivite sans vis a vis,1700000.0,"['114 m²', '3 Chambres', '2 Salles de bains']",4,114.0,4.682934712346477,3.0,2.306532663316583,Bon état,3.0,15
Appartements Casablanca,Casablanca,33.56170473792227,-7.630379283521052,Belle affaire maarif extension,900000.0,"['108 m²', '3 Chambres', '2 Salles de bains', '1er étage']",5,108.0,4.682934712346477,3.0,2.0,Bon état,1.0,15
Appartements Casablanca,Hermitage à Casablanca,33.56905338161035,-7.61597692966464,Magnifique studio de 61m² sur Boulevard Anoual,968000.0,"['61 m²', '2 Pièces', '1 Chambre', '1 Salle de bain', 'Nouveau', ""Moins d'un an"", '1er étage']",7,61.0,2.0,1.0,1.0,Nouveau,1.0,0
Appartements Casablanca,Oulfa à Casablanca,33.550774678460385,-7.697961330413676,Appartement de 99m² en vente Résidence New City,1039500.0,"['99 m²', '4 Pièces', '3 Chambres', '2 Salles de bains', 'Nouveau']",5,99.0,4.0,3.0,2.0,Nouveau,3.0,15
Appartements Casablanca,Derb Ghalef à Casablanca,33.57698996670471,-7.627839811036949,Vend appartement à Derb Ghalef. Surface de 100 m². Terrasse et ascenseur.,1400000.0,"['100 m²', '2 Pièces', '2 Chambres', '2 Salles de bains', 'Nouveau', '2ème étage']",6,100.0,2.0,2.0,2.0,Nouveau,2.0,15
Appartements Casablanca,Hay Zobir à Casablanca,33.56170473792227,-7.630379283521052,Vend appartement à Hay Zobir. 2 chambres agréables,440000.0,"['57 m²', '3 Pièces', '2 Chambres', '2 Salles de bains', 'Bon état', '10-20 ans']",6,57.0,3.0,2.0,2.0,Bon état,3.0,15
Villas & maisons de luxe Casablanca,Polo à Casablanca,33.55559394413847,-7.618707418441943,Belle petite villa recente au Polo,8100000.0,"['467 m²', '6 Pièces', '4 Chambres', '4 Salles de bains', 'Nouveau', '5-10 ans']",6,467.0,6.0,4.0,4.0,Nouveau,3.0,7
Appartements Casablanca,Maârif à Casablanca,33.58602331802259,-7.636442184448242,Magnifique appartement a vendre,2300000.0,"['219 m²', '3 Pièces', '2 Chambres', '2 Salles de bains']",4,219.0,3.0,2.0,2.306532663316583,Bon état,3.0,15
Appartements Casablanca,Port à Casablanca,33.592815720497164,-7.61277437210083,Magnifique appartement a vendre,2600000.0,"['115 m²', '3 Pièces', '2 Chambres', '2 Salles de bains']",4,115.0,3.0,2.0,2.306532663316583,Bon état,3.0,15
Villas & maisons de luxe Casablanca,Casablanca,33.56170473792227,-7.630379283521052,Top affaire villa bouskoura,5344120.0,"['335 m²', '5 Pièces', '3 Chambres', '3 Salles de bains']",4,335.0,5.0,3.0,2.306532663316583,Bon état,3.0,15
Appartements Casablanca,Palmier à Casablanca,33.56170473792227,-7.630379283521052,Palmier vue degagee et ensoleillee,1690000.0,"['116 m²', '3 Chambres', '2 Salles de bains']",4,116.0,4.682934712346477,3.0,2.306532663316583,Bon état,3.0,15
Appartements Casablanca,Oasis à Casablanca,33.56170473792227,-7.630379283521052,Vente a oasis. Belle terrasse,2000000.0,"['165 m²', '3 Pièces', '2 Chambres', '1 Salle de bain']",4,165.0,3.0,2.0,2.306532663316583,Bon état,3.0,15
Appartements Casablanca,Val Fleury à Casablanca,33.56170473792227,-7.630379283521052,Val fleury 3 ch spacieux appartement,1900000.0,"['150 m²', '4 Pièces', '3 Chambres', '2 Salles de bains']",4,150.0,4.0,3.0,2.306532663316583,Bon état,3.0,15
Appartements Casablanca,Les Hôpitaux à Casablanca,33.57797899192462,-7.62000560760498,"Appartement 145 m² à vendre, Hopitaux Pasteur",1900000.0,"['145 m²', '4 Pièces', '3 Chambres', '2 Salles de bains', 'Bon état']",5,145.0,4.0,3.0,2.0,Bon état,3.0,15
Villas & maisons de luxe Casablanca,Californie à Casablanca,33.56170473792227,-7.630379283521052,Villa de 1055 m2 TRES BONNE AFFAIRE,9800000.0,"['1055 m²', '8 Pièces', '4 Chambres', '4 Salles de bains', 'Bon état', '5-10 ans']",6,1055.0,8.0,4.0,4.0,Bon état,3.0,7
Villas & maisons de luxe Casablanca,Anfa Supérieur à Casablanca,33.56170473792227,-7.630379283521052,Villa de 1025m² en pleine ANFA SUPERIEURE,20000000.0,"['1025 m²', '8 Pièces', '4 Chambres', '2 Salles de bains', 'Nouveau', '5-10 ans']",6,1025.0,8.0,4.0,2.0,Nouveau,3.0,7
Villas & maisons de luxe Casablanca,Californie à Casablanca,33.53595755299843,-7.625627517700195,Villa de 2611 m2 MODERNE TRES BONNE AFFAIRE,21000000.0,"['2611 m²', '9 Pièces', '6 Chambres', '5 Salles de bains', 'Nouveau', '5-10 ans']",6,2611.0,9.0,6.0,5.0,Nouveau,3.0,7
Villas & maisons de luxe Casablanca,CIL (Hay Salam) à Casablanca,33.56170473792227,-7.630379283521052,Villa Ultra Moderne de 583 m2 à CIL,12000000.0,"['583 m²', '8 Pièces', '4 Chambres', '3 Salles de bains', 'Nouveau', '1-5 ans']",6,583.0,8.0,4.0,3.0,Nouveau,3.0,3
Villas & maisons de luxe Casablanca,Anfa Supérieur à Casablanca,33.56170473792227,-7.630379283521052,Villa de 475 m2 en pleine Anfa supérieure RARE,12700000.0,"['465 m²', '8 Pièces', '4 Chambres', '4 Salles de bains', 'À rénover', '10-20 ans']",6,465.0,8.0,4.0,4.0,À rénover,3.0,15
Villas & maisons de luxe Casablanca,Anfa Supérieur à Casablanca,33.588597343995104,-7.66047477722168,Villa de 961 m2 à ZOM ANFA,16000000.0,"['961 m²', '9 Pièces', '4 Chambres', '4 Salles de bains', 'À rénover', '10-20 ans']",6,961.0,9.0,4.0,4.0,À rénover,3.0,15
Villas & maisons de luxe Casablanca,Polo à Casablanca,33.56170473792227,-7.630379283521052,Belle villa. POLO. Résidence fermée,7200000.0,"['350 m²', '9 Pièces', '6 Chambres', '4 Salles de bains', 'Bon état', '10-20 ans']",6,350.0,9.0,6.0,4.0,Bon état,3.0,15
Appartements Casablanca,Palmier à Casablanca,33.56170473792227,-7.630379283521052,"Très bel appart, 3éme Etg, ensoleillé, Palmiers",2400000.0,"['152 m²', '4 Pièces', '3 Chambres', '2 Salles de bains', 'Bon état', '10-20 ans', '3ème étage']",7,152.0,4.0,3.0,2.0,Bon état,3.0,15
Appartements Casablanca,El Manar - El Hank à Casablanca,33.604041673774326,-7.655426859855709,Appartement de 106m² en vente Les Terrasses d'Anfa,4558824.761494253,"['106 m²', '4 Pièces', '3 Chambres', '2 Salles de bains', 'Nouveau']",5,106.0,4.0,3.0,2.0,Nouveau,3.0,15
Appartements Casablanca,Californie à Casablanca,33.56170473792227,-7.630379283521052,Appartement de 136m² 3 chambres salon à Jnane Californie,1972000.0,"['136 m²', '4 Pièces', '3 Chambres', '2 Salles de bains', 'Nouveau']",5,136.0,4.0,3.0,2.0,Nouveau,3.0,15
Appartements Casablanca,Les Hôpitaux à Casablanca,33.56170473792227,-7.630379283521052,Bel appartement à la vente de 105 m² Bd Anoual,1800000.0,"['105 m²', '3 Pièces', '2 Chambres', '2 Salles de bains', 'Bon état', '1er étage']",6,105.0,3.0,2.0,2.0,Bon état,1.0,15
Appartements Casablanca,Maârif Extension à Casablanca,33.56170473792227,-7.630379283521052,"Appartement 142 m² à vendre, Maârif Extension, Casa",2500000.0,"['142 m²', '4 Pièces', '3 Chambres', '2 Salles de bains', 'Bon état', '5ème étage']",6,142.0,4.0,3.0,2.0,Bon état,5.0,15
Appartements Casablanca,Plateau (Al Batha) à Casablanca,33.57022891535454,-7.643104791641122,Très bel appt. Refait avec gout à Maarif,1790000.0,"['156 m²', '5 Pièces', '3 Chambres', '2 Salles de bains', 'Bon état', '10-20 ans', '4ème étage']",7,156.0,5.0,3.0,2.0,Bon état,4.0,15
Appartements Casablanca,Casablanca,33.56170473792227,-7.630379283521052,À vendre Appartement,2700000.0,"['291 m²', '3 Pièces', '2 Chambres', '2 Salles de bains']",4,291.0,3.0,2.0,2.306532663316583,Bon état,3.0,15
Villas & maisons de luxe Casablanca,Californie à Casablanca,33.57589115285009,-7.6059722900390625,Villa de 2049 m² à vendre à Californie,30000000.0,"['2049 m²', '8 Pièces', '5 Chambres', '4 Salles de bains', 'Bon état']",5,2049.0,8.0,5.0,4.0,Bon état,3.0,15
Riad Casablanca,Sidi Maarouf à Casablanca,33.51821300640254,-7.644338607788086,Villa de 331 m² à vendre à Sidi Maarouf,6500000.0,"['331 m²', '3 Pièces', '4 Chambres', '5 Salles de bains', 'Bon état']",5,331.0,3.0,4.0,5.0,Bon état,3.0,15
Appartements Casablanca,Maârif Extension à Casablanca,33.57987394514173,-7.646827697753906,Appartement de 167 m² à vendre sur Bd Zerktouni,2700000.0,"['167 m²', '4 Pièces', '3 Chambres', '2 Salles de bains', 'Bon état', '7ème étage']",6,167.0,4.0,3.0,2.0,Bon état,7.0,15
Villas & maisons de luxe Casablanca,Californie à Casablanca,33.56170473792227,-7.630379283521052,Villa de 998m² à vendre à Californie,14000000.0,"['998 m²', '4 Pièces', '4 Chambres', '5 Salles de bains', 'Bon état']",5,998.0,4.0,4.0,5.0,Bon état,3.0,15
Villas & maisons de luxe Casablanca,Californie à Casablanca,33.56170473792227,-7.630379283521052,Villa de 1200 m2 à vendre à Californie,13000000.0,"['1200 m²', '7 Pièces', '6 Chambres', '4 Salles de bains', 'À rénover']",5,1200.0,7.0,6.0,4.0,À rénover,3.0,15
Appartements Casablanca,Maârif à Casablanca,33.58130407096305,-7.642021179199219,Appartement à vendre au 2 Mars 109 m²,1350000.0,"['109 m²', '4 Pièces', '3 Chambres', '2 Salles de bains', 'Bon état']",5,109.0,4.0,3.0,2.0,Bon état,3.0,15
Appartements Casablanca,Tantonville à Casablanca,33.56170473792227,-7.630379283521052,Bel Appartementau centre ville,1600000.0,"['120 m²', '3 Pièces', '2 Chambres', '2 Salles de bains', 'Bon état', '5-10 ans', '1er étage']",7,120.0,3.0,2.0,2.0,Bon état,1.0,7
Villas & maisons de luxe Casablanca,CIL (Hay Salam) à Casablanca,33.56170473792227,-7.630379283521052,Villa de 450 m² à vendre à Cil ( Hay Essalam ),10500000.0,"['450 m²', '2 Pièces', '4 Chambres', '4 Salles de bains', 'Bon état']",5,450.0,2.0,4.0,4.0,Bon état,3.0,15
Appartements Casablanca,Sidi Belyout à Casablanca,33.59585425372357,-7.609341144561768,Appartement de 113 m² à vendre à Boulevard Ziraoui,1695000.0,"['113 m²', '1 Pièce', '2 Chambres', '2 Salles de bains', 'Bon état']",6,113.0,4.682934712346477,2.0,2.0,Bon état,3.0,15
Villas & maisons de luxe Casablanca,Anfa à Casablanca,33.56170473792227,-7.630379283521052,Appartement de 131m² à vendre sur la cité des Arts,2500000.0,"['131 m²', '4 Pièces', '3 Chambres', '2 Salles de bains', 'Bon état']",5,131.0,4.0,3.0,2.0,Bon état,3.0,15
Villas & maisons de luxe Casablanca,Californie à Casablanca,33.56170473792227,-7.630379283521052,Villa de 1100 m² à vendre à Californie,14000000.0,"['1100 m²', '3 Pièces', '4 Chambres', '4 Salles de bains', 'Bon état']",5,1100.0,3.0,4.0,4.0,Bon état,3.0,15
Appartements Casablanca,Racine à Casablanca,33.56170473792227,-7.630379283521052,Appartement à vendre sur Racine 162 m²,2650000.0,"['162 m²', '5 Pièces', '3 Chambres', '2 Salles de bains', 'Bon état']",5,162.0,5.0,3.0,2.0,Bon état,3.0,15
Villas & maisons de luxe Casablanca,Sidi Maarouf à Casablanca,33.56170473792227,-7.630379283521052,Villa 250 m² à vendre à Sidi Maarouf,5000000.0,"['250 m²', '3 Pièces', '6 Chambres', '5 Salles de bains', 'Bon état']",5,250.0,3.0,6.0,5.0,Bon état,3.0,15
Villas & maisons de luxe Casablanca,Anfa à Casablanca,33.596175974504256,-7.657470703125,Villa de 300m² à vendre sur le boulevard Sidi Abderahmane,5400000.0,"['300 m²', '9 Pièces', '5 Chambres', '5 Salles de bains', 'Bon état']",5,300.0,9.0,5.0,5.0,Bon état,3.0,15
Villas & maisons de luxe Casablanca,Anfa Supérieur à Casablanca,33.588597343995104,-7.66047477722168,Villa de 1620 m² à vendre à Anfa supérieur,35000000.0,"['1620 m²', '8 Pièces', '4 Chambres', '4 Salles de bains', 'Bon état']",5,1620.0,8.0,4.0,4.0,Bon état,3.0,15
Appartements Casablanca,Gauthier à Casablanca,33.58891909184207,-7.628674507141113,Appartement à vendre sur Gauthier 189 m²,4000000.0,"['189 m²', '5 Pièces', '3 Chambres', '2 Salles de bains', 'Bon état', '2ème étage']",6,189.0,5.0,3.0,2.0,Bon état,2.0,15
Villas & maisons de luxe Casablanca,Anfa Supérieur à Casablanca,33.588597343995104,-7.66047477722168,Villa de 1000 m² à vendre à Anfa Supérieur,25000000.0,"['1000 m²', '7 Pièces', '4 Chambres', '3 Salles de bains', 'Bon état']",5,1000.0,7.0,4.0,3.0,Bon état,3.0,15
Villas & maisons de luxe Casablanca,Anfa Supérieur à Casablanca,33.588597343995104,-7.66047477722168,Villa de luxe de 4200 m² à vendre à Casablanca,71400000.0,"['4200 m²', '3 Pièces', '5 Chambres', '5 Salles de bains', 'Bon état']",5,4200.0,3.0,5.0,5.0,Bon état,3.0,15
Villas & maisons de luxe Casablanca,Anfa à Casablanca,33.56170473792227,-7.630379283521052,Villa de 1000 m² à vendre à Chantilly,18000000.0,"['1000 m²', '8 Pièces', '4 Chambres', '4 Salles de bains', 'Bon état']",5,1000.0,8.0,4.0,4.0,Bon état,3.0,15
Appartements Casablanca,Bourgogne Ouest à Casablanca,33.596549316031634,-7.652140101458144,DV. 683: Superbe 2 Ch à Bourgogne:,1600000.0,"['94 m²', '3 Pièces', '2 Chambres', '2 Salles de bains', 'Bon état', '5-10 ans', '5ème étage']",7,94.0,3.0,2.0,2.0,Bon état,5.0,7
Villas & maisons de luxe Casablanca,Anfa Supérieur à Casablanca,33.56170473792227,-7.630379283521052,Villa 2014m² à vendre vue sur mer Anfa Supérieur,48000000.0,"['2014 m²', '1 Pièce', '1 Chambre', '1 Salle de bain', 'Bon état']",6,2014.0,4.682934712346477,1.0,1.0,Bon état,3.0,15
Appartements Casablanca,Triangle d'Or à Casablanca,33.582734173084866,-7.675838470458984,Vente appartement 233m²avec terrasse Triangle d'or,5500000.0,"['233 m²', '8 Pièces', '5 Chambres', '3 Salles de bains', 'Bon état']",5,233.0,8.0,5.0,3.0,Bon état,3.0,15
Villas & maisons de luxe Casablanca,Sidi Maarouf à Casablanca,33.56170473792227,-7.630379283521052,Villa trés jolie à lina prés de casanaearshore,4600000.0,"['250 m²', '6 Pièces', '6 Chambres', '4 Salles de bains', 'Bon état', ""Moins d'un an""]",6,250.0,6.0,6.0,4.0,Bon état,3.0,0
Appartements Casablanca,Casablanca Finance City à Casablanca,32.34023266790936,-7.437744140625,Appartement à vendre Faubourg d'anfa CFC 1 Ch,1450000.0,"['72 m²', '2 Pièces', '1 Chambre', '1 Salle de bain', 'Nouveau', '1-5 ans']",6,72.0,2.0,1.0,1.0,Nouveau,3.0,3
Appartements Casablanca,Maârif Extension à Casablanca,33.57916229920118,-7.661590456338587,A vendre sur maarif ext appartement sur de 222 m2 à un prix sacrifié avec une terasse de 93 m2,1900000.0,"['222 m²', '5 Pièces', '4 Chambres', '2 Salles de bains', 'À rénover', '20-30 ans']",6,222.0,5.0,4.0,2.0,À rénover,3.0,25
Appartements Casablanca,Val Fleury à Casablanca,33.574598745310205,-7.634803820837561,Apprt a vendre sur val fleuri 129m2,1900000.0,"['129 m²', '4 Pièces', '3 Chambres', '2 Salles de bains', 'Bon état', '5-10 ans', '2ème étage']",7,129.0,4.0,3.0,2.0,Bon état,2.0,7
Appartements Casablanca,Racine à Casablanca,33.592458238962855,-7.648158073425293,♥️Magnifique appartement sans vis a vis racine♥️,1870000.0,"['84 m²', '3 Pièces', '2 Chambres', '2 Salles de bains', 'Bon état', '5-10 ans', '3ème étage']",7,84.0,3.0,2.0,2.0,Bon état,3.0,7
Villas & maisons de luxe Casablanca,Anfa Supérieur à Casablanca,33.588597343995104,-7.66047477722168,"Villa de 1900 m²,haut standing à vendre à Casablanca",45000000.0,"['1900 m²', '5 Pièces', '5 Chambres', '5 Salles de bains', 'Bon état']",5,1900.0,5.0,5.0,5.0,Bon état,3.0,15
Villas & maisons de luxe Casablanca,Anfa Supérieur à Casablanca,33.56170473792227,-7.630379283521052,Villa de luxe en vente à Casablanca. Superficie 2100 m².,4558824.761494253,"['2100 m²', '3 Pièces', '5 Chambres', '4 Salles de bains', 'Bon état']",5,2100.0,3.0,5.0,4.0,Bon état,3.0,15
Villas & maisons de luxe Casablanca,Californie à Casablanca,33.52185117130459,-7.632256132194186,Villa d’exception de 1143m² à vendre – Californie,14500000.0,"['1143 m²', '5 Pièces', '4 Chambres', '5 Salles de bains', 'Bon état', '10-20 ans']",6,1143.0,5.0,4.0,5.0,Bon état,3.0,15
Villas & maisons de luxe Casablanca,Hermitage à Casablanca,33.566822952300136,-7.6173448562622355,Villa jumelée 200m2 moderne à l’Hermitage,4500000.0,"['200 m²', '6 Pièces', '4 Chambres', '3 Salles de bains', 'Bon état', '5-10 ans']",6,200.0,6.0,4.0,3.0,Bon état,3.0,7
Appartements Casablanca,Racine à Casablanca,33.588597343995104,-7.636270523071261,** Appartement haut standing 156m2 à Racine,2750000.0,"['156 m²', '4 Pièces', '3 Chambres', '3 Salles de bains', 'Bon état', '10-20 ans', '3ème étage']",7,156.0,4.0,3.0,3.0,Bon état,3.0,15
Appartements Casablanca,Les princesses à Casablanca,33.576834849083724,-7.646741867065401,Appartement 3 chambres 146m² – Les princesses,2350000.0,"['146 m²', '4 Pièces', '3 Chambres', '3 Salles de bains', 'Bon état', '10-20 ans', '2ème étage']",7,146.0,4.0,3.0,3.0,Bon état,2.0,15
Villas & maisons de luxe Casablanca,Polo à Casablanca,33.56285362898747,-7.621378898620577,Villa 803m2 à vendre – Hermitage,6400000.0,"['803 m²', '6 Pièces', '4 Chambres', '3 Salles de bains', 'À rénover', '30-50 ans']",6,803.0,6.0,4.0,3.0,À rénover,3.0,40
Appartements Casablanca,Gauthier à Casablanca,33.590492064043225,-7.631592750549345,Appartement 91m2 avec terrasse à Gauthier,1540000.0,"['91 m²', '3 Pièces', '2 Chambres', '1 Salle de bain', 'Bon état', '5-10 ans', '1er étage']",7,91.0,3.0,2.0,1.0,Bon état,1.0,7
Appartements Casablanca,Les princesses à Casablanca,33.578014746143936,-7.647728919982939,Appartement 100m2 avec terrasse – Princesses,1600000.0,"['100 m²', '3 Pièces', '2 Chambres', '2 Salles de bains', 'Bon état', '1-5 ans', '1er étage']",7,100.0,3.0,2.0,2.0,Bon état,1.0,3
Appartements Casablanca,Les Hôpitaux à Casablanca,33.569647855047904,-7.611079216003446,Appartement 3 chambres 130m2 à vendre à 2 Mars,1750000.0,"['130 m²', '5 Pièces', '3 Chambres', '2 Salles de bains', 'Bon état', '10-20 ans', '5ème étage']",7,130.0,5.0,3.0,2.0,Bon état,5.0,15
Appartements Casablanca,Californie à Casablanca,33.52728534708877,-7.611541444328964,Appartement 175m2 avec terrasse à Jnane Californie,2980000.0,"['175 m²', '5 Pièces', '3 Chambres', '3 Salles de bains', 'Bon état', '1-5 ans', '4ème étage']",7,175.0,5.0,3.0,3.0,Bon état,4.0,3
Villas & maisons de luxe Casablanca,Californie à Casablanca,33.53565634172124,-7.626990968254745,Magnifique Villa 1000m2 haut standing Californie,19000000.0,"['1000 m²', '5 Pièces', '4 Chambres', '5 Salles de bains', 'Bon état', '1-5 ans']",6,1000.0,5.0,4.0,5.0,Bon état,3.0,3
Appartements Casablanca,Les princesses à Casablanca,33.57622701703072,-7.6470851898193075,Magnifique appartement 140m2 aux Princesses,2400000.0,"['140 m²', '5 Pièces', '3 Chambres', '3 Salles de bains', 'Bon état', '10-20 ans', '5ème étage']",7,140.0,5.0,3.0,3.0,Bon état,5.0,15
Appartements Casablanca,Les princesses à Casablanca,33.57797899192462,-7.647728919982939,Appartement studio 51 m2 à vendre – Les princes,1090000.0,"['51 m²', '2 Pièces', '1 Chambre', '1 Salle de bain', 'Nouveau', '1-5 ans', '1er étage']",7,51.0,2.0,1.0,1.0,Nouveau,1.0,3
Villas & maisons de luxe Casablanca,Sidi Maarouf à Casablanca,33.517124589739495,-7.641925508049667,Villa 250m2 rénovée à Sidi Maarouf,4500000.0,"['250 m²', '5 Pièces', '4 Chambres', '3 Salles de bains', 'Bon état', '10-20 ans']",6,250.0,5.0,4.0,3.0,Bon état,3.0,15
Appartements Casablanca,Val Fleury à Casablanca,33.57322354876399,-7.638115882873478,Appartement haut standing 125m2 à Val fleuri,1790000.0,"['125 m²', '5 Pièces', '3 Chambres', '2 Salles de bains', 'Bon état', '10-20 ans', '1er étage']",7,125.0,5.0,3.0,2.0,Bon état,1.0,15
Appartements Casablanca,Bourgogne Ouest à Casablanca,33.56170473792227,-7.630379283521052,Location d'un Appartement à Bourgogne,2400000.0,"['141 m²', '3 Pièces', '3 Chambres', '2 Salles de bains', 'Bon état', '10-20 ans', '4ème étage']",7,141.0,3.0,3.0,2.0,Bon état,4.0,15
Appartements Casablanca,Bernoussi à Casablanca,33.56170473792227,-7.630379283521052,Appartement résidence CHABAB,600000.0,"['58 m²', '3 Pièces', '2 Chambres', '1 Salle de bain', 'Bon état', '5-10 ans', '1er étage']",7,58.0,3.0,2.0,1.0,Bon état,1.0,7
Appartements Casablanca,Ferme Bretonne (Hay Arraha) à Casablanca,33.572365395778974,-7.669143676757983,Appartement en vente à Ferme Bretonne Hay Arraha. Superficie 90 m²,1628000.0,"['90 m²', '2 Chambres', '2 Salles de bains']",4,90.0,4.682934712346477,2.0,2.306532663316583,Bon état,3.0,15
Appartements Casablanca,Ferme Bretonne (Hay Arraha) à Casablanca,33.572365395778974,-7.669143676757983,Vend appartement à Ferme Bretonne Hay Arraha. Surface totale 85 m²,1526250.0,"['85 m²', '2 Chambres', '2 Salles de bains']",4,85.0,4.682934712346477,2.0,2.306532663316583,Bon état,3.0,15
Appartements Casablanca,Ferme Bretonne (Hay Arraha) à Casablanca,33.572365395778974,-7.669143676757983,Appartement à l'achat à Ferme Bretonne Hay Arraha. Surface totale 91 m²,1683500.0,"['91 m²', '2 Chambres', '2 Salles de bains']",4,91.0,4.682934712346477,2.0,2.306532663316583,Bon état,3.0,15
Appartements Casablanca,Ahl Loghlam (Hay Assalam) à Casablanca,33.56170473792227,-7.630379283521052,Vente d'un bel appartement à Ahl Loghlam (Hay Assalam). 2 chambres.,300000.0,"['51 m²', '2 Pièces', '2 Chambres', '1 Salle de bain', 'Bon état', '5-10 ans']",6,51.0,2.0,2.0,1.0,Bon état,3.0,7
Appartements Casablanca,Oulfa à Casablanca,33.55627344791359,-7.67918586730957,Superbe appartement à vendre à Oulfa. 2 chambres. Système de parabole et résidence sécurisée,470000.0,"['52 m²', '3 Pièces', '2 Chambres', '2 Salles de bains', 'Bon état', '10-20 ans', '3ème étage']",7,52.0,3.0,2.0,2.0,Bon état,3.0,15
Appartements Casablanca,Californie à Casablanca,33.538935329089206,-7.613502464864297,"Appartement au RDC de 94m² en vente, Le Prestige Californie",1526560.0,"['94 m²', '4 Pièces', '3 Chambres', '2 Salles de bains', 'Nouveau']",5,94.0,4.0,3.0,2.0,Nouveau,3.0,15
Appartements Casablanca,Californie à Casablanca,33.538935329089206,-7.613502464864297,"Appartement de 93m² en vente, Le Prestige Californie",1572820.0,"['93 m²', '4 Pièces', '3 Chambres', '2 Salles de bains', 'Nouveau', '2ème étage']",6,93.0,4.0,3.0,2.0,Nouveau,2.0,15
Appartements Casablanca,Casablanca Finance City à Casablanca,33.5585265011327,-7.605092525482178,"Duplex de 370m² en vente , NEXT HOUSE CASA ANFA",7098000.0,"['370 m²', '5 Pièces', '4 Chambres', '3 Salles de bains']",4,370.0,5.0,4.0,2.306532663316583,Bon état,3.0,15
Appartements Casablanca,Ain Diab à Casablanca,33.56170473792227,-7.630379283521052,❗️Unique Penthouse Dernier Etage Vue Mer ❗️,4050000.0,"['162 m²', '3 Pièces', '2 Chambres', '3 Salles de bains', 'Bon état', '1-5 ans', '6ème étage']",7,162.0,3.0,2.0,3.0,Bon état,6.0,3
Appartements Casablanca,Gauthier à Casablanca,33.56170473792227,-7.630379283521052,Bel appartement à vendre à Gauthier. Surface de 198 m². Ascenseur et stationnement,3000000.0,"['198 m²', '4 Pièces', '3 Chambres', '3 Salles de bains', 'Bon état', '10-20 ans', '6ème étage']",7,198.0,4.0,3.0,3.0,Bon état,6.0,15
Appartements Casablanca,Maârif Extension à Casablanca,33.56170473792227,-7.630379283521052,Des appartements neuf entre 40m² et 72m² a maarif,920000.0,"['46 m²', '2 Pièces', '1 Chambre', '1 Salle de bain', 'Nouveau']",5,46.0,2.0,1.0,1.0,Nouveau,3.0,15
Appartements Casablanca,Oasis à Casablanca,33.55383257394156,-7.633749246597205,Appartement de 99m² en vente Résidence Le Mirage,1822250.0,"['99 m²', '4 Pièces', '3 Chambres', 'Nouveau', '3ème étage']",6,99.0,4.0,3.0,2.306532663316583,Nouveau,3.0,15
Appartements Casablanca,Casablanca Finance City à Casablanca,33.56170473792227,-7.630379283521052,"Appartement F3 de 90m² en vente, Ryad' Anfa",1900000.0,"['90 m²', '3 Pièces', '2 Chambres', '1 Salle de bain', 'Nouveau']",5,90.0,3.0,2.0,1.0,Nouveau,3.0,15
Appartements Casablanca,Franceville à Casablanca,33.56693022877625,-7.631549835205078,Appartement H. S 5 chambres avec une belle terrasse,1950000.0,"['203 m²', '7 Pièces', '5 Chambres', '2 Salles de bains', 'Bon état']",5,203.0,7.0,5.0,2.0,Bon état,3.0,15
Appartements Casablanca,Maârif Extension à Casablanca,33.56170473792227,-7.630379283521052,Bel appartement sans vis à vis à vendre,2330000.0,"['180 m²', '5 Pièces', '3 Chambres', '2 Salles de bains', 'Bon état', '10-20 ans', '5ème étage']",7,180.0,5.0,3.0,2.0,Bon état,5.0,15
Appartements Casablanca,Californie à Casablanca,33.538935329089206,-7.613502464864297,"Appartement au RDC de 98m² en vente, Le Prestige Californie",1635420.0,"['98 m²', '4 Pièces', '3 Chambres']",4,98.0,4.0,2.9211172498465316,2.306532663316583,Bon état,3.0,15
Appartements Casablanca,Californie à Casablanca,33.538935329089206,-7.613502464864297,"Appartement de 99m² en vente, Le Prestige Californie",1585580.0,"['99 m²', '3 Pièces', '2 Chambres', '2 Salles de bains', 'Nouveau', '2ème étage']",6,99.0,3.0,2.0,2.0,Nouveau,2.0,15
Appartements Casablanca,Californie à Casablanca,33.538935329089206,-7.613502464864297,"Appartement de 102m² en vente, Le Prestige Californie",1428000.0,"['102 m²', '4 Pièces', '3 Chambres', '3 Salles de bains', 'Nouveau']",5,102.0,4.0,3.0,3.0,Nouveau,3.0,15
Appartements Casablanca,Californie à Casablanca,33.538935329089206,-7.613502464864297,"Appartement de 102m² en vente, Le Prestige Californie",1656480.0,"['102 m²', '4 Pièces', '3 Chambres', '2 Salles de bains', '3ème étage']",5,102.0,4.0,3.0,2.0,Bon état,3.0,15
Appartements Casablanca,Californie à Casablanca,33.538935329089206,-7.613502464864297,"Appartement de 115m² en vente, Le Prestige Californie",1803200.0,"['115 m²', '3 Pièces', '2 Chambres', '2 Salles de bains', 'Nouveau', '4ème étage']",6,115.0,3.0,2.0,2.0,Nouveau,4.0,15
Appartements Casablanca,Californie à Casablanca,33.538935329089206,-7.613502464864297,"Appartement au RDC de 80m² en vente, Le Prestige Californie",1344000.0,"['80 m²', '3 Pièces', '2 Chambres', '2 Salles de bains', 'Nouveau']",5,80.0,3.0,2.0,2.0,Nouveau,3.0,15
Appartements Casablanca,Californie à Casablanca,33.538935329089206,-7.613502464864297,"Appartement de 122m² en vente, Le Prestige Californie",1721660.0,"['122 m²', '4 Pièces', '3 Chambres', '3 Salles de bains', 'Nouveau', '2ème étage']",6,122.0,4.0,3.0,3.0,Nouveau,2.0,15
Appartements Casablanca,Californie à Casablanca,33.538935329089206,-7.613502464864297,"Appartement de 115m² en vente, Le Prestige Californie",1854720.0,"['115 m²', '3 Pièces', '2 Chambres', '2 Salles de bains', 'Nouveau', '1er étage']",6,115.0,3.0,2.0,2.0,Nouveau,1.0,15
Appartements Casablanca,Aïn Sebaâ à Casablanca,33.56170473792227,-7.630379283521052,Appartement de 90m² en vente Les Jardins de Ain Sebaa,984810.0,"['90 m²', '3 Pièces', '2 Chambres', '2 Salles de bains', 'Nouveau', '4ème étage']",6,90.0,3.0,2.0,2.0,Nouveau,4.0,15
Villas & maisons de luxe Casablanca,Ain Diab à Casablanca,33.56170473792227,-7.630379283521052,Villa ain diab vue sur mer 4 suites,8000000.0,"['400 m²', '10 Pièces', '4 Chambres', '6 Salles de bains', 'Nouveau']",5,400.0,10.0,4.0,6.0,Nouveau,3.0,15
Appartements Casablanca,Racine à Casablanca,33.56170473792227,-7.630379283521052,Rare appart moderne etage eleve terrasse racine,2900000.0,"['160 m²', '8 Pièces', '3 Chambres', '3 Salles de bains', 'Nouveau']",5,160.0,8.0,3.0,3.0,Nouveau,3.0,15
Appartements Casablanca,Maârif Extension à Casablanca,33.578122008713294,-7.641978263855009,"Bel Appartement avec VUE SUR JARDIN, 127 m² titrés",1950000.0,"['106 m²', '3 Pièces', '2 Chambres', '2 Salles de bains', 'Bon état']",5,106.0,3.0,2.0,2.0,Bon état,3.0,15
Villas & maisons de luxe Casablanca,Ain Diab à Casablanca,33.58630932470067,-7.671375274658203,Somptueuse maison à vendre à Ain Diab. Superficie 1800 m². Système de parabole et résidence sécurisée,4558824.761494253,"['1800 m²', '8 Pièces', '5 Chambres', '4 Salles de bains', 'Bon état', '5-10 ans']",6,1800.0,8.0,5.0,4.0,Bon état,3.0,7
Appartements Casablanca,Mers Sultan à Casablanca,33.56170473792227,-7.630379283521052,"Vente d'un bel appartement à Mers Sultan. Superficie 107 m². Porte blindée, sécurité",4558824.761494253,"['107 m²', '5 Pièces', '3 Chambres', '2 Salles de bains', 'Bon état', '10-20 ans']",6,107.0,5.0,3.0,2.0,Bon état,3.0,15
Appartements Casablanca,Beauséjour à Casablanca,33.568610876168464,-7.648673057556152,Vente d'un bel appartement à Beauséjour. 4 pièces confortables. Antenne parabolique et Porte blindée,4558824.761494253,"['107 m²', '4 Pièces', '2 Chambres', '2 Salles de bains', 'Bon état', '10-20 ans', '2ème étage']",7,107.0,4.0,2.0,2.0,Bon état,2.0,15
Appartements Casablanca,Maârif à Casablanca,33.56170473792227,-7.630379283521052,Superbe appartement à vendre à Maârif. 3 chambres. Cheminée et service de conciergerie,4558824.761494253,"['99 m²', '5 Pièces', '3 Chambres', '2 Salles de bains', 'Bon état', '5-10 ans', '4ème étage']",7,99.0,5.0,3.0,2.0,Bon état,4.0,7
Appartements Casablanca,Les princesses à Casablanca,33.56170473792227,-7.630379283521052,Appartement en vente à Les princesses. 3 chambres agréables. Garage et terrasse,4558824.761494253,"['164 m²', '5 Pièces', '3 Chambres', '2 Salles de bains', 'Bon état', '5-10 ans', '2ème étage']",7,164.0,5.0,3.0,2.0,Bon état,2.0,7
Appartements Casablanca,Les princesses à Casablanca,33.56170473792227,-7.630379283521052,Superbe appartement à vendre à Les princesses. Surface de 153 m². Service de concierge et climatisation,4558824.761494253,"['153 m²', '5 Pièces', '3 Chambres', '2 Salles de bains', 'Bon état', '5-10 ans', '2ème étage']",7,153.0,5.0,3.0,2.0,Bon état,2.0,7
Appartements Casablanca,Les princesses à Casablanca,33.56170473792227,-7.630379283521052,Bel appartement à vendre à Les princesses. 5 pièces confortables. Cheminée et climatisation,4558824.761494253,"['140 m²', '5 Pièces', '3 Chambres', '2 Salles de bains', 'Bon état', '5-10 ans', '5ème étage']",7,140.0,5.0,3.0,2.0,Bon état,5.0,7
Appartements Casablanca,Belvédère à Casablanca,33.5895625839363,-7.59678840637207,Vente d'un bel appartement à Casablanca. 2 belles chambres. Garage et terrasse a la girande,920000.0,"['78 m²', '3 Pièces', '2 Chambres', '1 Salle de bain', 'Bon état', '5-10 ans', '2ème étage']",7,78.0,3.0,2.0,1.0,Bon état,2.0,7
Appartements Casablanca,Burger à Casablanca,33.56170473792227,-7.630379283521052,Vente d'un bel appartement à Burger. Superficie 78 m². Salon Marocain et antenne parabolique,14000.0,"['78 m²', '3 Pièces', '2 Chambres', '2 Salles de bains', 'Nouveau', ""Moins d'un an"", '2ème étage']",7,78.0,3.0,2.0,2.0,Nouveau,2.0,0
Appartements Casablanca,Val Fleury à Casablanca,33.56170473792227,-7.630379283521052,Vente d'un bel appartement à Casablanca. Surface totale 240 m². Salon traditionnel et porte blindée,2900000.0,"['240 m²', '5 Pièces', '3 Chambres', '2 Salles de bains', 'Bon état', '5-10 ans', '4ème étage']",7,240.0,5.0,3.0,2.0,Bon état,4.0,7
Appartements Casablanca,Lissasfa à Casablanca,33.52837363589382,-7.679100036621094,Appartement en Vente à résidence Riad RAHA,339000.0,"['50 m²', '3 Pièces', '2 Chambres', '1 Salle de bain', 'Bon état', '5-10 ans', '3ème étage']",7,50.0,3.0,2.0,1.0,Bon état,3.0,7
Villas & maisons de luxe Casablanca,Anfa à Casablanca,33.596175974504256,-7.657470703125,Maison de haut standing à vendre à Casablanca. Surface de 1058 m². Jardin et garage,20000000.0,"['1058 m²', '5 Pièces', '5 Chambres', '4 Salles de bains', 'Bon état']",5,1058.0,5.0,5.0,4.0,Bon état,3.0,15
Appartements Casablanca,Racine Extension à Casablanca,33.56170473792227,-7.630379283521052,Vends immeubleSuperficie 232 m²,16000000.0,['232 m²'],4,232.0,4.682934712346477,2.9211172498465316,2.306532663316583,Bon état,3.0,15
Appartements Casablanca,Casablanca Finance City à Casablanca,33.5585265011327,-7.605092525482178,"Duplex de 370m² en vente , NEXT HOUSE CASA ANFA",7098000.0,"['370 m²', '5 Pièces', '4 Chambres', '3 Salles de bains']",4,370.0,5.0,4.0,2.306532663316583,Bon état,3.0,15
Appartements Casablanca,Ain Diab à Casablanca,33.58630932470067,-7.671375274658203,❗️Unique Penthouse Dernier Etage Vue Mer ❗️,4050000.0,"['162 m²', '3 Pièces', '2 Chambres', '3 Salles de bains', 'Bon état', '1-5 ans', '6ème étage']",7,162.0,3.0,2.0,3.0,Bon état,6.0,3
Appartements Casablanca,Gauthier à Casablanca,33.56170473792227,-7.630379283521052,Bel appartement à vendre à Gauthier. Surface de 198 m². Ascenseur et stationnement,3000000.0,"['198 m²', '4 Pièces', '3 Chambres', '3 Salles de bains', 'Bon état', '10-20 ans', '6ème étage']",7,198.0,4.0,3.0,3.0,Bon état,6.0,15
Appartements Casablanca,Maârif Extension à Casablanca,33.57987394514173,-7.646827697753906,Des appartements neuf entre 40m² et 72m² a maarif,920000.0,"['46 m²', '2 Pièces', '1 Chambre', '1 Salle de bain', 'Nouveau']",5,46.0,2.0,1.0,1.0,Nouveau,3.0,15
Appartements Casablanca,Oasis à Casablanca,33.55383257394156,-7.633749246597205,Appartement de 99m² en vente Résidence Le Mirage,1822250.0,"['99 m²', '4 Pièces', '3 Chambres', 'Nouveau', '3ème étage']",6,99.0,4.0,3.0,2.306532663316583,Nouveau,3.0,15
Appartements Casablanca,Casablanca Finance City à Casablanca,33.56170473792227,-7.630379283521052,"Appartement F3 de 90m² en vente, Ryad' Anfa",1900000.0,"['90 m²', '3 Pièces', '2 Chambres', '1 Salle de bain', 'Nouveau']",5,90.0,3.0,2.0,1.0,Nouveau,3.0,15
Appartements Casablanca,Franceville à Casablanca,33.56693022877625,-7.631549835205078,Appartement H. S 5 chambres avec une belle terrasse,1950000.0,"['203 m²', '7 Pièces', '5 Chambres', '2 Salles de bains', 'Bon état']",5,203.0,7.0,5.0,2.0,Bon état,3.0,15
Appartements Casablanca,Maârif Extension à Casablanca,33.57987394514173,-7.646827697753906,Bel appartement sans vis à vis à vendre,2330000.0,"['180 m²', '5 Pièces', '3 Chambres', '2 Salles de bains', 'Bon état', '10-20 ans', '5ème étage']",7,180.0,5.0,3.0,2.0,Bon état,5.0,15
Appartements Casablanca,Californie à Casablanca,33.538935329089206,-7.613502464864297,"Appartement au RDC de 98m² en vente, Le Prestige Californie",1635420.0,"['98 m²', '4 Pièces', '3 Chambres']",4,98.0,4.0,2.9211172498465316,2.306532663316583,Bon état,3.0,15
Appartements Casablanca,Californie à Casablanca,33.538935329089206,-7.613502464864297,"Appartement de 99m² en vente, Le Prestige Californie",1585580.0,"['99 m²', '3 Pièces', '2 Chambres', '2 Salles de bains', 'Nouveau', '2ème étage']",6,99.0,3.0,2.0,2.0,Nouveau,2.0,15
Appartements Casablanca,Californie à Casablanca,33.538935329089206,-7.613502464864297,"Appartement de 102m² en vente, Le Prestige Californie",1428000.0,"['102 m²', '4 Pièces', '3 Chambres', '3 Salles de bains', 'Nouveau']",5,102.0,4.0,3.0,3.0,Nouveau,3.0,15
Appartements Casablanca,Californie à Casablanca,33.538935329089206,-7.613502464864297,"Appartement de 102m² en vente, Le Prestige Californie",1656480.0,"['102 m²', '4 Pièces', '3 Chambres', '2 Salles de bains', '3ème étage']",5,102.0,4.0,3.0,2.0,Bon état,3.0,15
Appartements Casablanca,Californie à Casablanca,33.538935329089206,-7.613502464864297,"Appartement de 115m² en vente, Le Prestige Californie",1803200.0,"['115 m²', '3 Pièces', '2 Chambres', '2 Salles de bains', 'Nouveau', '4ème étage']",6,115.0,3.0,2.0,2.0,Nouveau,4.0,15
Appartements Casablanca,Californie à Casablanca,33.538935329089206,-7.613502464864297,"Appartement au RDC de 80m² en vente, Le Prestige Californie",1344000.0,"['80 m²', '3 Pièces', '2 Chambres', '2 Salles de bains', 'Nouveau']",5,80.0,3.0,2.0,2.0,Nouveau,3.0,15
Appartements Casablanca,Californie à Casablanca,33.538935329089206,-7.613502464864297,"Appartement de 122m² en vente, Le Prestige Californie",1721660.0,"['122 m²', '4 Pièces', '3 Chambres', '3 Salles de bains', 'Nouveau', '2ème étage']",6,122.0,4.0,3.0,3.0,Nouveau,2.0,15
Appartements Casablanca,Californie à Casablanca,33.538935329089206,-7.613502464864297,"Appartement de 115m² en vente, Le Prestige Californie",1854720.0,"['115 m²', '3 Pièces', '2 Chambres', '2 Salles de bains', 'Nouveau', '1er étage']",6,115.0,3.0,2.0,2.0,Nouveau,1.0,15
Appartements Casablanca,Aïn Sebaâ à Casablanca,33.56170473792227,-7.630379283521052,Appartement de 90m² en vente Les Jardins de Ain Sebaa,984810.0,"['90 m²', '3 Pièces', '2 Chambres', '2 Salles de bains', 'Nouveau', '4ème étage']",6,90.0,3.0,2.0,2.0,Nouveau,4.0,15
Villas & maisons de luxe Casablanca,Ain Diab à Casablanca,33.56170473792227,-7.630379283521052,Villa ain diab vue sur mer 4 suites,8000000.0,"['400 m²', '10 Pièces', '4 Chambres', '6 Salles de bains', 'Nouveau']",5,400.0,10.0,4.0,6.0,Nouveau,3.0,15
Appartements Casablanca,Racine à Casablanca,33.592458238962855,-7.648158073425293,Rare appart moderne etage eleve terrasse racine,2900000.0,"['160 m²', '8 Pièces', '3 Chambres', '3 Salles de bains', 'Nouveau']",5,160.0,8.0,3.0,3.0,Nouveau,3.0,15
Appartements Casablanca,Maârif Extension à Casablanca,33.578122008713294,-7.641978263855009,"Bel Appartement avec VUE SUR JARDIN, 127 m² titrés",1950000.0,"['106 m²', '3 Pièces', '2 Chambres', '2 Salles de bains', 'Bon état']",5,106.0,3.0,2.0,2.0,Bon état,3.0,15
Villas & maisons de luxe Casablanca,Ain Diab à Casablanca,33.58630932470067,-7.671375274658203,Somptueuse maison à vendre à Ain Diab. Superficie 1800 m². Système de parabole et résidence sécurisée,4558824.761494253,"['1800 m²', '8 Pièces', '5 Chambres', '4 Salles de bains', 'Bon état', '5-10 ans']",6,1800.0,8.0,5.0,4.0,Bon état,3.0,7
Appartements Casablanca,Mers Sultan à Casablanca,33.57955216356586,-7.611980438232422,"Vente d'un bel appartement à Mers Sultan. Superficie 107 m². Porte blindée, sécurité",4558824.761494253,"['107 m²', '5 Pièces', '3 Chambres', '2 Salles de bains', 'Bon état', '10-20 ans']",6,107.0,5.0,3.0,2.0,Bon état,3.0,15
Appartements Casablanca,Beauséjour à Casablanca,33.56170473792227,-7.630379283521052,Vente d'un bel appartement à Beauséjour. 4 pièces confortables. Antenne parabolique et Porte blindée,4558824.761494253,"['107 m²', '4 Pièces', '2 Chambres', '2 Salles de bains', 'Bon état', '10-20 ans', '2ème étage']",7,107.0,4.0,2.0,2.0,Bon état,2.0,15
Appartements Casablanca,Maârif à Casablanca,33.58602331802259,-7.636442184448242,Superbe appartement à vendre à Maârif. 3 chambres. Cheminée et service de conciergerie,4558824.761494253,"['99 m²', '5 Pièces', '3 Chambres', '2 Salles de bains', 'Bon état', '5-10 ans', '4ème étage']",7,99.0,5.0,3.0,2.0,Bon état,4.0,7
Appartements Casablanca,Les princesses à Casablanca,33.56170473792227,-7.630379283521052,Appartement en vente à Les princesses. 3 chambres agréables. Garage et terrasse,4558824.761494253,"['164 m²', '5 Pièces', '3 Chambres', '2 Salles de bains', 'Bon état', '5-10 ans', '2ème étage']",7,164.0,5.0,3.0,2.0,Bon état,2.0,7
Appartements Casablanca,Les princesses à Casablanca,33.57154299116339,-7.636313438415527,Superbe appartement à vendre à Les princesses. Surface de 153 m². Service de concierge et climatisation,4558824.761494253,"['153 m²', '5 Pièces', '3 Chambres', '2 Salles de bains', 'Bon état', '5-10 ans', '2ème étage']",7,153.0,5.0,3.0,2.0,Bon état,2.0,7
Appartements Casablanca,Les princesses à Casablanca,33.57154299116339,-7.636313438415527,Bel appartement à vendre à Les princesses. 5 pièces confortables. Cheminée et climatisation,4558824.761494253,"['140 m²', '5 Pièces', '3 Chambres', '2 Salles de bains', 'Bon état', '5-10 ans', '5ème étage']",7,140.0,5.0,3.0,2.0,Bon état,5.0,7
Appartements Casablanca,Belvédère à Casablanca,33.5895625839363,-7.59678840637207,Vente d'un bel appartement à Casablanca. 2 belles chambres. Garage et terrasse a la girande,920000.0,"['78 m²', '3 Pièces', '2 Chambres', '1 Salle de bain', 'Bon état', '5-10 ans', '2ème étage']",7,78.0,3.0,2.0,1.0,Bon état,2.0,7
Appartements Casablanca,Burger à Casablanca,33.56170473792227,-7.630379283521052,Vente d'un bel appartement à Burger. Superficie 78 m². Salon Marocain et antenne parabolique,14000.0,"['78 m²', '3 Pièces', '2 Chambres', '2 Salles de bains', 'Nouveau', ""Moins d'un an"", '2ème étage']",7,78.0,3.0,2.0,2.0,Nouveau,2.0,0
Appartements Casablanca,Val Fleury à Casablanca,33.56170473792227,-7.630379283521052,Vente d'un bel appartement à Casablanca. Surface totale 240 m². Salon traditionnel et porte blindée,2900000.0,"['240 m²', '5 Pièces', '3 Chambres', '2 Salles de bains', 'Bon état', '5-10 ans', '4ème étage']",7,240.0,5.0,3.0,2.0,Bon état,4.0,7
Appartements Casablanca,Lissasfa à Casablanca,33.52837363589382,-7.679100036621094,Appartement en Vente à résidence Riad RAHA,339000.0,"['50 m²', '3 Pièces', '2 Chambres', '1 Salle de bain', 'Bon état', '5-10 ans', '3ème étage']",7,50.0,3.0,2.0,1.0,Bon état,3.0,7
Villas & maisons de luxe Casablanca,Anfa à Casablanca,33.56170473792227,-7.630379283521052,Maison de haut standing à vendre à Casablanca. Surface de 1058 m². Jardin et garage,20000000.0,"['1058 m²', '5 Pièces', '5 Chambres', '4 Salles de bains', 'Bon état']",5,1058.0,5.0,5.0,4.0,Bon état,3.0,15
Appartements Casablanca,Racine Extension à Casablanca,33.56170473792227,-7.630379283521052,Vends immeubleSuperficie 232 m²,16000000.0,['232 m²'],4,232.0,4.682934712346477,2.9211172498465316,2.306532663316583,Bon état,3.0,15
Appartements Casablanca,Anassi à Casablanca,33.56170473792227,-7.630379283521052,"Appartement de 95m², RÉSIDENCE AL BADR - ANASSI",790000.0,"['95 m²', '4 Pièces', '3 Chambres', '3 Salles de bains', 'Nouveau']",5,95.0,4.0,3.0,3.0,Nouveau,3.0,15
Appartements Casablanca,Anassi à Casablanca,33.59277446389372,-7.500365242426085,"Appartement de 79m², RÉSIDENCE AL BADR - ANASSI",660000.0,"['79 m²', '4 Pièces', '3 Chambres', '3 Salles de bains', 'Nouveau']",5,79.0,4.0,3.0,3.0,Nouveau,3.0,15
Appartements Casablanca,Anassi à Casablanca,33.56170473792227,-7.630379283521052,"Appartement de 70m², RÉSIDENCE AL BADR - ANASSI",600000.0,"['70 m²', '3 Pièces', '2 Chambres', '2 Salles de bains', 'Nouveau']",5,70.0,3.0,2.0,2.0,Nouveau,3.0,15
Appartements Casablanca,Hay Moulay Rachid 1 à Casablanca,33.56170473792227,-7.630379283521052,"Appartement de 73m², 2 Pièces, Moulay Rachid",550000.0,"['73 m²', '3 Pièces', '2 Chambres', '1 Salle de bain', 'Nouveau']",5,73.0,3.0,2.0,1.0,Nouveau,3.0,15
Appartements Casablanca,Hay Moulay Rachid 1 à Casablanca,33.56170473792227,-7.630379283521052,Appartement de 73m² en vente Résidence la Forêt,550000.0,"['73 m²', '3 Pièces', '2 Chambres', '1 Salle de bain', 'Nouveau']",5,73.0,3.0,2.0,1.0,Nouveau,3.0,15
Appartements Casablanca,Hay Moulay Rachid 1 à Casablanca,33.56170473792227,-7.630379283521052,"Appartement de 73m², 2 Pièces, Moulay Rachid",550000.0,"['73 m²', '3 Pièces', '2 Chambres', '1 Salle de bain', 'Nouveau']",5,73.0,3.0,2.0,1.0,Nouveau,3.0,15
Appartements Casablanca,Hay Moulay Rachid 1 à Casablanca,33.56170473792227,-7.630379283521052,"Appartement de 73m², 2 Pièces, Moulay Rachid",550000.0,"['73 m²', '3 Pièces', '2 Chambres', '1 Salle de bain', 'Nouveau']",5,73.0,3.0,2.0,1.0,Nouveau,3.0,15
Appartements Casablanca,Hay Moulay Rachid 1 à Casablanca,33.56170473792227,-7.630379283521052,"Appartement de 73m², 2 Pièces, Moulay Rachid",550000.0,"['73 m²', '3 Pièces', '2 Chambres', '1 Salle de bain', 'Nouveau']",5,73.0,3.0,2.0,1.0,Nouveau,3.0,15
Appartements Casablanca,Triangle d'Or à Casablanca,33.56170473792227,-7.630379283521052,Superbe appartement à vendre à Triangle d'Or. 2 pièces confortables. Double vitrage et chauffage central,2900000.0,"['125 m²', '5 Pièces', '3 Chambres', '2 Salles de bains', 'Bon état', '10-20 ans', '2ème étage']",7,125.0,5.0,3.0,2.0,Bon état,2.0,15
Villas & maisons de luxe Casablanca,Californie à Casablanca,33.56170473792227,-7.630379283521052,Villa de haut standing à vendre à Casablanca. 5 chambres. Antenne parabolique et sécurité,7300000.0,"['490 m²', '3 Pièces', '5 Chambres', '4 Salles de bains', 'Bon état', '5-10 ans']",6,490.0,3.0,5.0,4.0,Bon état,3.0,7
Appartements Casablanca,Maârif Extension à Casablanca,33.579719449551845,-7.640093742631279,Vend appartement à Casablanca. 5 pièces confortables. Garage et terrasse,1700000.0,"['222 m²', '4 Pièces', '3 Chambres', '2 Salles de bains', 'À rénover', '10-20 ans']",6,222.0,4.0,3.0,2.0,À rénover,3.0,15
Appartements Casablanca,Anfa à Casablanca,33.56774,-7.65006,"Très bel appartement Anfa Park, CFC",1480000.0,"['82 m²', '3 Pièces', '2 Chambres', '2 Salles de bains', '3ème étage']",5,82.0,3.0,2.0,2.0,Bon état,3.0,15
Appartements Casablanca,Centre Ville à Casablanca,33.58479,-7.61777,Charmant appartement Centre ville Casablanca,2900000.0,"['210 m²', '4 Pièces', '2 Chambres', '2 Salles de bains', '4ème étage']",5,210.0,4.0,2.0,2.0,Bon état,4.0,15
Appartements Casablanca,Anfa à Casablanca,33.58864,-7.63361,Vente Appartement Casablanca Anfa,2950000.0,"['150 m²', '4 Pièces', '3 Chambres', '3 Salles de bains', '4ème étage']",5,150.0,4.0,3.0,3.0,Bon état,4.0,15
Appartements Casablanca,Racine à Casablanca,33.59518,-7.64535,Charmant appartement 225 m2 Triangle d’or Racine,4558824.761494253,"['225 m²', '4 Pièces', '3 Chambres', '2 Salles de bains', '4ème étage']",5,225.0,4.0,3.0,2.0,Bon état,4.0,15
Appartements Casablanca,Racine à Casablanca,33.59518,-7.64535,Duplex Exceptionnel 280 m2 Racine Triangle d’or,4558824.761494253,"['220 m²', '5 Pièces', '4 Chambres', '3 Salles de bains', '5ème étage']",5,220.0,5.0,4.0,3.0,Bon état,5.0,15
Appartements Casablanca,Maârif Extension à Casablanca,33.56170473792227,-7.630379283521052,Appartement 130 m² 3 facades en vente a socrate,1350000.0,"['130 m²', '4 Pièces', '3 Chambres', '1 Salle de bain', 'Bon état', '5-10 ans', '1er étage']",7,130.0,4.0,3.0,1.0,Bon état,1.0,7
Appartements Casablanca,Oulfa à Casablanca,33.54355868906928,-7.694388628005669,"Appartement remis à neuf à AlAzhar, oulfa à vendre",340000.0,"['47 m²', '3 Pièces', '2 Chambres', '1 Salle de bain', 'Nouveau', '1-5 ans', '3ème étage']",7,47.0,3.0,2.0,1.0,Nouveau,3.0,3
Appartements Casablanca,Bernoussi à Casablanca,33.610187537328144,-7.506923675537109,"Appartement à Bernoussi, tarik el khair 60m2 rdc",500000.0,"['60 m²', '3 Pièces', '2 Chambres', '1 Salle de bain', 'Bon état', '10-20 ans']",6,60.0,3.0,2.0,1.0,Bon état,3.0,15
Appartements Casablanca,Belvédère à Casablanca,33.5895625839363,-7.59678840637207,Appartement à vendre,1800000.0,"['149 m²', '3 Pièces', '3 Chambres', '2 Salles de bains', 'Bon état', '10-20 ans', '7ème étage']",7,149.0,3.0,3.0,2.0,Bon état,7.0,15
Appartements Casablanca,Salmia 2 à Casablanca,33.53614946374005,-7.55205156067953,Superbe appartement à vendre à Salmia 2.1 Pièce. Système de parabole et salon marocain,510000.0,"['78 m²', '3 Pièces', '2 Chambres', '1 Salle de bain', 'Bon état', '3ème étage']",6,78.0,3.0,2.0,1.0,Bon état,3.0,15
Appartements Casablanca,Casablanca Finance City à Casablanca,33.564572500766104,-7.656771796594114,Vente d'un bel appartement à Casablanca Finance City. 2 chambres. Concierge et piscine,2000.0,"['104 m²', '3 Pièces', '2 Chambres', '2 Salles de bains', 'Bon état', ""Moins d'un an""]",6,104.0,3.0,2.0,2.0,Bon état,3.0,0
Appartements Casablanca,Ain Borja à Casablanca,33.58652382908706,-7.586703300476074,Appartement en vente à Ain Borja. Surface totale 105 m². Conciergerie à disposition.,4558824.761494253,"['105 m²', '3 Pièces', '1 Chambre', '2 Salles de bains', 'Bon état', '10-20 ans', '6ème étage']",7,105.0,3.0,1.0,2.0,Bon état,6.0,15
Appartements Casablanca,Ain Borja à Casablanca,33.58652382908706,-7.586703300476074,Vente d'un bel appartement à Ain Borja. 3 grandes pièces. Salon traditionnel.,4558824.761494253,"['105 m²', '3 Pièces', '1 Chambre', '2 Salles de bains', 'Bon état', '10-20 ans', '6ème étage']",7,105.0,3.0,1.0,2.0,Bon état,6.0,15
Appartements Casablanca,Ain Diab à Casablanca,33.58630932470067,-7.671375274658203,Appartement De Luxe Avec terrasse Sur Ain diab,4200000.0,"['230 m²', '6 Pièces', '4 Chambres', '3 Salles de bains', 'Nouveau', '1-5 ans', '1er étage']",7,230.0,6.0,4.0,3.0,Nouveau,1.0,3
Appartements Casablanca,Maârif à Casablanca,33.58602331802259,-7.636442184448242,Luxueux Appartement au coeur de Maarif,1780000.0,"['114 m²', '4 Pièces', '3 Chambres', '2 Salles de bains', 'Bon état', '1-5 ans', '5ème étage']",7,114.0,4.0,3.0,2.0,Bon état,5.0,3
Appartements Casablanca,Maârif à Casablanca,33.56170473792227,-7.630379283521052,❗️Magnifique duplex de 77 m2 Dernier Etage Terrasse❗️,1400000.0,"['77 m²', '2 Pièces', '1 Chambre', '2 Salles de bains', 'Nouveau', ""Moins d'un an"", '4ème étage']",7,77.0,2.0,1.0,2.0,Nouveau,4.0,0
Appartements Casablanca,Les princesses à Casablanca,33.57154299116339,-7.636313438415527,Sublime Studio Ultra Moderne,1050000.0,"['55 m²', '2 Pièces', '1 Chambre', '1 Salle de bain', 'Nouveau', ""Moins d'un an"", '3ème étage']",7,55.0,2.0,1.0,1.0,Nouveau,3.0,0
Appartements Casablanca,Ferme Bretonne (Hay Arraha) à Casablanca,33.56170473792227,-7.630379283521052,Opportunité Appartement Moderne Double Facade,1490000.0,"['91 m²', '3 Pièces', '2 Chambres', '2 Salles de bains', 'Nouveau', ""Moins d'un an""]",6,91.0,3.0,2.0,2.0,Nouveau,3.0,0
Appartements Casablanca,Anassi à Casablanca,33.590911694868744,-7.497136625516845,"Vend appartement à Anassi. 2 belles chambres. Salon traditionnel, antenne parabolique générale.",440000.0,"['65 m²', '3 Pièces', '2 Chambres', '1 Salle de bain', 'Bon état', '20-30 ans', '1er étage']",7,65.0,3.0,2.0,1.0,Bon état,1.0,25
Appartements Casablanca,Val Fleury à Casablanca,33.574966167398564,-7.636708238742102,Appartement haut standing ensoleillé 162m2 à Val fleuri,2500000.0,"['162 m²', '4 Pièces', '3 Chambres', '2 Salles de bains', 'Bon état', '5-10 ans', '4ème étage']",7,162.0,4.0,3.0,2.0,Bon état,4.0,7
Villas & maisons de luxe Casablanca,CIL (Hay Salam) à Casablanca,33.57243690885356,-7.657556533813477,Villa à vendre au CIL,9500000.0,"['480 m²', '8 Pièces', '4 Chambres', '3 Salles de bains', 'Bon état', '10-20 ans']",6,480.0,8.0,4.0,3.0,Bon état,3.0,15
Appartements Casablanca,Itissal à Casablanca,33.56170473792227,-7.630379283521052,Appartement 120m2 1er etg sur Av Reda Guedira,1050000.0,"['120 m²', '5 Pièces', '4 Chambres', '2 Salles de bains', 'Bon état', '5-10 ans']",6,120.0,5.0,4.0,2.0,Bon état,3.0,7
Appartements Casablanca,Hay Moulay Rachid 1 à Casablanca,33.56170473792227,-7.630379283521052,"Appartement de 73m², 2 Pièces, Moulay Rachid",550000.0,"['73 m²', '3 Pièces', '2 Chambres', '1 Salle de bain', 'Nouveau']",5,73.0,3.0,2.0,1.0,Nouveau,3.0,15
Appartements Casablanca,Californie à Casablanca,33.56170473792227,-7.630379283521052,Appartement de 81m² 2 chambres salon à Jnane Californie,1050000.0,"['81 m²', '3 Pièces', '2 Chambres', '2 Salles de bains']",4,81.0,3.0,2.0,2.306532663316583,Bon état,3.0,15
Villas & maisons de luxe Casablanca,Californie à Casablanca,33.56170473792227,-7.630379283521052,Villa de 1015 m2 à Californie BONNE AFFAIRE,7500000.0,"['1015 m²', '10 Pièces', '3 Chambres', '4 Salles de bains', 'À rénover', '10-20 ans']",6,1015.0,10.0,3.0,4.0,À rénover,3.0,15
Appartements Casablanca,Les princesses à Casablanca,33.56170473792227,-7.630379283521052,♥️Luxueux studio dernier etage avec terrasse♥️,1140000.0,"['63 m²', '2 Pièces', '1 Chambre', '1 Salle de bain', 'Nouveau', ""Moins d'un an"", '5ème étage']",7,63.0,2.0,1.0,1.0,Nouveau,5.0,0
Appartements Casablanca,Bourgogne Ouest à Casablanca,33.598304662993705,-7.644252777099609,Coquet appartement à vendre Bourgoune,1350000.0,"['92 m²', '3 Pièces', '2 Chambres', '1 Salle de bain', 'Bon état', '2ème étage']",6,92.0,3.0,2.0,1.0,Bon état,2.0,15
Villas & maisons de luxe Casablanca,Anfa à Casablanca,33.596175974504256,-7.657470703125,Magnifique villa à vendre à Casablanca. 7 pièces confortables. Belle terrasse,14000000.0,"['1068 m²', '7 Pièces', '6 Chambres', '3 Salles de bains', 'Bon état', '20-30 ans']",6,1068.0,7.0,6.0,3.0,Bon état,3.0,25
Villas & maisons de luxe Casablanca,Laymoune à Casablanca,33.5437196470759,-7.66528129577637,villa a vendre laymoun sup 700 m 5 ch,8800000.0,"['700 m²', '5 Pièces', '4 Chambres', '2 Salles de bains', 'Bon état', ""Moins d'un an""]",6,700.0,5.0,4.0,2.0,Bon état,3.0,0
Villas & maisons de luxe Casablanca,Nassim 1 à Casablanca,33.608936597504766,-7.623438835144043,villa nassim sup 345 bout de bande 3 facade,4650000.0,"['345 m²', '1 Pièce', '4 Chambres', '2 Salles de bains', 'Bon état', '10-20 ans']",7,345.0,4.682934712346477,4.0,2.0,Bon état,3.0,15
Appartements Casablanca,Hay Zobir à Casablanca,33.56170473792227,-7.630379283521052,Appartement 3chambres 3salons 1terrasse Casa Oulfa,1250000.0,"['125 m²', '6 Pièces', '3 Chambres', '2 Salles de bains', 'Bon état', '5-10 ans', '3ème étage']",7,125.0,6.0,3.0,2.0,Bon état,3.0,7
Appartements Casablanca,Triangle d'Or à Casablanca,33.582734173084866,-7.675838470458984,Appartement à vendre à Triangle d'Or. Surface de 200 m²,3200000.0,"['200 m²', '4 Pièces', '3 Chambres', '3 Salles de bains', 'À rénover', '10-20 ans', '3ème étage']",7,200.0,4.0,3.0,3.0,À rénover,3.0,15
Appartements Casablanca,Anfa à Casablanca,33.596175974504256,-7.657470703125,Appartement en vente à Anfa. Superficie 146 m². Ascenseur et places de parking,2650000.0,"['146 m²', '4 Pièces', '3 Chambres', '2 Salles de bains', 'Nouveau', '1-5 ans', '3ème étage']",7,146.0,4.0,3.0,2.0,Nouveau,3.0,3
Appartements Casablanca,Hay Alamal à Casablanca,33.57131057104777,-7.5961232185363485,Appartement en vente Casablanca Bd. Mohammed VI,670000.0,"['60 m²', '3 Pièces', '2 Chambres', '1 Salle de bain', 'Nouveau', '5-10 ans', '3ème étage']",7,60.0,3.0,2.0,1.0,Nouveau,3.0,7
Appartements Casablanca,Belvédère à Casablanca,33.5895625839363,-7.59678840637207,Appartement neuf,1020000.0,"['91 m²', '3 Pièces', '2 Chambres', '2 Salles de bains', 'Nouveau', ""Moins d'un an""]",6,91.0,3.0,2.0,2.0,Nouveau,3.0,0
Appartements Casablanca,Casablanca Finance City à Casablanca,33.5672510206667,-7.658493399999998,"Appartement à vendre à Casablanca Finance City. 3 pièces confortables. Porte blindée, antenne parabolique",2090000.0,"['99 m²', '3 Pièces', '2 Chambres', '2 Salles de bains', 'Bon état', '1-5 ans', '3ème étage']",7,99.0,3.0,2.0,2.0,Bon état,3.0,3
Villas & maisons de luxe Casablanca,Sidi Maarouf à Casablanca,33.56170473792227,-7.630379283521052,Superbe opportunitee,5300000.0,"['375 m²', '5 Pièces', '3 Chambres', '2 Salles de bains']",4,375.0,5.0,3.0,2.306532663316583,Bon état,3.0,15
Appartements Casablanca,Palmier à Casablanca,33.56170473792227,-7.630379283521052,Bel Appart RENOVE sans vis à vis-116m2-Palmier,1650000.0,"['116 m²', '5 Pièces', '3 Chambres', '2 Salles de bains', 'Nouveau', '10-20 ans', '5ème étage']",7,116.0,5.0,3.0,2.0,Nouveau,5.0,15
Appartements Casablanca,Moulay Youssef à Casablanca,33.605789147893184,-7.633268031063011,Av appt terrasse vue mer moulay youssef casablanca,2200000.0,"['104 m²', '5 Pièces', '2 Chambres', '2 Salles de bains', 'Bon état', '5-10 ans', '5ème étage']",7,104.0,5.0,2.0,2.0,Bon état,5.0,7
Appartements Casablanca,Derb Chorfa à Casablanca,33.567949348652284,-7.599309682846098,Appartement au Centre de Casablanca,270000.0,"['32 m²', '2 Pièces', '1 Chambre', '1 Salle de bain', 'Nouveau', ""Moins d'un an"", '2ème étage']",7,32.0,2.0,1.0,1.0,Nouveau,2.0,0
Appartements Casablanca,Californie à Casablanca,33.538935329089206,-7.613502464864297,"Appartement de 123m² en vente, Le Prestige Californie",1694450.0,"['123 m²', '4 Pièces', '3 Chambres', '3 Salles de bains', 'Nouveau', '1er étage']",6,123.0,4.0,3.0,3.0,Nouveau,1.0,15
Appartements Casablanca,Californie à Casablanca,33.56170473792227,-7.630379283521052,"Appartement de 179m² en vente, Le Prestige Californie",2506000.0,"['179 m²', '4 Pièces', '3 Chambres', '3 Salles de bains', 'Nouveau', '2ème étage']",6,179.0,4.0,3.0,3.0,Nouveau,2.0,15
Appartements Casablanca,Californie à Casablanca,33.538935329089206,-7.613502464864297,"Appartement de 139m² en vente, Le Prestige Californie",1930430.0,"['139 m²', '3 Pièces', '2 Chambres', '3 Salles de bains', 'Nouveau', '2ème étage']",6,139.0,3.0,2.0,3.0,Nouveau,2.0,15
Appartements Casablanca,Californie à Casablanca,33.56170473792227,-7.630379283521052,"Appartement de 180m² en vente, Le Prestige Californie",2479680.0,"['180 m²', '4 Pièces', '3 Chambres', '3 Salles de bains', 'Nouveau', '1er étage']",6,180.0,4.0,3.0,3.0,Nouveau,1.0,15
Appartements Casablanca,Californie à Casablanca,33.56170473792227,-7.630379283521052,"Appartement de 179m² en vente, Le Prestige Californie",2465900.0,"['179 m²', '4 Pièces', '3 Chambres', '3 Salles de bains', 'Nouveau', '4ème étage']",6,179.0,4.0,3.0,3.0,Nouveau,4.0,15
Appartements Casablanca,Triangle d'Or à Casablanca,33.59288721662622,-7.640025615692167,EXCEPTIONNEL. Sublime Appartement PREMIUM,4850000.0,"['225 m²', '4 Pièces', '4 Chambres', '2 Salles de bains', 'Bon état']",5,225.0,4.0,4.0,2.0,Bon état,3.0,15
Appartements Casablanca,Derb Ghalef à Casablanca,33.56170473792227,-7.630379283521052,Studio haut standing a vendre,850000.0,"['56 m²', '2 Pièces', '1 Chambre', '1 Salle de bain', 'Bon état', '1-5 ans', '4ème étage']",7,56.0,2.0,1.0,1.0,Bon état,4.0,3
Villas & maisons de luxe Casablanca,Ain Diab Extension à Casablanca,33.57815776287343,-7.692489624023437,Villa très récente haut standing 1180 m2 à Ain diab,16500000.0,"['1180 m²', '10 Pièces', '4 Chambres', '3 Salles de bains', 'Bon état', '1-5 ans']",6,1180.0,10.0,4.0,3.0,Bon état,3.0,3
Villas & maisons de luxe Casablanca,Californie à Casablanca,33.52823,-7.62108,Villa Commerciale 2390 m2 Californie,4558824.761494253,"['2390 m²', '11 Pièces', '9 Chambres']",4,2390.0,11.0,2.9211172498465316,2.306532663316583,Bon état,3.0,15
Appartements Casablanca,Derb Loubila à Casablanca,33.59424563181959,-7.610692977905273,A vendre appt 74m2 2ch Bourgogne vue sur mer,990000.0,"['74 m²', '3 Pièces', '2 Chambres', '1 Salle de bain', 'Bon état', '5-10 ans', '6ème étage']",7,74.0,3.0,2.0,1.0,Bon état,6.0,7
Villas & maisons de luxe Casablanca,Californie à Casablanca,33.526283635321455,-7.630595857170675,Villa de maitre 1000m² a vendre californie,16000000.0,"['1000 m²', '8 Pièces', '5 Chambres', '5 Salles de bains', 'Bon état', '10-20 ans']",6,1000.0,8.0,5.0,5.0,Bon état,3.0,15
Appartements Casablanca,Anassi à Casablanca,33.56170473792227,-7.630379283521052,Vente d'un bel appartement à alliance Anassi cas,340000.0,"['56 m²', '5 Pièces', '2 Chambres', '1 Salle de bain', 'Bon état', '5-10 ans', '3ème étage']",7,56.0,5.0,2.0,1.0,Bon état,3.0,7
Appartements Casablanca,Les princesses à Casablanca,33.56170473792227,-7.630379283521052,Appartement Total 130 m2 a socrate maarif,1370000.0,"['130 m²', '4 Pièces', '3 Chambres', '2 Salles de bains', 'Bon état', '10-20 ans', '1er étage']",7,130.0,4.0,3.0,2.0,Bon état,1.0,15
Appartements Casablanca,Sidi Moumen à Casablanca,33.58770359367981,-7.524046897888184,Appartement à vendre à Sidi Moumen. 2 chambres agréables. Concierge.,610000.0,"['60 m²', '3 Pièces', '2 Chambres', '1 Salle de bain', 'Bon état', '1-5 ans', '3ème étage']",7,60.0,3.0,2.0,1.0,Bon état,3.0,3
Appartements Casablanca,Hay Almassira 2 à Casablanca,33.56170473792227,-7.630379283521052,Joli appartement a vendre,500000.0,"['66 m²', '3 Pièces', '2 Chambres', '1 Salle de bain', 'Bon état', '5-10 ans', '3ème étage']",7,66.0,3.0,2.0,1.0,Bon état,3.0,7
Appartements Casablanca,Hay Moulay Rachid 1 à Casablanca,33.56170473792227,-7.630379283521052,"Appartement de 73m², 2 Pièces, Moulay Rachid",550000.0,"['73 m²', '3 Pièces', '2 Chambres', '1 Salle de bain', 'Nouveau']",5,73.0,3.0,2.0,1.0,Nouveau,3.0,15
Appartements Casablanca,Californie à Casablanca,33.56170473792227,-7.630379283521052,Appartement de 81m² 2 chambres salon à Jnane Californie,1050000.0,"['81 m²', '3 Pièces', '2 Chambres', '2 Salles de bains']",4,81.0,3.0,2.0,2.306532663316583,Bon état,3.0,15
Villas & maisons de luxe Casablanca,Californie à Casablanca,33.56170473792227,-7.630379283521052,Villa de 1015 m2 à Californie BONNE AFFAIRE,7500000.0,"['1015 m²', '10 Pièces', '3 Chambres', '4 Salles de bains', 'À rénover', '10-20 ans']",6,1015.0,10.0,3.0,4.0,À rénover,3.0,15
Appartements Casablanca,Les princesses à Casablanca,33.57154299116339,-7.636313438415527,♥️Luxueux studio dernier etage avec terrasse♥️,1140000.0,"['63 m²', '2 Pièces', '1 Chambre', '1 Salle de bain', 'Nouveau', ""Moins d'un an"", '5ème étage']",7,63.0,2.0,1.0,1.0,Nouveau,5.0,0
Appartements Casablanca,Bourgogne Ouest à Casablanca,33.598304662993705,-7.644252777099609,Coquet appartement à vendre Bourgoune,1350000.0,"['92 m²', '3 Pièces', '2 Chambres', '1 Salle de bain', 'Bon état', '2ème étage']",6,92.0,3.0,2.0,1.0,Bon état,2.0,15
Villas & maisons de luxe Casablanca,Anfa à Casablanca,33.56170473792227,-7.630379283521052,Magnifique villa à vendre à Casablanca. 7 pièces confortables. Belle terrasse,14000000.0,"['1068 m²', '7 Pièces', '6 Chambres', '3 Salles de bains', 'Bon état', '20-30 ans']",6,1068.0,7.0,6.0,3.0,Bon état,3.0,25
Villas & maisons de luxe Casablanca,Laymoune à Casablanca,33.5437196470759,-7.66528129577637,villa a vendre laymoun sup 700 m 5 ch,8800000.0,"['700 m²', '5 Pièces', '4 Chambres', '2 Salles de bains', 'Bon état', ""Moins d'un an""]",6,700.0,5.0,4.0,2.0,Bon état,3.0,0
Villas & maisons de luxe Casablanca,Nassim 1 à Casablanca,33.56170473792227,-7.630379283521052,villa nassim sup 345 bout de bande 3 facade,4650000.0,"['345 m²', '1 Pièce', '4 Chambres', '2 Salles de bains', 'Bon état', '10-20 ans']",7,345.0,4.682934712346477,4.0,2.0,Bon état,3.0,15
Appartements Casablanca,Hay Zobir à Casablanca,33.56170473792227,-7.630379283521052,Appartement 3chambres 3salons 1terrasse Casa Oulfa,1250000.0,"['125 m²', '6 Pièces', '3 Chambres', '2 Salles de bains', 'Bon état', '5-10 ans', '3ème étage']",7,125.0,6.0,3.0,2.0,Bon état,3.0,7
Appartements Casablanca,Triangle d'Or à Casablanca,33.582734173084866,-7.675838470458984,Appartement à vendre à Triangle d'Or. Surface de 200 m²,3200000.0,"['200 m²', '4 Pièces', '3 Chambres', '3 Salles de bains', 'À rénover', '10-20 ans', '3ème étage']",7,200.0,4.0,3.0,3.0,À rénover,3.0,15
Appartements Casablanca,Anfa à Casablanca,33.56170473792227,-7.630379283521052,Appartement en vente à Anfa. Superficie 146 m². Ascenseur et places de parking,2650000.0,"['146 m²', '4 Pièces', '3 Chambres', '2 Salles de bains', 'Nouveau', '1-5 ans', '3ème étage']",7,146.0,4.0,3.0,2.0,Nouveau,3.0,3
Appartements Casablanca,Hay Alamal à Casablanca,33.57131057104777,-7.5961232185363485,Appartement en vente Casablanca Bd. Mohammed VI,670000.0,"['60 m²', '3 Pièces', '2 Chambres', '1 Salle de bain', 'Nouveau', '5-10 ans', '3ème étage']",7,60.0,3.0,2.0,1.0,Nouveau,3.0,7
Appartements Casablanca,Belvédère à Casablanca,33.56170473792227,-7.630379283521052,Appartement neuf,1020000.0,"['91 m²', '3 Pièces', '2 Chambres', '2 Salles de bains', 'Nouveau', ""Moins d'un an""]",6,91.0,3.0,2.0,2.0,Nouveau,3.0,0
Appartements Casablanca,Casablanca Finance City à Casablanca,33.5672510206667,-7.658493399999998,"Appartement à vendre à Casablanca Finance City. 3 pièces confortables. Porte blindée, antenne parabolique",2090000.0,"['99 m²', '3 Pièces', '2 Chambres', '2 Salles de bains', 'Bon état', '1-5 ans', '3ème étage']",7,99.0,3.0,2.0,2.0,Bon état,3.0,3
Villas & maisons de luxe Casablanca,Sidi Maarouf à Casablanca,33.51821300640254,-7.644338607788086,Superbe opportunitee,5300000.0,"['375 m²', '5 Pièces', '3 Chambres', '2 Salles de bains']",4,375.0,5.0,3.0,2.306532663316583,Bon état,3.0,15
Appartements Casablanca,Palmier à Casablanca,33.56170473792227,-7.630379283521052,Bel Appart RENOVE sans vis à vis-116m2-Palmier,1650000.0,"['116 m²', '5 Pièces', '3 Chambres', '2 Salles de bains', 'Nouveau', '10-20 ans', '5ème étage']",7,116.0,5.0,3.0,2.0,Nouveau,5.0,15
Appartements Casablanca,Moulay Youssef à Casablanca,33.605789147893184,-7.633268031063011,Av appt terrasse vue mer moulay youssef casablanca,2200000.0,"['104 m²', '5 Pièces', '2 Chambres', '2 Salles de bains', 'Bon état', '5-10 ans', '5ème étage']",7,104.0,5.0,2.0,2.0,Bon état,5.0,7
Appartements Casablanca,Derb Chorfa à Casablanca,33.567949348652284,-7.599309682846098,Appartement au Centre de Casablanca,270000.0,"['32 m²', '2 Pièces', '1 Chambre', '1 Salle de bain', 'Nouveau', ""Moins d'un an"", '2ème étage']",7,32.0,2.0,1.0,1.0,Nouveau,2.0,0
Appartements Casablanca,Californie à Casablanca,33.538935329089206,-7.613502464864297,"Appartement de 123m² en vente, Le Prestige Californie",1694450.0,"['123 m²', '4 Pièces', '3 Chambres', '3 Salles de bains', 'Nouveau', '1er étage']",6,123.0,4.0,3.0,3.0,Nouveau,1.0,15
Appartements Casablanca,Californie à Casablanca,33.56170473792227,-7.630379283521052,"Appartement de 179m² en vente, Le Prestige Californie",2506000.0,"['179 m²', '4 Pièces', '3 Chambres', '3 Salles de bains', 'Nouveau', '2ème étage']",6,179.0,4.0,3.0,3.0,Nouveau,2.0,15
Appartements Casablanca,Californie à Casablanca,33.538935329089206,-7.613502464864297,"Appartement de 139m² en vente, Le Prestige Californie",1930430.0,"['139 m²', '3 Pièces', '2 Chambres', '3 Salles de bains', 'Nouveau', '2ème étage']",6,139.0,3.0,2.0,3.0,Nouveau,2.0,15
Appartements Casablanca,Californie à Casablanca,33.56170473792227,-7.630379283521052,"Appartement de 180m² en vente, Le Prestige Californie",2479680.0,"['180 m²', '4 Pièces', '3 Chambres', '3 Salles de bains', 'Nouveau', '1er étage']",6,180.0,4.0,3.0,3.0,Nouveau,1.0,15
Appartements Casablanca,Californie à Casablanca,33.56170473792227,-7.630379283521052,"Appartement de 179m² en vente, Le Prestige Californie",2465900.0,"['179 m²', '4 Pièces', '3 Chambres', '3 Salles de bains', 'Nouveau', '4ème étage']",6,179.0,4.0,3.0,3.0,Nouveau,4.0,15
Appartements Casablanca,Triangle d'Or à Casablanca,33.59288721662622,-7.640025615692167,EXCEPTIONNEL. Sublime Appartement PREMIUM,4850000.0,"['225 m²', '4 Pièces', '4 Chambres', '2 Salles de bains', 'Bon état']",5,225.0,4.0,4.0,2.0,Bon état,3.0,15
Appartements Casablanca,Derb Ghalef à Casablanca,33.56170473792227,-7.630379283521052,Studio haut standing a vendre,850000.0,"['56 m²', '2 Pièces', '1 Chambre', '1 Salle de bain', 'Bon état', '1-5 ans', '4ème étage']",7,56.0,2.0,1.0,1.0,Bon état,4.0,3
Villas & maisons de luxe Casablanca,Ain Diab Extension à Casablanca,33.56170473792227,-7.630379283521052,Villa très récente haut standing 1180 m2 à Ain diab,16500000.0,"['1180 m²', '10 Pièces', '4 Chambres', '3 Salles de bains', 'Bon état', '1-5 ans']",6,1180.0,10.0,4.0,3.0,Bon état,3.0,3
Villas & maisons de luxe Casablanca,Californie à Casablanca,33.52823,-7.62108,Villa Commerciale 2390 m2 Californie,4558824.761494253,"['2390 m²', '11 Pièces', '9 Chambres']",4,2390.0,11.0,2.9211172498465316,2.306532663316583,Bon état,3.0,15
Appartements Casablanca,Derb Loubila à Casablanca,33.59424563181959,-7.610692977905273,A vendre appt 74m2 2ch Bourgogne vue sur mer,990000.0,"['74 m²', '3 Pièces', '2 Chambres', '1 Salle de bain', 'Bon état', '5-10 ans', '6ème étage']",7,74.0,3.0,2.0,1.0,Bon état,6.0,7
Villas & maisons de luxe Casablanca,Californie à Casablanca,33.526283635321455,-7.630595857170675,Villa de maitre 1000m² a vendre californie,16000000.0,"['1000 m²', '8 Pièces', '5 Chambres', '5 Salles de bains', 'Bon état', '10-20 ans']",6,1000.0,8.0,5.0,5.0,Bon état,3.0,15
Appartements Casablanca,Anassi à Casablanca,33.56170473792227,-7.630379283521052,Vente d'un bel appartement à alliance Anassi cas,340000.0,"['56 m²', '5 Pièces', '2 Chambres', '1 Salle de bain', 'Bon état', '5-10 ans', '3ème étage']",7,56.0,5.0,2.0,1.0,Bon état,3.0,7
Appartements Casablanca,Les princesses à Casablanca,33.56170473792227,-7.630379283521052,Appartement Total 130 m2 a socrate maarif,1370000.0,"['130 m²', '4 Pièces', '3 Chambres', '2 Salles de bains', 'Bon état', '10-20 ans', '1er étage']",7,130.0,4.0,3.0,2.0,Bon état,1.0,15
Appartements Casablanca,Sidi Moumen à Casablanca,33.56170473792227,-7.630379283521052,Appartement à vendre à Sidi Moumen. 2 chambres agréables. Concierge.,610000.0,"['60 m²', '3 Pièces', '2 Chambres', '1 Salle de bain', 'Bon état', '1-5 ans', '3ème étage']",7,60.0,3.0,2.0,1.0,Bon état,3.0,3
Appartements Casablanca,Hay Almassira 2 à Casablanca,33.56170473792227,-7.630379283521052,Joli appartement a vendre,500000.0,"['66 m²', '3 Pièces', '2 Chambres', '1 Salle de bain', 'Bon état', '5-10 ans', '3ème étage']",7,66.0,3.0,2.0,1.0,Bon état,3.0,7
Appartements Casablanca,Les princesses à Casablanca,33.56170473792227,-7.630379283521052,Appartement à l'achat à Quartiers princesses. Surface totale 157 m². Cheminée et climatisation,1750000.0,"['157 m²', '4 Pièces', '3 Chambres', '2 Salles de bains', 'Bon état', '4ème étage']",6,157.0,4.0,3.0,2.0,Bon état,4.0,15
Appartements Casablanca,Californie à Casablanca,33.53595755299843,-7.625627517700195,Duplex haut standing NEUF,1386000.0,"['99 m²', '3 Pièces', '2 Chambres', '2 Salles de bains', 'Nouveau', '1er étage']",6,99.0,3.0,2.0,2.0,Nouveau,1.0,15
Appartements Casablanca,Hermitage à Casablanca,33.56819965695728,-7.623234987258797,Studio de 46m² en vente Résidence Studio 31,973500.0,"['46 m²', '2 Pièces', '1 Chambre', '2 Salles de bains', 'Nouveau', '1er étage']",6,46.0,2.0,1.0,2.0,Nouveau,1.0,15
Appartements Casablanca,Oulfa à Casablanca,33.550774678460385,-7.697961330413676,Appartement de 79m² en vente Résidence New City,829500.0,"['79 m²', '3 Pièces', '2 Chambres', '2 Salles de bains', 'Nouveau']",5,79.0,3.0,2.0,2.0,Nouveau,3.0,15
Appartements Casablanca,Racine à Casablanca,33.592458238962855,-7.648158073425293,Dernier etage duplex et terasses,3500000.0,"['196 m²', '4 Chambres', '3 Salles de bains']",4,196.0,4.682934712346477,4.0,2.306532663316583,Bon état,3.0,15
Appartements Casablanca,Casablanca Finance City à Casablanca,33.547117579470296,-7.675495147705078,"Appartement F4 de 104m² en vente Résidence Occitania, Casablanca",2180000.0,"['104 m²', '4 Pièces', '3 Chambres', '2 Salles de bains', 'Nouveau']",5,104.0,4.0,3.0,2.0,Nouveau,3.0,15
Appartements Casablanca,Maârif à Casablanca,33.56170473792227,-7.630379283521052,Des studios haut standing à vendre à Maârif,820000.0,"['40 m²', '1 Pièce', '1 Chambre', '1 Salle de bain', 'Nouveau', ""Moins d'un an"", '1er étage']",8,40.0,4.682934712346477,1.0,1.0,Nouveau,3.0,0
Appartements Casablanca,Oasis à Casablanca,33.55383257394156,-7.633749246597205,Appartement de 98m² en vente Résidence Le Mirage,1813000.0,"['98 m²', '4 Pièces', '3 Chambres', 'Nouveau', '2ème étage']",6,98.0,4.0,3.0,2.306532663316583,Nouveau,2.0,15
Appartements Casablanca,Bernoussi à Casablanca,33.56170473792227,-7.630379283521052,Appartement a vendre 54 m2 hay al azhar,380000.0,"['54 m²', '3 Pièces', '2 Chambres', '1 Salle de bain', 'Bon état', '5-10 ans', '3ème étage']",7,54.0,3.0,2.0,1.0,Bon état,3.0,7
Appartements Casablanca,Aïn Sebaâ à Casablanca,33.615616930688226,-7.526815800000008,Appartement en vente Bernoussi Qods 91 m,880000.0,"['91 m²', '3 Pièces', '3 Chambres', '1 Salle de bain', 'Bon état', '1-5 ans', '3ème étage']",7,91.0,3.0,3.0,1.0,Bon état,3.0,3
Appartements Casablanca,Racine à Casablanca,33.56170473792227,-7.630379283521052,Vente d'un bel appartement à Racine. Surface totale 96 m²,2000000.0,"['96 m²', '4 Pièces', '3 Chambres', '2 Salles de bains', 'Bon état', '10-20 ans', '1er étage']",7,96.0,4.0,3.0,2.0,Bon état,1.0,15
Appartements Casablanca,Sidi Maarouf à Casablanca,33.56170473792227,-7.630379283521052,Appartement Triplex 5 chambres sidi maarouf florida,2790000.0,"['303 m²', '8 Pièces', '5 Chambres', '5 Salles de bains', 'Bon état', '1-5 ans']",6,303.0,8.0,5.0,5.0,Bon état,3.0,3
Appartements Casablanca,Triangle d'Or à Casablanca,33.59090062977119,-7.6363029811248,Appartement 164 m2 2/3 chbr étg 4 Racine Triangle,2380000.0,"['164 m²', '4 Pièces', '2 Chambres', '3 Salles de bains', 'Bon état', '20-30 ans', '4ème étage']",7,164.0,4.0,2.0,3.0,Bon état,4.0,25
Villas & maisons de luxe Casablanca,Ain Diab à Casablanca,33.57915406727493,-7.679573960890252,Villa 618 m2 Ain Diab Anfa,9500000.0,"['618 m²', '6 Pièces', '5 Chambres', '5 Salles de bains', 'À rénover', '10-20 ans']",6,618.0,6.0,5.0,5.0,À rénover,3.0,15
Appartements Casablanca,Riviera à Casablanca,33.56356360161077,-7.6440317763323264,Appartement 3 chambres 148 m2 Etg 5 Riviera Oasis,2682500.0,"['148 m²', '4 Pièces', '3 Chambres', '4 Salles de bains', 'Nouveau', '1-5 ans', '5ème étage']",7,148.0,4.0,3.0,4.0,Nouveau,5.0,3
Appartements Casablanca,Riviera à Casablanca,33.56391015367325,-7.644025310582919,Appartement 4 chambres 156 m2 Etg 2 Riviera Oasis,2886000.0,"['156 m²', '5 Pièces', '4 Chambres', '4 Salles de bains', 'Nouveau', '1-5 ans', '2ème étage']",7,156.0,5.0,4.0,4.0,Nouveau,2.0,3
Appartements Casablanca,Riviera à Casablanca,33.56170473792227,-7.630379283521052,Appartement 4 chambres 222 m2 Etg 1 Riviera Oasis,3505750.0,"['222 m²', '5 Pièces', '4 Chambres', '4 Salles de bains', 'Nouveau', '1-5 ans', '1er étage']",7,222.0,5.0,4.0,4.0,Nouveau,1.0,3
Appartements Casablanca,Val Fleury à Casablanca,33.57519011717882,-7.636785507202148,A vendre Appt 200m2 Rez de Chaussé à Valfleury,2250000.0,"['200 m²', '4 Pièces', '3 Chambres', '2 Salles de bains', 'Bon état', '10-20 ans']",6,200.0,4.0,3.0,2.0,Bon état,3.0,15
Appartements Casablanca,Gauthier à Casablanca,33.58891909184207,-7.628674507141113,A vendre Appt 289m2 4ch à Gauthier,3800000.0,"['289 m²', '5 Pièces', '4 Chambres', '2 Salles de bains', 'Bon état', '10-20 ans', '4ème étage']",7,289.0,5.0,4.0,2.0,Bon état,4.0,15
Villas & maisons de luxe Casablanca,Nassim 2 à Casablanca,33.602109720369974,-7.626743316650391,Somptueuse maison à vendre à Nassim 2. Surface de 180 m². Salon Marocain et antenne parabolique,3500000.0,"['180 m²', '7 Pièces', '4 Chambres', '3 Salles de bains', 'Bon état', '10-20 ans']",6,180.0,7.0,4.0,3.0,Bon état,3.0,15
Maisons Casablanca,Hay Hassani à Casablanca,33.56170473792227,-7.630379283521052,Immeuble à vendre Hay Hassani,7000000.0,"['510 m²', '14 Pièces', '5 Chambres', '4 Salles de bains', 'À rénover', '20-30 ans']",6,510.0,14.0,5.0,4.0,À rénover,3.0,25
Appartements Casablanca,Maârif Extension à Casablanca,33.56170473792227,-7.630379283521052,Magnifique Appartement 3Ch Maarif Extension,1750000.0,"['156 m²', '5 Pièces', '3 Chambres', '2 Salles de bains', 'Bon état', '10-20 ans', '3ème étage']",7,156.0,5.0,3.0,2.0,Bon état,3.0,15
Villas & maisons de luxe Casablanca,Ain Diab Extension à Casablanca,33.57815776287343,-7.692489624023437,Villa 1288 m² 4 chambres proche Sindibad,14500000.0,"['1288 m²', '5 Pièces', '4 Chambres', '2 Salles de bains', 'Bon état', '1-5 ans']",6,1288.0,5.0,4.0,2.0,Bon état,3.0,3
Appartements Casablanca,Belvédère à Casablanca,33.5895625839363,-7.59678840637207,Appartement 144 m2 belevédere,1800000.0,"['144 m²', '4 Pièces', '3 Chambres', '2 Salles de bains', 'Bon état', '10-20 ans', '2ème étage']",7,144.0,4.0,3.0,2.0,Bon état,2.0,15
Appartements Casablanca,Racine à Casablanca,33.592458238962855,-7.648158073425293,A vendre grande appartement de 294 m2 gauthier,4500000.0,"['294 m²', '6 Pièces', '3 Chambres', '3 Salles de bains', 'Bon état', '10-20 ans', '5ème étage']",7,294.0,6.0,3.0,3.0,Bon état,5.0,15
Appartements Casablanca,La Gironde à Casablanca,33.58505803848486,-7.601637840270996,A vendre appartement 120 m2 Casablanca la gironde,1150000.0,"['120 m²', '3 Pièces', '2 Chambres', '2 Salles de bains', 'Bon état', '10-20 ans', '5ème étage']",7,120.0,3.0,2.0,2.0,Bon état,5.0,15
Appartements Casablanca,Maârif Extension à Casablanca,33.56170473792227,-7.630379283521052,A vendre appartement 137 m2 Casablanca,2350000.0,"['137 m²', '5 Pièces', '3 Chambres', '2 Salles de bains', 'Nouveau', ""Moins d'un an"", '1er étage']",7,137.0,5.0,3.0,2.0,Nouveau,1.0,0
Appartements Casablanca,Belvédère à Casablanca,33.5895625839363,-7.59678840637207,Grande appartement angle 210 m2 bd emile zola,2100000.0,"['210 m²', '2 Pièces', '3 Chambres', '2 Salles de bains', 'Bon état', '20-30 ans', '7ème étage']",7,210.0,2.0,3.0,2.0,Bon état,7.0,25
Appartements Casablanca,Derb Abdellah à Casablanca,33.606361817290605,-7.628959383340884,Appartement en vente 3 chambres agréables. Terrasse et ascenseur.,1350000.0,"['99 m²', '6 Pièces', '3 Chambres', '2 Salles de bains', 'Bon état', '5-10 ans', '1er étage']",7,99.0,6.0,3.0,2.0,Bon état,1.0,7
Appartements Casablanca,Anassi à Casablanca,33.54729641431625,-7.61103630065918,Appartement moyen standing sidi moumen,700000.0,"['78 m²', '4 Pièces', '3 Chambres', '2 Salles de bains', 'Nouveau', '1-5 ans', '4ème étage']",7,78.0,4.0,3.0,2.0,Nouveau,4.0,3
Villas & maisons de luxe Casablanca,Californie à Casablanca,33.53595755299843,-7.625627517700195,Villa face de Marjane Californie,13000000.0,"['1300 m²', '7 Pièces', '7 Chambres', '4 Salles de bains', 'À rénover', '20-30 ans']",6,1300.0,7.0,7.0,4.0,À rénover,3.0,25
Appartements Casablanca,Ferme Bretonne (Hay Arraha) à Casablanca,33.57601248704883,-7.603912353515625,Appartements Neufs et Hauts Standing,906500.0,"['49 m²', '2 Pièces', '1 Chambre', '1 Salle de bain', 'Nouveau', ""Moins d'un an""]",6,49.0,2.0,1.0,1.0,Nouveau,3.0,0
Appartements Casablanca,Racine à Casablanca,33.592458238962855,-7.648158073425293,Appt de luxe,2900000.0,"['191 m²', '5 Pièces', '2 Chambres', '2 Salles de bains', 'Bon état', '10-20 ans', '2ème étage']",7,191.0,5.0,2.0,2.0,Bon état,2.0,15
Villas & maisons de luxe Casablanca,Anfa Supérieur à Casablanca,33.56170473792227,-7.630379283521052,Vente villa de luxe 2390m² anfa supérieur,44000000.0,"['2390 m²', '17 Pièces', '10 Chambres', 'Bon état']",5,2390.0,17.0,10.0,2.306532663316583,Bon état,3.0,15
Appartements Casablanca,Racine Extension à Casablanca,33.59108492155313,-7.6480586361456915,Appartement à vendre à Racine Extension. 3 belles chambres.,4558824.761494253,"['189 m²', '4 Pièces', '3 Chambres', '2 Salles de bains', 'Bon état', '10-20 ans', '2ème étage']",7,189.0,4.0,3.0,2.0,Bon état,2.0,15
Appartements Casablanca,El Manar - El Hank à Casablanca,33.604041673774326,-7.655426859855709,Appartement de 49m² en vente Les Terrasses d'Anfa,1225000.0,"['49 m²', '2 Pièces', '1 Chambre', '2 Salles de bains', 'Nouveau']",5,49.0,2.0,1.0,2.0,Nouveau,3.0,15
Appartements Casablanca,Californie à Casablanca,33.56170473792227,-7.630379283521052,Appartement en RDC de 114m² 3 chambres salon à Jnane Californie,1767000.0,"['114 m²', '4 Pièces', '3 Chambres', '2 Salles de bains', 'Nouveau', ""Moins d'un an""]",6,114.0,4.0,3.0,2.0,Nouveau,3.0,0
Appartements Casablanca,Casablanca Finance City à Casablanca,33.547117579470296,-7.675495147705078,"Appartement F3 de 112m² en vente Résidence Occitania, Casablanca",1612120.0,"['112 m²', '3 Pièces', '2 Chambres', '2 Salles de bains', 'Nouveau']",5,112.0,3.0,2.0,2.0,Nouveau,3.0,15
Appartements Casablanca,Casablanca Finance City à Casablanca,33.5592358768252,-7.65225006860351,"Appartement F2 de 59m² en vente, Ryad' Anfa",1250000.0,"['59 m²', '1 Chambre', '1 Salle de bain']",4,59.0,4.682934712346477,1.0,2.306532663316583,Bon état,3.0,15
Appartements Casablanca,Hermitage à Casablanca,33.56819965695728,-7.623234987258797,Studio de 57m² en vente Résidence Studio 31,1221690.0,"['57 m²', '2 Pièces', '1 Chambre', '2 Salles de bains', '1er étage']",5,57.0,2.0,1.0,2.0,Bon état,1.0,15
Villas & maisons de luxe Casablanca,Californie à Casablanca,33.53595755299843,-7.625627517700195,Villa Ultra Moderne Neuve de 2700 m2 à Californie,40000000.0,"['2700 m²', '9 Pièces', '4 Chambres', '3 Salles de bains', 'Nouveau', ""Moins d'un an""]",6,2700.0,9.0,4.0,3.0,Nouveau,3.0,0
Appartements Casablanca,Gauthier à Casablanca,33.58891909184207,-7.628674507141113,Appt de Luxe au cœur de Gauthier,3300000.0,"['229 m²', '5 Pièces', '3 Chambres', '2 Salles de bains', 'Bon état', '5-10 ans', '1er étage']",7,229.0,5.0,3.0,2.0,Bon état,1.0,7
Appartements Casablanca,Casablanca Finance City à Casablanca,33.57601248704883,-7.603912353515625,Appt à Casa Anfa,2090000.0,"['112 m²', '3 Pièces', '2 Chambres', '2 Salles de bains', 'Nouveau', '1-5 ans', '3ème étage']",7,112.0,3.0,2.0,2.0,Nouveau,3.0,3
Appartements Casablanca,Les princesses à Casablanca,33.56170473792227,-7.630379283521052,Appartement Les princesses,2950000.0,"['160 m²', '4 Pièces', '3 Chambres', '1 Salle de bain', 'Bon état', '10-20 ans', '5ème étage']",7,160.0,4.0,3.0,1.0,Bon état,5.0,15
Villas & maisons de luxe Casablanca,Ain Diab à Casablanca,33.58630932470067,-7.671375274658203,Villa ain diab coup de fusil,6400000.0,"['432 m²', '5 Pièces', '4 Chambres', '3 Salles de bains']",4,432.0,5.0,4.0,2.306532663316583,Bon état,3.0,15
Appartements Casablanca,Roches Noires à Casablanca,33.59907140752743,-7.587089538574219,Bel appartement à vendre à Roches Noires. 2 chambres Salon. Terrasse et ascenseur,750000.0,"['85 m²', '3 Pièces', '2 Chambres', '1 Salle de bain', 'Bon état', '10-20 ans', '4ème étage']",7,85.0,3.0,2.0,1.0,Bon état,4.0,15
Appartements Casablanca,Bourgogne Ouest à Casablanca,33.56170473792227,-7.630379283521052,Appartement 172m² à vendre à Bourgogne,2000000.0,"['172 m²', '6 Pièces', '4 Chambres', '2 Salles de bains', 'Bon état', '20-30 ans', '6ème étage']",7,172.0,6.0,4.0,2.0,Bon état,6.0,25
Appartements Casablanca,Ain Chock à Casablanca,33.54221736068901,-7.6048994064331055,Bel appartement à Jnane Emeraude Neuf,3100000.0,"['201 m²', '8 Pièces', '3 Chambres', '3 Salles de bains', 'Nouveau', ""Moins d'un an"", '1er étage']",7,201.0,8.0,3.0,3.0,Nouveau,1.0,0
Villas & maisons de luxe Casablanca,Ain Diab à Casablanca,33.58630932470067,-7.671375274658203,Villa triplex à Vendre 450 m² à Ain Diab,6400000.0,"['450 m²', '8 Pièces', '4 Chambres', '4 Salles de bains', 'Bon état']",5,450.0,8.0,4.0,4.0,Bon état,3.0,15
Appartements Casablanca,Gauthier à Casablanca,33.5889190918421,-7.62867450714111,Apt 175 m² neuf Galeria 3 chambres 8ème étage,4100000.0,"['175 m²', '3 Pièces', '3 Chambres', '2 Salles de bains', 'Nouveau', '1-5 ans']",6,175.0,3.0,3.0,2.0,Nouveau,3.0,3
Villas & maisons de luxe Casablanca,Californie à Casablanca,33.5359575529984,-7.62562751770019,Villa 1016 m² Californie 4 chambres piscine,14500000.0,"['1016 m²', '4 Pièces', '4 Chambres', '3 Salles de bains', 'Bon état', '5-10 ans']",6,1016.0,4.0,4.0,3.0,Bon état,3.0,7
Appartements Casablanca,Centre Ville à Casablanca,33.5948533369538,-7.61876106262207,Apt 434 m² 4 TF grande terrasse vue panoramique,4100000.0,"['434 m²', '6 Pièces', '6 Chambres', '3 Salles de bains', 'À rénover', '20-30 ans', '10ème étage']",7,434.0,6.0,6.0,3.0,À rénover,10.0,25
Appartements Casablanca,Gauthier à Casablanca,33.5889190918421,-7.628674507141113,Apt 297 m² 4/5 chambres ensoleillé 5ème étage,4900000.0,"['320 m²', '5 Pièces', '5 Chambres', '3 Salles de bains', 'Bon état', '10-20 ans', '5ème étage']",7,320.0,5.0,5.0,3.0,Bon état,5.0,15
Villas & maisons de luxe Casablanca,Californie à Casablanca,33.53595755299843,-7.625627517700195,Villa 483 m² plein sud angle 4 chambres,7400000.0,"['483 m²', '5 Pièces', '4 Chambres', '3 Salles de bains', 'Nouveau', '5-10 ans']",6,483.0,5.0,4.0,3.0,Nouveau,3.0,7
Appartements Casablanca,Racine à Casablanca,33.592458238962855,-7.648158073425293,Apt 257 m² plein Ouest sans vis à vis 3 chambres,4800000.0,"['257 m²', '5 Pièces', '3 Chambres', '2 Salles de bains', 'À rénover', '10-20 ans', '2ème étage']",7,257.0,5.0,3.0,2.0,À rénover,2.0,15
Villas & maisons de luxe Casablanca,CIL (Hay Salam) à Casablanca,33.56170473792227,-7.630379283521052,Villa 735 m² CIL à retaper CIL 4 chambres,9500000.0,"['735 m²', '10 Pièces', '5 Chambres', '2 Salles de bains', 'À rénover', '20-30 ans']",6,735.0,10.0,5.0,2.0,À rénover,3.0,25
Appartements Casablanca,Triangle d'Or à Casablanca,33.56170473792227,-7.630379283521052,Apt 195 m² 3 chambres terrasse SUD,4400000.0,"['195 m²', '4 Pièces', '3 Chambres', '2 Salles de bains', 'Nouveau', '1-5 ans', '2ème étage']",7,195.0,4.0,3.0,2.0,Nouveau,2.0,3
Villas & maisons de luxe Casablanca,Ain Diab à Casablanca,33.58630932470067,-7.671375274658203,Villa 520 m² Zone LCS commerciale Driss Slaoui,16500000.0,"['520 m²', '3 Pièces', '4 Chambres', '2 Salles de bains', 'À rénover', '20-30 ans']",6,520.0,3.0,4.0,2.0,À rénover,3.0,25
Appartements Casablanca,Racine à Casablanca,33.592458238962855,-7.648158073425293,Apt 205 m² 3 chambres sans vis à vis,3400000.0,"['205 m²', '5 Pièces', '3 Chambres', '2 Salles de bains', 'Bon état', '5-10 ans', '2ème étage']",7,205.0,5.0,3.0,2.0,Bon état,2.0,7
Appartements Casablanca,Triangle d'Or à Casablanca,33.5827341730849,-7.67583847045898,Apt 295 m² 4 chambres Terrasse soleil 5ème étage,4350000.0,"['295 m²', '4 Pièces', '4 Chambres', '3 Salles de bains', 'Bon état', '5-10 ans', '5ème étage']",7,295.0,4.0,4.0,3.0,Bon état,5.0,7
Appartements Casablanca,Triangle d'Or à Casablanca,33.5827341730849,-7.67583847045898,Apt 192 m² 3 Chambres Belles Résidences,3700000.0,"['192 m²', '3 Pièces', '3 Chambres', '2 Salles de bains', 'À rénover', '10-20 ans', '3ème étage']",7,192.0,3.0,3.0,2.0,À rénover,3.0,15
Villas & maisons de luxe Casablanca,Anfa à Casablanca,33.56170473792227,-7.630379283521052,Villa 1455 m² commerciale LCS Ghandi angle,26000000.0,"['1455 m²', '3 Pièces', '5 Chambres', '4 Salles de bains', 'À rénover', '5-10 ans']",6,1455.0,3.0,5.0,4.0,À rénover,3.0,7
Villas & maisons de luxe Casablanca,Anfa à Casablanca,33.57740524122366,-7.663927283138037,Villa 872 m² Longchamp 4 chambres Moretti,16000000.0,"['872 m²', '6 Pièces', '4 Chambres', '3 Salles de bains', 'Bon état', '10-20 ans']",6,872.0,6.0,4.0,3.0,Bon état,3.0,15
Villas & maisons de luxe Casablanca,Polo à Casablanca,33.56170473792227,-7.630379283521052,Villa angle 926 m² 4 chambres plein sud,8500000.0,"['926 m²', '5 Pièces', '4 Chambres', '3 Salles de bains', 'Bon état', '30-50 ans']",6,926.0,5.0,4.0,3.0,Bon état,3.0,40
Villas & maisons de luxe Casablanca,Californie à Casablanca,33.56170473792227,-7.630379283521052,Villa 1640 m² 5 chambres plein sud,16000000.0,"['1640 m²', '5 Pièces', '5 Chambres', '3 Salles de bains', 'Bon état', '20-30 ans']",6,1640.0,5.0,5.0,3.0,Bon état,3.0,25
Villas & maisons de luxe Casablanca,Californie à Casablanca,33.56170473792227,-7.630379283521052,Villa 486 m² Riad Andalouss 4 chambres,7250000.0,"['486 m²', '4 Pièces', '4 Chambres', '3 Salles de bains', 'Bon état', '5-10 ans']",6,486.0,4.0,4.0,3.0,Bon état,3.0,7
Villas & maisons de luxe Casablanca,Californie à Casablanca,33.56170473792227,-7.630379283521052,Villa de 1422 m2 à Californie TRES BONNE AFFAIRE,11500000.0,"['1422 m²', '9 Pièces', '4 Chambres', '4 Salles de bains', 'Bon état', '10-20 ans']",6,1422.0,9.0,4.0,4.0,Bon état,3.0,15
Appartements Casablanca,Casablanca Finance City à Casablanca,33.5592358768252,-7.65225006860351,"Appartement F4 de 124m² en vente, Ryad' Anfa",2200000.0,"['124 m²', '3 Chambres', '2 Salles de bains']",4,124.0,4.682934712346477,3.0,2.306532663316583,Bon état,3.0,15
Villas & maisons de luxe Casablanca,Anfa Supérieur à Casablanca,33.588597343995104,-7.66047477722168,Villa Ultra-Moderne de 781 m² à ANFA SUPERIEURE,25000000.0,"['781 m²', '9 Pièces', '4 Chambres', '4 Salles de bains', 'Nouveau', '1-5 ans']",6,781.0,9.0,4.0,4.0,Nouveau,3.0,3
Villas & maisons de luxe Casablanca,Anfa Supérieur à Casablanca,33.56170473792227,-7.630379283521052,Villa de 815 m2 en pleine Anfa Supérieure,18000000.0,"['815 m²', '8 Pièces', '4 Chambres', '4 Salles de bains', 'À rénover', '10-20 ans']",6,815.0,8.0,4.0,4.0,À rénover,3.0,15
Appartements Casablanca,Anassi à Casablanca,33.56170473792227,-7.630379283521052,"Appartement de 79m², RÉSIDENCE AL BADR - ANASSI",660000.0,"['79 m²', '4 Pièces', '3 Chambres', '3 Salles de bains', 'Nouveau']",5,79.0,4.0,3.0,3.0,Nouveau,3.0,15
Appartements Casablanca,Anassi à Casablanca,33.56170473792227,-7.630379283521052,"Appartement de 95m², RÉSIDENCE AL BADR - ANASSI",790000.0,"['95 m²', '4 Pièces', '3 Chambres', '3 Salles de bains', 'Nouveau']",5,95.0,4.0,3.0,3.0,Nouveau,3.0,15
Appartements Casablanca,Anassi à Casablanca,33.59277446389372,-7.500365242426085,"Appartement de 64m², RÉSIDENCE AL BADR - ANASSI",540000.0,"['64 m²', '3 Pièces', '2 Chambres', '2 Salles de bains']",4,64.0,3.0,2.0,2.306532663316583,Bon état,3.0,15
Appartements Casablanca,La Gironde à Casablanca,33.56170473792227,-7.630379283521052,"Appartement de 111 m² en vente, Résidence Shangai",1276500.0,"['111 m²', '4 Pièces', '3 Chambres', '2 Salles de bains', 'Nouveau', '5ème étage']",6,111.0,4.0,3.0,2.0,Nouveau,5.0,15
Villas & maisons de luxe Casablanca,Californie à Casablanca,33.53595755299843,-7.625627517700195,Villa 1124 m² ancienne traditionnelle Route Fès,10500000.0,"['1124 m²', '5 Pièces', '3 Chambres', '3 Salles de bains', 'À rénover', '20-30 ans']",6,1124.0,5.0,3.0,3.0,À rénover,3.0,25
Appartements Casablanca,Ain Diab à Casablanca,33.5863093247007,-7.6713752746582,Apt 172 m² résidence RIO 3 chambres terrasse,2550000.0,"['172 m²', '3 Pièces', '3 Chambres', '2 Salles de bains', 'Nouveau', '10-20 ans', '1er étage']",7,172.0,3.0,3.0,2.0,Nouveau,1.0,15
Appartements Casablanca,Maârif Extension à Casablanca,33.57987394514173,-7.646827697753906,Apt 99 m² 2 chambres plein sud Maarif Extension,1600000.0,"['99 m²', '2 Pièces', '2 Chambres', '2 Salles de bains', 'Nouveau', ""Moins d'un an"", '4ème étage']",7,99.0,2.0,2.0,2.0,Nouveau,4.0,0
Villas & maisons de luxe Casablanca,Sidi Maarouf à Casablanca,33.517536052045635,-7.642976933983363,Villa 265 m² Moderne 4 chambres piscine plein sud,5100000.0,"['265 m²', '6 Pièces', '4 Chambres', '3 Salles de bains', 'Bon état', '5-10 ans']",6,265.0,6.0,4.0,3.0,Bon état,3.0,7
Appartements Casablanca,Palmier à Casablanca,33.58277926405395,-7.631386717293765,Apt 184 m² avec terrasse Palmiers 9 Avril,2000000.0,"['184 m²', '3 Pièces', '3 Chambres', '2 Salles de bains', 'À rénover', '20-30 ans', '1er étage']",7,184.0,3.0,3.0,2.0,À rénover,1.0,25
Appartements Casablanca,Racine à Casablanca,33.56170473792227,-7.630379283521052,Apt 160 m² Terrasse Sud 3 chambres,2850000.0,"['160 m²', '5 Pièces', '3 Chambres', '2 Salles de bains', 'Bon état', '10-20 ans', '3ème étage']",7,160.0,5.0,3.0,2.0,Bon état,3.0,15
Appartements Casablanca,Gauthier à Casablanca,33.56170473792227,-7.630379283521052,Immeuble neuf 1200 m² 6 Apts R+6 Gauthier,16500000.0,"['1200 m²', '3 Pièces', '5 Chambres', '4 Salles de bains', 'Nouveau', ""Moins d'un an"", '6ème étage']",7,1200.0,3.0,5.0,4.0,Nouveau,6.0,0
Appartements Casablanca,Mers Sultan à Casablanca,33.56170473792227,-7.630379283521052,Apt 194 m² sans vis à vis calme 2 Mars/Murdoch,2500000.0,"['194 m²', '5 Pièces', '3 Chambres', '2 Salles de bains', 'Bon état', '5-10 ans', '2ème étage']",7,194.0,5.0,3.0,2.0,Bon état,2.0,7
Appartements Casablanca,Moulay Youssef à Casablanca,33.59692665165899,-7.634639739990234,Appartement a vendre bd Moulay Youssef vue mer,2200000.0,"['104 m²', '6 Pièces', '3 Chambres', '2 Salles de bains', 'Bon état', '5-10 ans', '5ème étage']",7,104.0,6.0,3.0,2.0,Bon état,5.0,7
Villas & maisons de luxe Casablanca,Aïn Sebaâ à Casablanca,33.56170473792227,-7.630379283521052,Villa de haut standing à vendre à Aïn Sebaâ. 18 chambres agréables. Climatisation et piscine,60000000.0,"['640 m²', '10 Pièces', '18 Chambres', '10 Salles de bains', 'Bon état', '1-5 ans']",6,640.0,10.0,18.0,10.0,Bon état,3.0,3
Maisons Casablanca,Sidi Maarouf à Casablanca,33.53994790755285,-7.640962980156161,Maison à Sidi Maarouf,4900000.0,"['250 m²', '4 Pièces', '3 Chambres', '3 Salles de bains', 'Bon état', '5-10 ans']",6,250.0,4.0,3.0,3.0,Bon état,3.0,7
Villas & maisons de luxe Casablanca,Gauthier à Casablanca,33.56170473792227,-7.630379283521052,RARE! VILLA COMMERCIALE (Resto / Cafe + Bureaux) R+5 A GAUTHIER!!,4800000.0,"['152 m²', '6 Pièces', '3 Chambres', '2 Salles de bains', 'Bon état']",5,152.0,6.0,3.0,2.0,Bon état,3.0,15
Villas & maisons de luxe Casablanca,Ain Diab à Casablanca,33.56170473792227,-7.630379283521052,UNIQUE AFFAIRE! Villa sur Ain Diab (A RASER)!!,6800000.0,"['395 m²', '8 Pièces', '4 Chambres', '3 Salles de bains', 'À rénover', '20-30 ans']",6,395.0,8.0,4.0,3.0,À rénover,3.0,25
Villas & maisons de luxe Casablanca,Ain Diab à Casablanca,33.58630932470067,-7.671375274658203,BON DEAL! Villa sur route D'azemmour! (A RASER)!,6100000.0,"['370 m²', '9 Pièces', '4 Chambres', '3 Salles de bains', 'À rénover', '10-20 ans']",6,370.0,9.0,4.0,3.0,À rénover,3.0,15
Villas & maisons de luxe Casablanca,Ain Diab à Casablanca,33.56170473792227,-7.630379283521052,Bonne affaire! superbe villa residence fermee Ain Diab!,8500000.0,"['479 m²', '8 Pièces', '4 Chambres', '2 Salles de bains', 'Bon état', '10-20 ans']",6,479.0,8.0,4.0,2.0,Bon état,3.0,15
Appartements Casablanca,Racine à Casablanca,33.56170473792227,-7.630379283521052,"GOOD DEAL!! Sublime appart ""MEUBLE"" en plein Racine!",3850000.0,"['167 m²', '7 Pièces', '3 Chambres', '2 Salles de bains', 'Bon état', '10-20 ans', '2ème étage']",7,167.0,7.0,3.0,2.0,Bon état,2.0,15
Villas & maisons de luxe Casablanca,Ain Diab à Casablanca,33.56170473792227,-7.630379283521052,Belle Villa en vente - résidence fermée (Ain Diab)!!,7800000.0,"['350 m²', '8 Pièces', '4 Chambres', '2 Salles de bains', 'Bon état', '10-20 ans']",6,350.0,8.0,4.0,2.0,Bon état,3.0,15
Villas & maisons de luxe Casablanca,Ain Diab à Casablanca,33.58630932470067,-7.671375274658203,Triplex A RENOVER dans residence sur Ain Diab!!,7200000.0,"['340 m²', '8 Pièces', '4 Chambres', '2 Salles de bains', 'À rénover', '20-30 ans']",6,340.0,8.0,4.0,2.0,À rénover,3.0,25
Villas & maisons de luxe Casablanca,Ain Diab à Casablanca,33.56170473792227,-7.630379283521052,Villa A RENOVER! - Ain Diab avec vue sur lac + ocean!!,8000000.0,"['450 m²', '10 Pièces', '5 Chambres', '3 Salles de bains', 'À rénover', '20-30 ans']",6,450.0,10.0,5.0,3.0,À rénover,3.0,25
Appartements Casablanca,Oulfa à Casablanca,32.34023266790936,-7.437744140625,Appartement de moyen standing de 61 m² Khouzama,570000.0,"['61 m²', '3 Pièces', '2 Chambres', '1 Salle de bain', 'Bon état', '10-20 ans', '2ème étage']",7,61.0,3.0,2.0,1.0,Bon état,2.0,15
Appartements Casablanca,La Gironde à Casablanca,33.58505803848486,-7.601637840270996,Bel appartement à vendre à La Gironde. 2 belles chambres. Ascenseur et stationnement,808500.0,"['77 m²', '3 Pièces', '2 Chambres', '1 Salle de bain', 'Bon état']",5,77.0,3.0,2.0,1.0,Bon état,3.0,15
Appartements Casablanca,Ain Diab à Casablanca,33.582734173084866,-7.675838470458984,Apparetement a vendre exceptionnel ain diab,4200000.0,"['166 m²', '5 Pièces', '3 Chambres', '2 Salles de bains', 'Bon état', '5-10 ans']",6,166.0,5.0,3.0,2.0,Bon état,3.0,7
Appartements Casablanca,Palmier à Casablanca,33.56170473792227,-7.630379283521052,Appartement de 268 m² a vendre à palmier,3980000.0,"['268 m²', '7 Pièces', '3 Chambres', '2 Salles de bains', 'Nouveau', '5-10 ans']",6,268.0,7.0,3.0,2.0,Nouveau,3.0,7
Appartements Casablanca,Bourgogne Est à Casablanca,33.59424563181959,-7.610692977905273,Bel appartement a la vente avec terrasse a bourgogne,2750000.0,"['216 m²', '4 Pièces', '2 Chambres', '2 Salles de bains', 'À rénover']",5,216.0,4.0,2.0,2.0,À rénover,3.0,15
Appartements Casablanca,Palmier à Casablanca,33.580946541729524,-7.629060745239258,Vente appartement au quartier PALMIER,1800000.0,"['134 m²', '6 Pièces', '3 Chambres', '2 Salles de bains', 'Nouveau', '5-10 ans']",6,134.0,6.0,3.0,2.0,Nouveau,3.0,7
Villas & maisons de luxe Casablanca,Californie à Casablanca,33.56170473792227,-7.630379283521052,Villa de 1422 m2 à Californie TRES BONNE AFFAIRE,11500000.0,"['1422 m²', '9 Pièces', '4 Chambres', '4 Salles de bains', 'Bon état', '10-20 ans']",6,1422.0,9.0,4.0,4.0,Bon état,3.0,15
Appartements Casablanca,Casablanca Finance City à Casablanca,33.5592358768252,-7.65225006860351,"Appartement F4 de 124m² en vente, Ryad' Anfa",2200000.0,"['124 m²', '3 Chambres', '2 Salles de bains']",4,124.0,4.682934712346477,3.0,2.306532663316583,Bon état,3.0,15
Villas & maisons de luxe Casablanca,Anfa Supérieur à Casablanca,33.588597343995104,-7.66047477722168,Villa Ultra-Moderne de 781 m² à ANFA SUPERIEURE,25000000.0,"['781 m²', '9 Pièces', '4 Chambres', '4 Salles de bains', 'Nouveau', '1-5 ans']",6,781.0,9.0,4.0,4.0,Nouveau,3.0,3
Villas & maisons de luxe Casablanca,Anfa Supérieur à Casablanca,33.56170473792227,-7.630379283521052,Villa de 815 m2 en pleine Anfa Supérieure,18000000.0,"['815 m²', '8 Pièces', '4 Chambres', '4 Salles de bains', 'À rénover', '10-20 ans']",6,815.0,8.0,4.0,4.0,À rénover,3.0,15
Appartements Casablanca,Anassi à Casablanca,33.56170473792227,-7.630379283521052,"Appartement de 79m², RÉSIDENCE AL BADR - ANASSI",660000.0,"['79 m²', '4 Pièces', '3 Chambres', '3 Salles de bains', 'Nouveau']",5,79.0,4.0,3.0,3.0,Nouveau,3.0,15
Appartements Casablanca,Anassi à Casablanca,33.56170473792227,-7.630379283521052,"Appartement de 95m², RÉSIDENCE AL BADR - ANASSI",790000.0,"['95 m²', '4 Pièces', '3 Chambres', '3 Salles de bains', 'Nouveau']",5,95.0,4.0,3.0,3.0,Nouveau,3.0,15
Appartements Casablanca,Anassi à Casablanca,33.59277446389372,-7.500365242426085,"Appartement de 64m², RÉSIDENCE AL BADR - ANASSI",540000.0,"['64 m²', '3 Pièces', '2 Chambres', '2 Salles de bains']",4,64.0,3.0,2.0,2.306532663316583,Bon état,3.0,15
Appartements Casablanca,La Gironde à Casablanca,33.56170473792227,-7.630379283521052,"Appartement de 111 m² en vente, Résidence Shangai",1276500.0,"['111 m²', '4 Pièces', '3 Chambres', '2 Salles de bains', 'Nouveau', '5ème étage']",6,111.0,4.0,3.0,2.0,Nouveau,5.0,15
Villas & maisons de luxe Casablanca,Californie à Casablanca,33.56170473792227,-7.630379283521052,Villa 1124 m² ancienne traditionnelle Route Fès,10500000.0,"['1124 m²', '5 Pièces', '3 Chambres', '3 Salles de bains', 'À rénover', '20-30 ans']",6,1124.0,5.0,3.0,3.0,À rénover,3.0,25
Appartements Casablanca,Ain Diab à Casablanca,33.5863093247007,-7.6713752746582,Apt 172 m² résidence RIO 3 chambres terrasse,2550000.0,"['172 m²', '3 Pièces', '3 Chambres', '2 Salles de bains', 'Nouveau', '10-20 ans', '1er étage']",7,172.0,3.0,3.0,2.0,Nouveau,1.0,15
Appartements Casablanca,Maârif Extension à Casablanca,33.57987394514173,-7.646827697753906,Apt 99 m² 2 chambres plein sud Maarif Extension,1600000.0,"['99 m²', '2 Pièces', '2 Chambres', '2 Salles de bains', 'Nouveau', ""Moins d'un an"", '4ème étage']",7,99.0,2.0,2.0,2.0,Nouveau,4.0,0
Villas & maisons de luxe Casablanca,Sidi Maarouf à Casablanca,33.517536052045635,-7.642976933983363,Villa 265 m² Moderne 4 chambres piscine plein sud,5100000.0,"['265 m²', '6 Pièces', '4 Chambres', '3 Salles de bains', 'Bon état', '5-10 ans']",6,265.0,6.0,4.0,3.0,Bon état,3.0,7
Appartements Casablanca,Palmier à Casablanca,33.58277926405395,-7.631386717293765,Apt 184 m² avec terrasse Palmiers 9 Avril,2000000.0,"['184 m²', '3 Pièces', '3 Chambres', '2 Salles de bains', 'À rénover', '20-30 ans', '1er étage']",7,184.0,3.0,3.0,2.0,À rénover,1.0,25
Appartements Casablanca,Racine à Casablanca,33.56170473792227,-7.630379283521052,Apt 160 m² Terrasse Sud 3 chambres,2850000.0,"['160 m²', '5 Pièces', '3 Chambres', '2 Salles de bains', 'Bon état', '10-20 ans', '3ème étage']",7,160.0,5.0,3.0,2.0,Bon état,3.0,15
Appartements Casablanca,Gauthier à Casablanca,33.56170473792227,-7.630379283521052,Immeuble neuf 1200 m² 6 Apts R+6 Gauthier,16500000.0,"['1200 m²', '3 Pièces', '5 Chambres', '4 Salles de bains', 'Nouveau', ""Moins d'un an"", '6ème étage']",7,1200.0,3.0,5.0,4.0,Nouveau,6.0,0
Appartements Casablanca,Mers Sultan à Casablanca,33.56170473792227,-7.630379283521052,Apt 194 m² sans vis à vis calme 2 Mars/Murdoch,2500000.0,"['194 m²', '5 Pièces', '3 Chambres', '2 Salles de bains', 'Bon état', '5-10 ans', '2ème étage']",7,194.0,5.0,3.0,2.0,Bon état,2.0,7
Appartements Casablanca,Moulay Youssef à Casablanca,33.56170473792227,-7.630379283521052,Appartement a vendre bd Moulay Youssef vue mer,2200000.0,"['104 m²', '6 Pièces', '3 Chambres', '2 Salles de bains', 'Bon état', '5-10 ans', '5ème étage']",7,104.0,6.0,3.0,2.0,Bon état,5.0,7
Villas & maisons de luxe Casablanca,Aïn Sebaâ à Casablanca,33.56170473792227,-7.630379283521052,Villa de haut standing à vendre à Aïn Sebaâ. 18 chambres agréables. Climatisation et piscine,60000000.0,"['640 m²', '10 Pièces', '18 Chambres', '10 Salles de bains', 'Bon état', '1-5 ans']",6,640.0,10.0,18.0,10.0,Bon état,3.0,3
Maisons Casablanca,Sidi Maarouf à Casablanca,33.53994790755285,-7.640962980156161,Maison à Sidi Maarouf,4900000.0,"['250 m²', '4 Pièces', '3 Chambres', '3 Salles de bains', 'Bon état', '5-10 ans']",6,250.0,4.0,3.0,3.0,Bon état,3.0,7
Villas & maisons de luxe Casablanca,Gauthier à Casablanca,33.56170473792227,-7.630379283521052,RARE! VILLA COMMERCIALE (Resto / Cafe + Bureaux) R+5 A GAUTHIER!!,4800000.0,"['152 m²', '6 Pièces', '3 Chambres', '2 Salles de bains', 'Bon état']",5,152.0,6.0,3.0,2.0,Bon état,3.0,15
Villas & maisons de luxe Casablanca,Ain Diab à Casablanca,33.56170473792227,-7.630379283521052,UNIQUE AFFAIRE! Villa sur Ain Diab (A RASER)!!,6800000.0,"['395 m²', '8 Pièces', '4 Chambres', '3 Salles de bains', 'À rénover', '20-30 ans']",6,395.0,8.0,4.0,3.0,À rénover,3.0,25
Villas & maisons de luxe Casablanca,Ain Diab à Casablanca,33.58630932470067,-7.671375274658203,BON DEAL! Villa sur route D'azemmour! (A RASER)!,6100000.0,"['370 m²', '9 Pièces', '4 Chambres', '3 Salles de bains', 'À rénover', '10-20 ans']",6,370.0,9.0,4.0,3.0,À rénover,3.0,15
Villas & maisons de luxe Casablanca,Ain Diab à Casablanca,33.56170473792227,-7.630379283521052,Bonne affaire! superbe villa residence fermee Ain Diab!,8500000.0,"['479 m²', '8 Pièces', '4 Chambres', '2 Salles de bains', 'Bon état', '10-20 ans']",6,479.0,8.0,4.0,2.0,Bon état,3.0,15
Appartements Casablanca,Racine à Casablanca,33.56170473792227,-7.630379283521052,"GOOD DEAL!! Sublime appart ""MEUBLE"" en plein Racine!",3850000.0,"['167 m²', '7 Pièces', '3 Chambres', '2 Salles de bains', 'Bon état', '10-20 ans', '2ème étage']",7,167.0,7.0,3.0,2.0,Bon état,2.0,15
Villas & maisons de luxe Casablanca,Ain Diab à Casablanca,33.58630932470067,-7.671375274658203,Belle Villa en vente - résidence fermée (Ain Diab)!!,7800000.0,"['350 m²', '8 Pièces', '4 Chambres', '2 Salles de bains', 'Bon état', '10-20 ans']",6,350.0,8.0,4.0,2.0,Bon état,3.0,15
Villas & maisons de luxe Casablanca,Ain Diab à Casablanca,33.58630932470067,-7.671375274658203,Triplex A RENOVER dans residence sur Ain Diab!!,7200000.0,"['340 m²', '8 Pièces', '4 Chambres', '2 Salles de bains', 'À rénover', '20-30 ans']",6,340.0,8.0,4.0,2.0,À rénover,3.0,25
Villas & maisons de luxe Casablanca,Ain Diab à Casablanca,33.56170473792227,-7.630379283521052,Villa A RENOVER! - Ain Diab avec vue sur lac + ocean!!,8000000.0,"['450 m²', '10 Pièces', '5 Chambres', '3 Salles de bains', 'À rénover', '20-30 ans']",6,450.0,10.0,5.0,3.0,À rénover,3.0,25
Appartements Casablanca,Oulfa à Casablanca,32.34023266790936,-7.437744140625,Appartement de moyen standing de 61 m² Khouzama,570000.0,"['61 m²', '3 Pièces', '2 Chambres', '1 Salle de bain', 'Bon état', '10-20 ans', '2ème étage']",7,61.0,3.0,2.0,1.0,Bon état,2.0,15
Appartements Casablanca,La Gironde à Casablanca,33.58505803848486,-7.601637840270996,Bel appartement à vendre à La Gironde. 2 belles chambres. Ascenseur et stationnement,808500.0,"['77 m²', '3 Pièces', '2 Chambres', '1 Salle de bain', 'Bon état']",5,77.0,3.0,2.0,1.0,Bon état,3.0,15
Appartements Casablanca,Ain Diab à Casablanca,33.582734173084866,-7.675838470458984,Apparetement a vendre exceptionnel ain diab,4200000.0,"['166 m²', '5 Pièces', '3 Chambres', '2 Salles de bains', 'Bon état', '5-10 ans']",6,166.0,5.0,3.0,2.0,Bon état,3.0,7
Appartements Casablanca,Palmier à Casablanca,33.56170473792227,-7.630379283521052,Appartement de 268 m² a vendre à palmier,3980000.0,"['268 m²', '7 Pièces', '3 Chambres', '2 Salles de bains', 'Nouveau', '5-10 ans']",6,268.0,7.0,3.0,2.0,Nouveau,3.0,7
Appartements Casablanca,Bourgogne Est à Casablanca,33.59424563181959,-7.610692977905273,Bel appartement a la vente avec terrasse a bourgogne,2750000.0,"['216 m²', '4 Pièces', '2 Chambres', '2 Salles de bains', 'À rénover']",5,216.0,4.0,2.0,2.0,À rénover,3.0,15
Appartements Casablanca,Palmier à Casablanca,33.56170473792227,-7.630379283521052,Vente appartement au quartier PALMIER,1800000.0,"['134 m²', '6 Pièces', '3 Chambres', '2 Salles de bains', 'Nouveau', '5-10 ans']",6,134.0,6.0,3.0,2.0,Nouveau,3.0,7
Villas & maisons de luxe Casablanca,Californie à Casablanca,33.56170473792227,-7.630379283521052,Villa de 1422 m2 à Californie TRES BONNE AFFAIRE,11500000.0,"['1422 m²', '9 Pièces', '4 Chambres', '4 Salles de bains', 'Bon état', '10-20 ans']",6,1422.0,9.0,4.0,4.0,Bon état,3.0,15
Appartements Casablanca,Casablanca Finance City à Casablanca,33.5592358768252,-7.65225006860351,"Appartement F4 de 124m² en vente, Ryad' Anfa",2200000.0,"['124 m²', '3 Chambres', '2 Salles de bains']",4,124.0,4.682934712346477,3.0,2.306532663316583,Bon état,3.0,15
Villas & maisons de luxe Casablanca,Anfa Supérieur à Casablanca,33.588597343995104,-7.66047477722168,Villa Ultra-Moderne de 781 m² à ANFA SUPERIEURE,25000000.0,"['781 m²', '9 Pièces', '4 Chambres', '4 Salles de bains', 'Nouveau', '1-5 ans']",6,781.0,9.0,4.0,4.0,Nouveau,3.0,3
Villas & maisons de luxe Casablanca,Anfa Supérieur à Casablanca,33.588597343995104,-7.66047477722168,Villa de 815 m2 en pleine Anfa Supérieure,18000000.0,"['815 m²', '8 Pièces', '4 Chambres', '4 Salles de bains', 'À rénover', '10-20 ans']",6,815.0,8.0,4.0,4.0,À rénover,3.0,15
Appartements Casablanca,Anassi à Casablanca,33.56170473792227,-7.630379283521052,"Appartement de 79m², RÉSIDENCE AL BADR - ANASSI",660000.0,"['79 m²', '4 Pièces', '3 Chambres', '3 Salles de bains', 'Nouveau']",5,79.0,4.0,3.0,3.0,Nouveau,3.0,15
Appartements Casablanca,Anassi à Casablanca,33.56170473792227,-7.630379283521052,"Appartement de 95m², RÉSIDENCE AL BADR - ANASSI",790000.0,"['95 m²', '4 Pièces', '3 Chambres', '3 Salles de bains', 'Nouveau']",5,95.0,4.0,3.0,3.0,Nouveau,3.0,15
Appartements Casablanca,Anassi à Casablanca,33.59277446389372,-7.500365242426085,"Appartement de 64m², RÉSIDENCE AL BADR - ANASSI",540000.0,"['64 m²', '3 Pièces', '2 Chambres', '2 Salles de bains']",4,64.0,3.0,2.0,2.306532663316583,Bon état,3.0,15
Appartements Casablanca,La Gironde à Casablanca,33.56170473792227,-7.630379283521052,"Appartement de 111 m² en vente, Résidence Shangai",1276500.0,"['111 m²', '4 Pièces', '3 Chambres', '2 Salles de bains', 'Nouveau', '5ème étage']",6,111.0,4.0,3.0,2.0,Nouveau,5.0,15
Villas & maisons de luxe Casablanca,Californie à Casablanca,33.53595755299843,-7.625627517700195,Villa 1124 m² ancienne traditionnelle Route Fès,10500000.0,"['1124 m²', '5 Pièces', '3 Chambres', '3 Salles de bains', 'À rénover', '20-30 ans']",6,1124.0,5.0,3.0,3.0,À rénover,3.0,25
Appartements Casablanca,Ain Diab à Casablanca,33.5863093247007,-7.6713752746582,Apt 172 m² résidence RIO 3 chambres terrasse,2550000.0,"['172 m²', '3 Pièces', '3 Chambres', '2 Salles de bains', 'Nouveau', '10-20 ans', '1er étage']",7,172.0,3.0,3.0,2.0,Nouveau,1.0,15
Appartements Casablanca,Maârif Extension à Casablanca,33.56170473792227,-7.630379283521052,Apt 99 m² 2 chambres plein sud Maarif Extension,1600000.0,"['99 m²', '2 Pièces', '2 Chambres', '2 Salles de bains', 'Nouveau', ""Moins d'un an"", '4ème étage']",7,99.0,2.0,2.0,2.0,Nouveau,4.0,0
Villas & maisons de luxe Casablanca,Sidi Maarouf à Casablanca,33.517536052045635,-7.642976933983363,Villa 265 m² Moderne 4 chambres piscine plein sud,5100000.0,"['265 m²', '6 Pièces', '4 Chambres', '3 Salles de bains', 'Bon état', '5-10 ans']",6,265.0,6.0,4.0,3.0,Bon état,3.0,7
Appartements Casablanca,Palmier à Casablanca,33.58277926405395,-7.631386717293765,Apt 184 m² avec terrasse Palmiers 9 Avril,2000000.0,"['184 m²', '3 Pièces', '3 Chambres', '2 Salles de bains', 'À rénover', '20-30 ans', '1er étage']",7,184.0,3.0,3.0,2.0,À rénover,1.0,25
Appartements Casablanca,Racine à Casablanca,33.56170473792227,-7.630379283521052,Apt 160 m² Terrasse Sud 3 chambres,2850000.0,"['160 m²', '5 Pièces', '3 Chambres', '2 Salles de bains', 'Bon état', '10-20 ans', '3ème étage']",7,160.0,5.0,3.0,2.0,Bon état,3.0,15
Appartements Casablanca,Gauthier à Casablanca,33.56170473792227,-7.630379283521052,Immeuble neuf 1200 m² 6 Apts R+6 Gauthier,16500000.0,"['1200 m²', '3 Pièces', '5 Chambres', '4 Salles de bains', 'Nouveau', ""Moins d'un an"", '6ème étage']",7,1200.0,3.0,5.0,4.0,Nouveau,6.0,0
Appartements Casablanca,Mers Sultan à Casablanca,33.56170473792227,-7.630379283521052,Apt 194 m² sans vis à vis calme 2 Mars/Murdoch,2500000.0,"['194 m²', '5 Pièces', '3 Chambres', '2 Salles de bains', 'Bon état', '5-10 ans', '2ème étage']",7,194.0,5.0,3.0,2.0,Bon état,2.0,7
Appartements Casablanca,Moulay Youssef à Casablanca,33.59692665165899,-7.634639739990234,Appartement a vendre bd Moulay Youssef vue mer,2200000.0,"['104 m²', '6 Pièces', '3 Chambres', '2 Salles de bains', 'Bon état', '5-10 ans', '5ème étage']",7,104.0,6.0,3.0,2.0,Bon état,5.0,7
Villas & maisons de luxe Casablanca,Aïn Sebaâ à Casablanca,33.56170473792227,-7.630379283521052,Villa de haut standing à vendre à Aïn Sebaâ. 18 chambres agréables. Climatisation et piscine,60000000.0,"['640 m²', '10 Pièces', '18 Chambres', '10 Salles de bains', 'Bon état', '1-5 ans']",6,640.0,10.0,18.0,10.0,Bon état,3.0,3
Maisons Casablanca,Sidi Maarouf à Casablanca,33.53994790755285,-7.640962980156161,Maison à Sidi Maarouf,4900000.0,"['250 m²', '4 Pièces', '3 Chambres', '3 Salles de bains', 'Bon état', '5-10 ans']",6,250.0,4.0,3.0,3.0,Bon état,3.0,7
Villas & maisons de luxe Casablanca,Gauthier à Casablanca,33.56170473792227,-7.630379283521052,RARE! VILLA COMMERCIALE (Resto / Cafe + Bureaux) R+5 A GAUTHIER!!,4800000.0,"['152 m²', '6 Pièces', '3 Chambres', '2 Salles de bains', 'Bon état']",5,152.0,6.0,3.0,2.0,Bon état,3.0,15
Villas & maisons de luxe Casablanca,Ain Diab à Casablanca,33.58630932470067,-7.671375274658203,UNIQUE AFFAIRE! Villa sur Ain Diab (A RASER)!!,6800000.0,"['395 m²', '8 Pièces', '4 Chambres', '3 Salles de bains', 'À rénover', '20-30 ans']",6,395.0,8.0,4.0,3.0,À rénover,3.0,25
Villas & maisons de luxe Casablanca,Ain Diab à Casablanca,33.58630932470067,-7.671375274658203,BON DEAL! Villa sur route D'azemmour! (A RASER)!,6100000.0,"['370 m²', '9 Pièces', '4 Chambres', '3 Salles de bains', 'À rénover', '10-20 ans']",6,370.0,9.0,4.0,3.0,À rénover,3.0,15
Villas & maisons de luxe Casablanca,Ain Diab à Casablanca,33.56170473792227,-7.630379283521052,Bonne affaire! superbe villa residence fermee Ain Diab!,8500000.0,"['479 m²', '8 Pièces', '4 Chambres', '2 Salles de bains', 'Bon état', '10-20 ans']",6,479.0,8.0,4.0,2.0,Bon état,3.0,15
Appartements Casablanca,Racine à Casablanca,33.56170473792227,-7.630379283521052,"GOOD DEAL!! Sublime appart ""MEUBLE"" en plein Racine!",3850000.0,"['167 m²', '7 Pièces', '3 Chambres', '2 Salles de bains', 'Bon état', '10-20 ans', '2ème étage']",7,167.0,7.0,3.0,2.0,Bon état,2.0,15
Villas & maisons de luxe Casablanca,Ain Diab à Casablanca,33.58630932470067,-7.671375274658203,Belle Villa en vente - résidence fermée (Ain Diab)!!,7800000.0,"['350 m²', '8 Pièces', '4 Chambres', '2 Salles de bains', 'Bon état', '10-20 ans']",6,350.0,8.0,4.0,2.0,Bon état,3.0,15
Villas & maisons de luxe Casablanca,Ain Diab à Casablanca,33.58630932470067,-7.671375274658203,Triplex A RENOVER dans residence sur Ain Diab!!,7200000.0,"['340 m²', '8 Pièces', '4 Chambres', '2 Salles de bains', 'À rénover', '20-30 ans']",6,340.0,8.0,4.0,2.0,À rénover,3.0,25
Villas & maisons de luxe Casablanca,Ain Diab à Casablanca,33.58630932470067,-7.671375274658203,Villa A RENOVER! - Ain Diab avec vue sur lac + ocean!!,8000000.0,"['450 m²', '10 Pièces', '5 Chambres', '3 Salles de bains', 'À rénover', '20-30 ans']",6,450.0,10.0,5.0,3.0,À rénover,3.0,25
Appartements Casablanca,Oulfa à Casablanca,32.34023266790936,-7.437744140625,Appartement de moyen standing de 61 m² Khouzama,570000.0,"['61 m²', '3 Pièces', '2 Chambres', '1 Salle de bain', 'Bon état', '10-20 ans', '2ème étage']",7,61.0,3.0,2.0,1.0,Bon état,2.0,15
Appartements Casablanca,La Gironde à Casablanca,33.56170473792227,-7.630379283521052,Bel appartement à vendre à La Gironde. 2 belles chambres. Ascenseur et stationnement,808500.0,"['77 m²', '3 Pièces', '2 Chambres', '1 Salle de bain', 'Bon état']",5,77.0,3.0,2.0,1.0,Bon état,3.0,15
Appartements Casablanca,Ain Diab à Casablanca,33.582734173084866,-7.675838470458984,Apparetement a vendre exceptionnel ain diab,4200000.0,"['166 m²', '5 Pièces', '3 Chambres', '2 Salles de bains', 'Bon état', '5-10 ans']",6,166.0,5.0,3.0,2.0,Bon état,3.0,7
Appartements Casablanca,Palmier à Casablanca,33.580946541729524,-7.629060745239258,Appartement de 268 m² a vendre à palmier,3980000.0,"['268 m²', '7 Pièces', '3 Chambres', '2 Salles de bains', 'Nouveau', '5-10 ans']",6,268.0,7.0,3.0,2.0,Nouveau,3.0,7
Appartements Casablanca,Bourgogne Est à Casablanca,33.59424563181959,-7.610692977905273,Bel appartement a la vente avec terrasse a bourgogne,2750000.0,"['216 m²', '4 Pièces', '2 Chambres', '2 Salles de bains', 'À rénover']",5,216.0,4.0,2.0,2.0,À rénover,3.0,15
Appartements Casablanca,Palmier à Casablanca,33.56170473792227,-7.630379283521052,Vente appartement au quartier PALMIER,1800000.0,"['134 m²', '6 Pièces', '3 Chambres', '2 Salles de bains', 'Nouveau', '5-10 ans']",6,134.0,6.0,3.0,2.0,Nouveau,3.0,7
Villas & maisons de luxe Casablanca,Californie à Casablanca,33.56170473792227,-7.630379283521052,Villa de 1422 m2 à Californie TRES BONNE AFFAIRE,11500000.0,"['1422 m²', '9 Pièces', '4 Chambres', '4 Salles de bains', 'Bon état', '10-20 ans']",6,1422.0,9.0,4.0,4.0,Bon état,3.0,15
Appartements Casablanca,Casablanca Finance City à Casablanca,33.5592358768252,-7.65225006860351,"Appartement F4 de 124m² en vente, Ryad' Anfa",2200000.0,"['124 m²', '3 Chambres', '2 Salles de bains']",4,124.0,4.682934712346477,3.0,2.306532663316583,Bon état,3.0,15
Villas & maisons de luxe Casablanca,Anfa Supérieur à Casablanca,33.588597343995104,-7.66047477722168,Villa Ultra-Moderne de 781 m² à ANFA SUPERIEURE,25000000.0,"['781 m²', '9 Pièces', '4 Chambres', '4 Salles de bains', 'Nouveau', '1-5 ans']",6,781.0,9.0,4.0,4.0,Nouveau,3.0,3
Villas & maisons de luxe Casablanca,Anfa Supérieur à Casablanca,33.56170473792227,-7.630379283521052,Villa de 815 m2 en pleine Anfa Supérieure,18000000.0,"['815 m²', '8 Pièces', '4 Chambres', '4 Salles de bains', 'À rénover', '10-20 ans']",6,815.0,8.0,4.0,4.0,À rénover,3.0,15
Appartements Casablanca,Anassi à Casablanca,33.56170473792227,-7.630379283521052,"Appartement de 79m², RÉSIDENCE AL BADR - ANASSI",660000.0,"['79 m²', '4 Pièces', '3 Chambres', '3 Salles de bains', 'Nouveau']",5,79.0,4.0,3.0,3.0,Nouveau,3.0,15
Appartements Casablanca,Anassi à Casablanca,33.56170473792227,-7.630379283521052,"Appartement de 95m², RÉSIDENCE AL BADR - ANASSI",790000.0,"['95 m²', '4 Pièces', '3 Chambres', '3 Salles de bains', 'Nouveau']",5,95.0,4.0,3.0,3.0,Nouveau,3.0,15
Appartements Casablanca,Anassi à Casablanca,33.59277446389372,-7.500365242426085,"Appartement de 64m², RÉSIDENCE AL BADR - ANASSI",540000.0,"['64 m²', '3 Pièces', '2 Chambres', '2 Salles de bains']",4,64.0,3.0,2.0,2.306532663316583,Bon état,3.0,15
Appartements Casablanca,La Gironde à Casablanca,33.56170473792227,-7.630379283521052,"Appartement de 111 m² en vente, Résidence Shangai",1276500.0,"['111 m²', '4 Pièces', '3 Chambres', '2 Salles de bains', 'Nouveau', '5ème étage']",6,111.0,4.0,3.0,2.0,Nouveau,5.0,15
Villas & maisons de luxe Casablanca,Californie à Casablanca,33.56170473792227,-7.630379283521052,Villa 1124 m² ancienne traditionnelle Route Fès,10500000.0,"['1124 m²', '5 Pièces', '3 Chambres', '3 Salles de bains', 'À rénover', '20-30 ans']",6,1124.0,5.0,3.0,3.0,À rénover,3.0,25
Appartements Casablanca,Ain Diab à Casablanca,33.5863093247007,-7.6713752746582,Apt 172 m² résidence RIO 3 chambres terrasse,2550000.0,"['172 m²', '3 Pièces', '3 Chambres', '2 Salles de bains', 'Nouveau', '10-20 ans', '1er étage']",7,172.0,3.0,3.0,2.0,Nouveau,1.0,15
Appartements Casablanca,Maârif Extension à Casablanca,33.56170473792227,-7.630379283521052,Apt 99 m² 2 chambres plein sud Maarif Extension,1600000.0,"['99 m²', '2 Pièces', '2 Chambres', '2 Salles de bains', 'Nouveau', ""Moins d'un an"", '4ème étage']",7,99.0,2.0,2.0,2.0,Nouveau,4.0,0
Villas & maisons de luxe Casablanca,Sidi Maarouf à Casablanca,33.517536052045635,-7.642976933983363,Villa 265 m² Moderne 4 chambres piscine plein sud,5100000.0,"['265 m²', '6 Pièces', '4 Chambres', '3 Salles de bains', 'Bon état', '5-10 ans']",6,265.0,6.0,4.0,3.0,Bon état,3.0,7
Appartements Casablanca,Palmier à Casablanca,33.58277926405395,-7.631386717293765,Apt 184 m² avec terrasse Palmiers 9 Avril,2000000.0,"['184 m²', '3 Pièces', '3 Chambres', '2 Salles de bains', 'À rénover', '20-30 ans', '1er étage']",7,184.0,3.0,3.0,2.0,À rénover,1.0,25
Appartements Casablanca,Racine à Casablanca,33.56170473792227,-7.630379283521052,Apt 160 m² Terrasse Sud 3 chambres,2850000.0,"['160 m²', '5 Pièces', '3 Chambres', '2 Salles de bains', 'Bon état', '10-20 ans', '3ème étage']",7,160.0,5.0,3.0,2.0,Bon état,3.0,15
Appartements Casablanca,Gauthier à Casablanca,33.56170473792227,-7.630379283521052,Immeuble neuf 1200 m² 6 Apts R+6 Gauthier,16500000.0,"['1200 m²', '3 Pièces', '5 Chambres', '4 Salles de bains', 'Nouveau', ""Moins d'un an"", '6ème étage']",7,1200.0,3.0,5.0,4.0,Nouveau,6.0,0
Appartements Casablanca,Mers Sultan à Casablanca,33.56170473792227,-7.630379283521052,Apt 194 m² sans vis à vis calme 2 Mars/Murdoch,2500000.0,"['194 m²', '5 Pièces', '3 Chambres', '2 Salles de bains', 'Bon état', '5-10 ans', '2ème étage']",7,194.0,5.0,3.0,2.0,Bon état,2.0,7
Appartements Casablanca,Moulay Youssef à Casablanca,33.59692665165899,-7.634639739990234,Appartement a vendre bd Moulay Youssef vue mer,2200000.0,"['104 m²', '6 Pièces', '3 Chambres', '2 Salles de bains', 'Bon état', '5-10 ans', '5ème étage']",7,104.0,6.0,3.0,2.0,Bon état,5.0,7
Villas & maisons de luxe Casablanca,Aïn Sebaâ à Casablanca,33.56170473792227,-7.630379283521052,Villa de haut standing à vendre à Aïn Sebaâ. 18 chambres agréables. Climatisation et piscine,60000000.0,"['640 m²', '10 Pièces', '18 Chambres', '10 Salles de bains', 'Bon état', '1-5 ans']",6,640.0,10.0,18.0,10.0,Bon état,3.0,3
Maisons Casablanca,Sidi Maarouf à Casablanca,33.53994790755285,-7.640962980156161,Maison à Sidi Maarouf,4900000.0,"['250 m²', '4 Pièces', '3 Chambres', '3 Salles de bains', 'Bon état', '5-10 ans']",6,250.0,4.0,3.0,3.0,Bon état,3.0,7
Villas & maisons de luxe Casablanca,Gauthier à Casablanca,33.56170473792227,-7.630379283521052,RARE! VILLA COMMERCIALE (Resto / Cafe + Bureaux) R+5 A GAUTHIER!!,4800000.0,"['152 m²', '6 Pièces', '3 Chambres', '2 Salles de bains', 'Bon état']",5,152.0,6.0,3.0,2.0,Bon état,3.0,15
Villas & maisons de luxe Casablanca,Ain Diab à Casablanca,33.56170473792227,-7.630379283521052,UNIQUE AFFAIRE! Villa sur Ain Diab (A RASER)!!,6800000.0,"['395 m²', '8 Pièces', '4 Chambres', '3 Salles de bains', 'À rénover', '20-30 ans']",6,395.0,8.0,4.0,3.0,À rénover,3.0,25
Villas & maisons de luxe Casablanca,Ain Diab à Casablanca,33.58630932470067,-7.671375274658203,BON DEAL! Villa sur route D'azemmour! (A RASER)!,6100000.0,"['370 m²', '9 Pièces', '4 Chambres', '3 Salles de bains', 'À rénover', '10-20 ans']",6,370.0,9.0,4.0,3.0,À rénover,3.0,15
Villas & maisons de luxe Casablanca,Ain Diab à Casablanca,33.56170473792227,-7.630379283521052,Bonne affaire! superbe villa residence fermee Ain Diab!,8500000.0,"['479 m²', '8 Pièces', '4 Chambres', '2 Salles de bains', 'Bon état', '10-20 ans']",6,479.0,8.0,4.0,2.0,Bon état,3.0,15
Appartements Casablanca,Racine à Casablanca,33.592458238962855,-7.648158073425293,"GOOD DEAL!! Sublime appart ""MEUBLE"" en plein Racine!",3850000.0,"['167 m²', '7 Pièces', '3 Chambres', '2 Salles de bains', 'Bon état', '10-20 ans', '2ème étage']",7,167.0,7.0,3.0,2.0,Bon état,2.0,15
Villas & maisons de luxe Casablanca,Ain Diab à Casablanca,33.56170473792227,-7.630379283521052,Belle Villa en vente - résidence fermée (Ain Diab)!!,7800000.0,"['350 m²', '8 Pièces', '4 Chambres', '2 Salles de bains', 'Bon état', '10-20 ans']",6,350.0,8.0,4.0,2.0,Bon état,3.0,15
Villas & maisons de luxe Casablanca,Ain Diab à Casablanca,33.58630932470067,-7.671375274658203,Triplex A RENOVER dans residence sur Ain Diab!!,7200000.0,"['340 m²', '8 Pièces', '4 Chambres', '2 Salles de bains', 'À rénover', '20-30 ans']",6,340.0,8.0,4.0,2.0,À rénover,3.0,25
Villas & maisons de luxe Casablanca,Ain Diab à Casablanca,33.58630932470067,-7.671375274658203,Villa A RENOVER! - Ain Diab avec vue sur lac + ocean!!,8000000.0,"['450 m²', '10 Pièces', '5 Chambres', '3 Salles de bains', 'À rénover', '20-30 ans']",6,450.0,10.0,5.0,3.0,À rénover,3.0,25
Appartements Casablanca,Oulfa à Casablanca,32.34023266790936,-7.437744140625,Appartement de moyen standing de 61 m² Khouzama,570000.0,"['61 m²', '3 Pièces', '2 Chambres', '1 Salle de bain', 'Bon état', '10-20 ans', '2ème étage']",7,61.0,3.0,2.0,1.0,Bon état,2.0,15
Appartements Casablanca,La Gironde à Casablanca,33.58505803848486,-7.601637840270996,Bel appartement à vendre à La Gironde. 2 belles chambres. Ascenseur et stationnement,808500.0,"['77 m²', '3 Pièces', '2 Chambres', '1 Salle de bain', 'Bon état']",5,77.0,3.0,2.0,1.0,Bon état,3.0,15
Appartements Casablanca,Ain Diab à Casablanca,33.582734173084866,-7.675838470458984,Apparetement a vendre exceptionnel ain diab,4200000.0,"['166 m²', '5 Pièces', '3 Chambres', '2 Salles de bains', 'Bon état', '5-10 ans']",6,166.0,5.0,3.0,2.0,Bon état,3.0,7
Appartements Casablanca,Palmier à Casablanca,33.580946541729524,-7.629060745239258,Appartement de 268 m² a vendre à palmier,3980000.0,"['268 m²', '7 Pièces', '3 Chambres', '2 Salles de bains', 'Nouveau', '5-10 ans']",6,268.0,7.0,3.0,2.0,Nouveau,3.0,7
Appartements Casablanca,Bourgogne Est à Casablanca,33.59424563181959,-7.610692977905273,Bel appartement a la vente avec terrasse a bourgogne,2750000.0,"['216 m²', '4 Pièces', '2 Chambres', '2 Salles de bains', 'À rénover']",5,216.0,4.0,2.0,2.0,À rénover,3.0,15
Appartements Casablanca,Palmier à Casablanca,33.56170473792227,-7.630379283521052,Vente appartement au quartier PALMIER,1800000.0,"['134 m²', '6 Pièces', '3 Chambres', '2 Salles de bains', 'Nouveau', '5-10 ans']",6,134.0,6.0,3.0,2.0,Nouveau,3.0,7
Appartements Casablanca,Les princesses à Casablanca,33.56170473792227,-7.630379283521052,Appartement de 181m² en vente MAYFAIR RÉSIDENCE,2390000.0,"['181 m²', '4 Pièces', '3 Chambres', '3 Salles de bains', 'Nouveau', ""Moins d'un an""]",6,181.0,4.0,3.0,3.0,Nouveau,3.0,0
Appartements Casablanca,Hermitage à Casablanca,33.56819965695728,-7.623234987258797,Appartement de 83m² en vente Résidence Studio 31,1701080.0,"['83 m²', '2 Pièces', '1 Chambre', '2 Salles de bains', '4ème étage']",5,83.0,2.0,1.0,2.0,Bon état,4.0,15
Appartements Casablanca,Aïn Sebaâ à Casablanca,33.56170473792227,-7.630379283521052,appartement neuf 57 m2 ain sebaa,655500.0,"['57 m²', '3 Pièces', '2 Chambres', '2 Salles de bains', 'Nouveau', ""Moins d'un an"", '2ème étage']",7,57.0,3.0,2.0,2.0,Nouveau,2.0,0
Appartements Casablanca,Oulfa à Casablanca,33.56643233607686,-7.676782714719138,"Appartement de 84m² en vente, Résidence Le Dôme de Marjane",1052000.0,"['84 m²', '3 Pièces', '2 Chambres', '2 Salles de bains']",4,84.0,3.0,2.0,2.306532663316583,Bon état,3.0,15
Appartements Casablanca,Ferme Bretonne (Hay Arraha) à Casablanca,33.56170473792227,-7.630379283521052,Appartement de 130m² en vente Résidence Zeralda,2160000.0,"['130 m²', '3 Pièces', '2 Chambres', '3 Salles de bains', 'Nouveau', '1-5 ans', '3ème étage']",7,130.0,3.0,2.0,3.0,Nouveau,3.0,3
Appartements Casablanca,Hay Moulay Rachid 1 à Casablanca,33.56170473792227,-7.630379283521052,Appartement de 86m² en vente Résidence la Forêt,4558824.761494253,"['86 m²', '3 Pièces', '2 Chambres', '1 Salle de bain', 'Nouveau']",5,86.0,3.0,2.0,1.0,Nouveau,3.0,15
Appartements Casablanca,Oasis à Casablanca,33.55383257394156,-7.633749246597205,Appartement de 107m² en vente Résidence Le Mirage,1979500.0,"['107 m²', '3 Pièces', '2 Chambres', 'Nouveau', '1er étage']",6,107.0,3.0,2.0,2.306532663316583,Nouveau,1.0,15
Appartements Casablanca,Californie à Casablanca,33.56170473792227,-7.630379283521052,Appartement au RDC de 107m² 3 chambres salon à Jnane Californie,1445000.0,"['107 m²', '4 Pièces', '3 Chambres', '2 Salles de bains', 'Nouveau', ""Moins d'un an""]",6,107.0,4.0,3.0,2.0,Nouveau,3.0,0
Appartements Casablanca,Bourgogne Est à Casablanca,33.59424563181959,-7.610692977905273,Bel appartement a la vente avec terrasse a bourgogne,2750000.0,"['216 m²', '4 Pièces', '2 Chambres', '2 Salles de bains', 'À rénover']",5,216.0,4.0,2.0,2.0,À rénover,3.0,15
Appartements Casablanca,Palmier à Casablanca,33.580946541729524,-7.629060745239258,Vente appartement au quartier PALMIER,1800000.0,"['134 m²', '6 Pièces', '3 Chambres', '2 Salles de bains', 'Nouveau', '5-10 ans']",6,134.0,6.0,3.0,2.0,Nouveau,3.0,7
Appartements Casablanca,Racine à Casablanca,33.600331002837166,-7.644757541316324,Appart 3 chambres RACINE,2600000.0,"['130 m²', '4 Pièces', '3 Chambres', '3 Salles de bains', 'Bon état', '5-10 ans', '3ème étage']",7,130.0,4.0,3.0,3.0,Bon état,3.0,7
Appartements Casablanca,Racine à Casablanca,33.56170473792227,-7.630379283521052,Racine Abdellatif Ben kadour vente appartement trois chambres,2600000.0,"['140 m²', '5 Pièces', '3 Chambres', '3 Salles de bains', 'Bon état', '10-20 ans', '2ème étage']",7,140.0,5.0,3.0,3.0,Bon état,2.0,15
Appartements Casablanca,Les Hôpitaux à Casablanca,33.56170473792227,-7.630379283521052,Appartement a vendre,4558824.761494253,"['235 m²', '5 Pièces', '4 Chambres', '3 Salles de bains', 'Bon état', '10-20 ans', '1er étage']",7,235.0,5.0,4.0,3.0,Bon état,1.0,15
Villas & maisons de luxe Casablanca,Sidi Maarouf à Casablanca,33.56170473792227,-7.630379283521052,Villa de luxe à vendre à Casablanca. 6 pièces confortables. Belle terrasse et jardin.,7100000.0,"['310 m²', '6 Pièces', '4 Chambres', '3 Salles de bains', 'Bon état', '5-10 ans']",6,310.0,6.0,4.0,3.0,Bon état,3.0,7
Villas & maisons de luxe Casablanca,Californie à Casablanca,33.53595755299843,-7.625627517700195,"Villa à vendre, Californie",16500000.0,"['1260 m²', '10 Pièces', '4 Chambres', '4 Salles de bains', 'Bon état']",5,1260.0,10.0,4.0,4.0,Bon état,3.0,15
Villas & maisons de luxe Casablanca,Laymoune à Casablanca,33.56170473792227,-7.630379283521052,Villa en 3 niveaux à Casablanca Laymoune,6000000.0,"['401 m²', '8 Pièces', '6 Chambres', '3 Salles de bains', 'Bon état', '5-10 ans']",6,401.0,8.0,6.0,3.0,Bon état,3.0,7
Appartements Casablanca,Casablanca,33.56170473792227,-7.630379283521052,Belle adresse,3600000.0,"['174 m²', '3 Chambres', '2 Salles de bains']",4,174.0,4.682934712346477,3.0,2.306532663316583,Bon état,3.0,15
Appartements Casablanca,Gauthier à Casablanca,33.58891909184207,-7.628674507141113,Terrasse vue exceptionnel / duplex rare,5500000.0,"['275 m²', '3 Chambres', '3 Salles de bains', '9ème étage']",5,275.0,4.682934712346477,3.0,3.0,Bon état,9.0,15
Villas & maisons de luxe Casablanca,Ain Diab à Casablanca,33.58630932470067,-7.671375274658203,Villa vente ain diab piscine,8000000.0,"['470 m²', '4 Chambres', '3 Salles de bains', 'Bon état']",5,470.0,4.682934712346477,4.0,3.0,Bon état,3.0,15
Appartements Casablanca,Triangle d'Or à Casablanca,33.582734173084866,-7.675838470458984,Belle adresse,3500000.0,"['198 m²', '5 Pièces', '3 Chambres', '2 Salles de bains']",4,198.0,5.0,3.0,2.306532663316583,Bon état,3.0,15
Villas & maisons de luxe Casablanca,Polo à Casablanca,32.34023266790936,-7.437744140625,Villa opportunités à saisir,9000000.0,"['919 m²', '4 Pièces', '4 Chambres', '4 Salles de bains', 'À rénover', '30-50 ans']",6,919.0,4.0,4.0,4.0,À rénover,3.0,40
Appartements Casablanca,Val Fleury à Casablanca,33.56170473792227,-7.630379283521052,Appartement récemment rénové de 100 m2 à Val Fleur,1380000.0,"['100 m²', '3 Pièces', '2 Chambres', '2 Salles de bains', 'Bon état', '10-20 ans', '2ème étage']",7,100.0,3.0,2.0,2.0,Bon état,2.0,15
Appartements Casablanca,Gauthier à Casablanca,33.56170473792227,-7.630379283521052,Triplex au dernier étage au quartier Gauthier avec terrasse,5800000.0,"['562 m²', '10 Pièces', '5 Chambres', '5 Salles de bains', 'Bon état', '5-10 ans', '6ème étage']",7,562.0,10.0,5.0,5.0,Bon état,6.0,7
Appartements Casablanca,Palmier à Casablanca,33.56170473792227,-7.630379283521052,Duplex en dernier étage sans vis avis quartier palmier,4200000.0,"['279 m²', '4 Pièces', '3 Chambres', '3 Salles de bains', 'Bon état', '5-10 ans', '6ème étage']",7,279.0,4.0,3.0,3.0,Bon état,6.0,7
Villas & maisons de luxe Casablanca,Sidi Maarouf à Casablanca,33.51821300640254,-7.644338607788086,Villa d'angle commerciale proche moustakbal,7000000.0,"['380 m²', '10 Pièces', '5 Chambres', '7 Salles de bains', 'Nouveau']",5,380.0,10.0,5.0,7.0,Nouveau,3.0,15
Villas & maisons de luxe Casablanca,CIL (Hay Salam) à Casablanca,33.57243690885356,-7.657556533813477,Villa d'angle commerciale au cil,9500000.0,"['440 m²', '7 Pièces', '6 Chambres', '6 Salles de bains', 'Nouveau']",5,440.0,7.0,6.0,6.0,Nouveau,3.0,15
Villas & maisons de luxe Casablanca,CIL (Hay Salam) à Casablanca,33.56170473792227,-7.630379283521052,OPPORTUNITE !! Vente Villa à Démolir Quartier CIL,8700000.0,"['570 m²', '2 Pièces', '1 Chambre', '1 Salle de bain', 'À rénover', '10-20 ans']",6,570.0,2.0,1.0,1.0,À rénover,3.0,15
Villas & maisons de luxe Casablanca,Anfa Supérieur à Casablanca,33.56170473792227,-7.630379283521052,Impasse calme a anfa superieur 1300m,34000000.0,"['1300 m²', '7 Pièces', '6 Chambres', '5 Salles de bains', 'À rénover']",5,1300.0,7.0,6.0,5.0,À rénover,3.0,15
Villas & maisons de luxe Casablanca,Anfa Supérieur à Casablanca,33.56170473792227,-7.630379283521052,Villa a raser anfa superieur,4558824.761494253,"['2300 m²', '10 Pièces', '6 Chambres', '6 Salles de bains', 'À rénover']",5,2300.0,10.0,6.0,6.0,À rénover,3.0,15
Maisons Casablanca,Sidi Maarouf à Casablanca,33.56170473792227,-7.630379283521052,Maison à vendre de 120 m² sur sidi maarouf,3500000.0,"['120 m²', '4 Pièces', '4 Chambres', '2 Salles de bains', 'Bon état']",5,120.0,4.0,4.0,2.0,Bon état,3.0,15
Appartements Casablanca,Hay Alamal à Casablanca,33.57155702436198,-7.596145366075149,Appartement pour famille,4558824.761494253,"['52 m²', '3 Pièces', '2 Chambres', '1 Salle de bain', 'Bon état', '1-5 ans']",6,52.0,3.0,2.0,1.0,Bon état,3.0,3
Appartements Casablanca,Racine à Casablanca,33.592458238962855,-7.648158073425293,Appartement à louer à racine,10000.0,"['200 m²', '4 Pièces', '3 Chambres', '3 Salles de bains', 'Bon état']",5,200.0,4.0,3.0,3.0,Bon état,3.0,15
Maisons Casablanca,Hay Hassani à Casablanca,33.57276429166677,-7.681702237968523,"Trouvez votre maison à acheter à Hay Hassani. 6 pièces confortables. Porte blindée, antenne parabolique.",1500000.0,"['85 m²', '6 Pièces', '6 Chambres', '3 Salles de bains', 'Bon état', '20-30 ans']",6,85.0,6.0,6.0,3.0,Bon état,3.0,25
Appartements Casablanca,Les princesses à Casablanca,33.56170473792227,-7.630379283521052,Appartement de 181m² en vente MAYFAIR RÉSIDENCE,2390000.0,"['181 m²', '4 Pièces', '3 Chambres', '3 Salles de bains', 'Nouveau', ""Moins d'un an""]",6,181.0,4.0,3.0,3.0,Nouveau,3.0,0
Appartements Casablanca,Hermitage à Casablanca,33.56819965695728,-7.623234987258797,Appartement de 83m² en vente Résidence Studio 31,1701080.0,"['83 m²', '2 Pièces', '1 Chambre', '2 Salles de bains', '4ème étage']",5,83.0,2.0,1.0,2.0,Bon état,4.0,15
Appartements Casablanca,Aïn Sebaâ à Casablanca,33.611688641154686,-7.538852691650391,appartement neuf 57 m2 ain sebaa,655500.0,"['57 m²', '3 Pièces', '2 Chambres', '2 Salles de bains', 'Nouveau', ""Moins d'un an"", '2ème étage']",7,57.0,3.0,2.0,2.0,Nouveau,2.0,0
Appartements Casablanca,Oulfa à Casablanca,33.56643233607686,-7.676782714719138,"Appartement de 84m² en vente, Résidence Le Dôme de Marjane",1052000.0,"['84 m²', '3 Pièces', '2 Chambres', '2 Salles de bains']",4,84.0,3.0,2.0,2.306532663316583,Bon état,3.0,15
Appartements Casablanca,Ferme Bretonne (Hay Arraha) à Casablanca,33.56170473792227,-7.630379283521052,Appartement de 130m² en vente Résidence Zeralda,2160000.0,"['130 m²', '3 Pièces', '2 Chambres', '3 Salles de bains', 'Nouveau', '1-5 ans', '3ème étage']",7,130.0,3.0,2.0,3.0,Nouveau,3.0,3
Appartements Casablanca,Hay Moulay Rachid 1 à Casablanca,33.56170473792227,-7.630379283521052,Appartement de 86m² en vente Résidence la Forêt,4558824.761494253,"['86 m²', '3 Pièces', '2 Chambres', '1 Salle de bain', 'Nouveau']",5,86.0,3.0,2.0,1.0,Nouveau,3.0,15
Appartements Casablanca,Oasis à Casablanca,33.55383257394156,-7.633749246597205,Appartement de 107m² en vente Résidence Le Mirage,1979500.0,"['107 m²', '3 Pièces', '2 Chambres', 'Nouveau', '1er étage']",6,107.0,3.0,2.0,2.306532663316583,Nouveau,1.0,15
Appartements Casablanca,Californie à Casablanca,33.56170473792227,-7.630379283521052,Appartement au RDC de 107m² 3 chambres salon à Jnane Californie,1445000.0,"['107 m²', '4 Pièces', '3 Chambres', '2 Salles de bains', 'Nouveau', ""Moins d'un an""]",6,107.0,4.0,3.0,2.0,Nouveau,3.0,0
Appartements Casablanca,Bourgogne Est à Casablanca,33.59424563181959,-7.610692977905273,Bel appartement a la vente avec terrasse a bourgogne,2750000.0,"['216 m²', '4 Pièces', '2 Chambres', '2 Salles de bains', 'À rénover']",5,216.0,4.0,2.0,2.0,À rénover,3.0,15
Appartements Casablanca,Palmier à Casablanca,33.56170473792227,-7.630379283521052,Vente appartement au quartier PALMIER,1800000.0,"['134 m²', '6 Pièces', '3 Chambres', '2 Salles de bains', 'Nouveau', '5-10 ans']",6,134.0,6.0,3.0,2.0,Nouveau,3.0,7
Appartements Casablanca,Racine à Casablanca,33.600331002837166,-7.644757541316324,Appart 3 chambres RACINE,2600000.0,"['130 m²', '4 Pièces', '3 Chambres', '3 Salles de bains', 'Bon état', '5-10 ans', '3ème étage']",7,130.0,4.0,3.0,3.0,Bon état,3.0,7
Appartements Casablanca,Racine à Casablanca,33.592458238962855,-7.648158073425293,Racine Abdellatif Ben kadour vente appartement trois chambres,2600000.0,"['140 m²', '5 Pièces', '3 Chambres', '3 Salles de bains', 'Bon état', '10-20 ans', '2ème étage']",7,140.0,5.0,3.0,3.0,Bon état,2.0,15
Appartements Casablanca,Les Hôpitaux à Casablanca,33.56170473792227,-7.630379283521052,Appartement a vendre,4558824.761494253,"['235 m²', '5 Pièces', '4 Chambres', '3 Salles de bains', 'Bon état', '10-20 ans', '1er étage']",7,235.0,5.0,4.0,3.0,Bon état,1.0,15
Villas & maisons de luxe Casablanca,Sidi Maarouf à Casablanca,33.56170473792227,-7.630379283521052,Villa de luxe à vendre à Casablanca. 6 pièces confortables. Belle terrasse et jardin.,7100000.0,"['310 m²', '6 Pièces', '4 Chambres', '3 Salles de bains', 'Bon état', '5-10 ans']",6,310.0,6.0,4.0,3.0,Bon état,3.0,7
Villas & maisons de luxe Casablanca,Californie à Casablanca,33.53595755299843,-7.625627517700195,"Villa à vendre, Californie",16500000.0,"['1260 m²', '10 Pièces', '4 Chambres', '4 Salles de bains', 'Bon état']",5,1260.0,10.0,4.0,4.0,Bon état,3.0,15
Villas & maisons de luxe Casablanca,Laymoune à Casablanca,33.56170473792227,-7.630379283521052,Villa en 3 niveaux à Casablanca Laymoune,6000000.0,"['401 m²', '8 Pièces', '6 Chambres', '3 Salles de bains', 'Bon état', '5-10 ans']",6,401.0,8.0,6.0,3.0,Bon état,3.0,7
Appartements Casablanca,Casablanca,33.57601248704883,-7.603912353515625,Belle adresse,3600000.0,"['174 m²', '3 Chambres', '2 Salles de bains']",4,174.0,4.682934712346477,3.0,2.306532663316583,Bon état,3.0,15
Appartements Casablanca,Gauthier à Casablanca,33.58891909184207,-7.628674507141113,Terrasse vue exceptionnel / duplex rare,5500000.0,"['275 m²', '3 Chambres', '3 Salles de bains', '9ème étage']",5,275.0,4.682934712346477,3.0,3.0,Bon état,9.0,15
Villas & maisons de luxe Casablanca,Ain Diab à Casablanca,33.56170473792227,-7.630379283521052,Villa vente ain diab piscine,8000000.0,"['470 m²', '4 Chambres', '3 Salles de bains', 'Bon état']",5,470.0,4.682934712346477,4.0,3.0,Bon état,3.0,15
Appartements Casablanca,Triangle d'Or à Casablanca,33.56170473792227,-7.630379283521052,Belle adresse,3500000.0,"['198 m²', '5 Pièces', '3 Chambres', '2 Salles de bains']",4,198.0,5.0,3.0,2.306532663316583,Bon état,3.0,15
Villas & maisons de luxe Casablanca,Polo à Casablanca,32.34023266790936,-7.437744140625,Villa opportunités à saisir,9000000.0,"['919 m²', '4 Pièces', '4 Chambres', '4 Salles de bains', 'À rénover', '30-50 ans']",6,919.0,4.0,4.0,4.0,À rénover,3.0,40
Appartements Casablanca,Val Fleury à Casablanca,33.57519011717882,-7.636785507202148,Appartement récemment rénové de 100 m2 à Val Fleur,1380000.0,"['100 m²', '3 Pièces', '2 Chambres', '2 Salles de bains', 'Bon état', '10-20 ans', '2ème étage']",7,100.0,3.0,2.0,2.0,Bon état,2.0,15
Appartements Casablanca,Gauthier à Casablanca,33.58891909184207,-7.628674507141113,Triplex au dernier étage au quartier Gauthier avec terrasse,5800000.0,"['562 m²', '10 Pièces', '5 Chambres', '5 Salles de bains', 'Bon état', '5-10 ans', '6ème étage']",7,562.0,10.0,5.0,5.0,Bon état,6.0,7
Appartements Casablanca,Palmier à Casablanca,33.580946541729524,-7.629060745239258,Duplex en dernier étage sans vis avis quartier palmier,4200000.0,"['279 m²', '4 Pièces', '3 Chambres', '3 Salles de bains', 'Bon état', '5-10 ans', '6ème étage']",7,279.0,4.0,3.0,3.0,Bon état,6.0,7
Villas & maisons de luxe Casablanca,Sidi Maarouf à Casablanca,33.51821300640254,-7.644338607788086,Villa d'angle commerciale proche moustakbal,7000000.0,"['380 m²', '10 Pièces', '5 Chambres', '7 Salles de bains', 'Nouveau']",5,380.0,10.0,5.0,7.0,Nouveau,3.0,15
Villas & maisons de luxe Casablanca,CIL (Hay Salam) à Casablanca,33.57243690885356,-7.657556533813477,Villa d'angle commerciale au cil,9500000.0,"['440 m²', '7 Pièces', '6 Chambres', '6 Salles de bains', 'Nouveau']",5,440.0,7.0,6.0,6.0,Nouveau,3.0,15
Villas & maisons de luxe Casablanca,CIL (Hay Salam) à Casablanca,33.57243690885356,-7.657556533813477,OPPORTUNITE !! Vente Villa à Démolir Quartier CIL,8700000.0,"['570 m²', '2 Pièces', '1 Chambre', '1 Salle de bain', 'À rénover', '10-20 ans']",6,570.0,2.0,1.0,1.0,À rénover,3.0,15
Villas & maisons de luxe Casablanca,Anfa Supérieur à Casablanca,33.56170473792227,-7.630379283521052,Impasse calme a anfa superieur 1300m,34000000.0,"['1300 m²', '7 Pièces', '6 Chambres', '5 Salles de bains', 'À rénover']",5,1300.0,7.0,6.0,5.0,À rénover,3.0,15
Villas & maisons de luxe Casablanca,Anfa Supérieur à Casablanca,33.588597343995104,-7.66047477722168,Villa a raser anfa superieur,4558824.761494253,"['2300 m²', '10 Pièces', '6 Chambres', '6 Salles de bains', 'À rénover']",5,2300.0,10.0,6.0,6.0,À rénover,3.0,15
Maisons Casablanca,Sidi Maarouf à Casablanca,33.56170473792227,-7.630379283521052,Maison à vendre de 120 m² sur sidi maarouf,3500000.0,"['120 m²', '4 Pièces', '4 Chambres', '2 Salles de bains', 'Bon état']",5,120.0,4.0,4.0,2.0,Bon état,3.0,15
Appartements Casablanca,Hay Alamal à Casablanca,33.57155702436198,-7.596145366075149,Appartement pour famille,4558824.761494253,"['52 m²', '3 Pièces', '2 Chambres', '1 Salle de bain', 'Bon état', '1-5 ans']",6,52.0,3.0,2.0,1.0,Bon état,3.0,3
Appartements Casablanca,Racine à Casablanca,33.592458238962855,-7.648158073425293,Appartement à louer à racine,10000.0,"['200 m²', '4 Pièces', '3 Chambres', '3 Salles de bains', 'Bon état']",5,200.0,4.0,3.0,3.0,Bon état,3.0,15
Maisons Casablanca,Hay Hassani à Casablanca,33.57276429166677,-7.681702237968523,"Trouvez votre maison à acheter à Hay Hassani. 6 pièces confortables. Porte blindée, antenne parabolique.",1500000.0,"['85 m²', '6 Pièces', '6 Chambres', '3 Salles de bains', 'Bon état', '20-30 ans']",6,85.0,6.0,6.0,3.0,Bon état,3.0,25
Maisons Casablanca,Sidi Maarouf à Casablanca,33.51821300640254,-7.644338607788086,Maison R+2,4600000.0,"['120 m²', '7 Pièces', '5 Chambres', '2 Salles de bains', 'Bon état', '10-20 ans']",6,120.0,7.0,5.0,2.0,Bon état,3.0,15
Appartements Casablanca,Gauthier à Casablanca,33.58891909184207,-7.628674507141113,Dernier etage penthouse,4500000.0,"['550 m²', '6 Pièces', '4 Chambres', '3 Salles de bains']",4,550.0,6.0,4.0,2.306532663316583,Bon état,3.0,15
Villas & maisons de luxe Casablanca,Anfa à Casablanca,33.596175974504256,-7.657470703125,Emplacement premium vue mer,23750000.0,"['1250 m²', '5 Chambres', '3 Salles de bains']",4,1250.0,4.682934712346477,5.0,2.306532663316583,Bon état,3.0,15
Villas & maisons de luxe Casablanca,Casablanca,33.56170473792227,-7.630379283521052,Villa cil centre,9200000.0,"['490 m²', '5 Pièces', '5 Chambres', '4 Salles de bains']",4,490.0,5.0,5.0,2.306532663316583,Bon état,3.0,15
Villas & maisons de luxe Casablanca,Casablanca,33.56170473792227,-7.630379283521052,Villa cil a usage professionnelle,9200000.0,"['490 m²', '6 Pièces', '5 Chambres', '4 Salles de bains']",4,490.0,6.0,5.0,2.306532663316583,Bon état,3.0,15
Appartements Casablanca,Racine Extension à Casablanca,33.56170473792227,-7.630379283521052,"Appartement 234 m² à vendre, Racine Extension, Casa",5000000.0,"['234 m²', '5 Pièces', '4 Chambres', '2 Salles de bains', 'Bon état', '5ème étage']",6,234.0,5.0,4.0,2.0,Bon état,5.0,15
Appartements Casablanca,Bourgogne Ouest à Casablanca,33.56170473792227,-7.630379283521052,Studio refait à neuf en vente a bourgogne,950000.0,"['50 m²', '2 Pièces', '1 Chambre', '1 Salle de bain', 'Bon état', '5-10 ans', '5ème étage']",7,50.0,2.0,1.0,1.0,Bon état,5.0,7
Appartements Casablanca,Belvédère à Casablanca,33.56170473792227,-7.630379283521052,Opportunité à saisir: Vend appartement à belvédère,1100000.0,"['111 m²', '3 Pièces', '2 Chambres', '2 Salles de bains', 'Bon état', '10-20 ans', '5ème étage']",7,111.0,3.0,2.0,2.0,Bon état,5.0,15
Appartements Casablanca,Beauséjour à Casablanca,33.57056343735834,-7.646452735346571,Appartement en vente sur ghaindi,2200000.0,"['155 m²', '4 Pièces', '2 Chambres', '2 Salles de bains', 'Bon état', '5-10 ans', '3ème étage']",7,155.0,4.0,2.0,2.0,Bon état,3.0,7
Villas & maisons de luxe Casablanca,Sidi Maarouf à Casablanca,33.51821300640254,-7.644338607788086,Hay nassim2 sidi maarouf vente villa terrasse jard,3600000.0,"['260 m²', '5 Pièces', '4 Chambres', '2 Salles de bains', 'Bon état']",5,260.0,5.0,4.0,2.0,Bon état,3.0,15
Villas & maisons de luxe Casablanca,Polo à Casablanca,33.56170473792227,-7.630379283521052,Vente villa Polo Casablanca,6800000.0,"['762 m²', '8 Pièces', '6 Chambres']",4,762.0,8.0,2.9211172498465316,2.306532663316583,Bon état,3.0,15
Appartements Casablanca,Franceville à Casablanca,33.56170473792227,-7.630379283521052,Vente appt à franceville casablanca,2000000.0,"['140 m²', '3 Pièces', '2 Chambres', '1 Salle de bain', '5ème étage']",5,140.0,3.0,2.0,1.0,Bon état,5.0,15
Villas & maisons de luxe Casablanca,Polo à Casablanca,33.55884836108079,-7.617988586425781,Vente villa polo casablanca,8000000.0,"['799 m²', '7 Pièces', '4 Chambres', '2 Salles de bains']",4,799.0,7.0,4.0,2.306532663316583,Bon état,3.0,15
Villas & maisons de luxe Casablanca,Longchamps (Hay Al Hanâa) à Casablanca,33.56170473792227,-7.630379283521052,Vente villa longchamps casablanca,11000000.0,"['600 m²', '7 Pièces', '4 Chambres', '2 Salles de bains']",4,600.0,7.0,4.0,2.306532663316583,Bon état,3.0,15
Villas & maisons de luxe Casablanca,Polo à Casablanca,33.55884836108079,-7.617988586425781,Vente villa à Polo,17000000.0,"['1700 m²', '8 Pièces', '7 Chambres']",4,1700.0,8.0,2.9211172498465316,2.306532663316583,Bon état,3.0,15
Villas & maisons de luxe Casablanca,Casablanca,33.56170473792227,-7.630379283521052,Vente villa chantilly,22750000.0,"['1750 m²', '8 Pièces', '5 Chambres', '2 Salles de bains']",4,1750.0,8.0,5.0,2.306532663316583,Bon état,3.0,15
Villas & maisons de luxe Casablanca,Ain Diab à Casablanca,33.58630932470067,-7.671375274658203,Vente villa ain diab,8000000.0,"['390 m²', '6 Pièces', '4 Chambres', '2 Salles de bains']",4,390.0,6.0,4.0,2.306532663316583,Bon état,3.0,15
Villas & maisons de luxe Casablanca,CIL (Hay Salam) à Casablanca,33.57243690885356,-7.657556533813477,Vente villa au Cil,7950000.0,"['450 m²', '7 Pièces', '5 Chambres']",4,450.0,7.0,2.9211172498465316,2.306532663316583,Bon état,3.0,15
Appartements Casablanca,Casablanca,33.56170473792227,-7.630379283521052,Vente appt vide 2Mars,1820000.0,"['160 m²', '5 Pièces', '3 Chambres', '2 Salles de bains']",4,160.0,5.0,3.0,2.306532663316583,Bon état,3.0,15
Appartements Casablanca,Casablanca,33.57601248704883,-7.603912353515625,Vnte appt ghandi,1600000.0,"['87 m²', '3 Pièces', '2 Chambres']",4,87.0,3.0,2.9211172498465316,2.306532663316583,Bon état,3.0,15
Appartements Casablanca,Oasis à Casablanca,33.56170473792227,-7.630379283521052,Vente appt oasis casablanca,2600000.0,"['128 m²', '5 Pièces', '3 Chambres', '2 Salles de bains']",4,128.0,5.0,3.0,2.306532663316583,Bon état,3.0,15
Villas & maisons de luxe Casablanca,Casablanca,33.57601248704883,-7.603912353515625,Vente villa Route 'Azemour,7500000.0,"['325 m²', '6 Pièces', '3 Chambres']",4,325.0,6.0,2.9211172498465316,2.306532663316583,Bon état,3.0,15
Appartements Casablanca,Casablanca,33.56170473792227,-7.630379283521052,Vente appt abdelmoulmen,2800000.0,"['243 m²', '5 Pièces', '3 Chambres']",4,243.0,5.0,2.9211172498465316,2.306532663316583,Bon état,3.0,15
Appartements Casablanca,Triangle d'Or à Casablanca,33.56170473792227,-7.630379283521052,"Vente appt à triangle d, 'or casablanca",4700000.0,"['212 m²', '6 Pièces', '3 Chambres']",4,212.0,6.0,2.9211172498465316,2.306532663316583,Bon état,3.0,15
Appartements Casablanca,Oulfa à Casablanca,33.55627344791359,-7.67918586730957,Vente appartement à Oulfa,690000.0,"['62 m²', '3 Pièces', '2 Chambres', '1 Salle de bain']",4,62.0,3.0,2.0,2.306532663316583,Bon état,3.0,15
Villas & maisons de luxe Casablanca,CIL (Hay Salam) à Casablanca,33.57243690885356,-7.657556533813477,Vente villa cil,4800000.0,"['399 m²', '5 Pièces', '3 Chambres']",4,399.0,5.0,2.9211172498465316,2.306532663316583,Bon état,3.0,15
Appartements Casablanca,Casablanca,33.56170473792227,-7.630379283521052,Vente appt vide bourgogne,1250000.0,"['93 m²', '3 Pièces', '2 Chambres', '1 Salle de bain']",4,93.0,3.0,2.0,2.306532663316583,Bon état,3.0,15
Appartements Casablanca,Centre Ville à Casablanca,33.59485333695376,-7.61876106262207,Vente appt au centre ville,3268000.0,"['260 m²', '6 Pièces', '3 Chambres', '2 Salles de bains']",4,260.0,6.0,3.0,2.306532663316583,Bon état,3.0,15
Appartements Casablanca,Les princesses à Casablanca,33.56170473792227,-7.630379283521052,Vente appartement à Les Princesses,1900000.0,"['116 m²', '5 Pièces', '3 Chambres', '2 Salles de bains']",4,116.0,5.0,3.0,2.306532663316583,Bon état,3.0,15
Appartements Casablanca,Racine à Casablanca,33.56170473792227,-7.630379283521052,Vente appartement à Racine,3300000.0,"['204 m²', '5 Pièces', '3 Chambres', '2 Salles de bains']",4,204.0,5.0,3.0,2.306532663316583,Bon état,3.0,15
Appartements Casablanca,Racine à Casablanca,33.592458238962855,-7.648158073425293,Vente appt racine,3500000.0,"['155 m²', '6 Pièces', '3 Chambres', '2 Salles de bains']",4,155.0,6.0,3.0,2.306532663316583,Bon état,3.0,15
Appartements Casablanca,Racine à Casablanca,33.56170473792227,-7.630379283521052,Location studio meublé racine,1450000.0,"['55 m²', '2 Pièces', '1 Chambre', '1 Salle de bain']",4,55.0,2.0,1.0,2.306532663316583,Bon état,3.0,15
Appartements Casablanca,Bourgogne Ouest à Casablanca,33.56170473792227,-7.630379283521052,Vente appartement à Bourgogne,1400000.0,"['92 m²', '5 Pièces', '3 Chambres', '1 Salle de bain', '3ème étage']",5,92.0,5.0,3.0,1.0,Bon état,3.0,15
Maisons Casablanca,Sidi Maarouf à Casablanca,33.56170473792227,-7.630379283521052,Maison R+2,4600000.0,"['120 m²', '7 Pièces', '5 Chambres', '2 Salles de bains', 'Bon état', '10-20 ans']",6,120.0,7.0,5.0,2.0,Bon état,3.0,15
Appartements Casablanca,Gauthier à Casablanca,33.58891909184207,-7.628674507141113,Dernier etage penthouse,4500000.0,"['550 m²', '6 Pièces', '4 Chambres', '3 Salles de bains']",4,550.0,6.0,4.0,2.306532663316583,Bon état,3.0,15
Villas & maisons de luxe Casablanca,Anfa à Casablanca,33.596175974504256,-7.657470703125,Emplacement premium vue mer,23750000.0,"['1250 m²', '5 Chambres', '3 Salles de bains']",4,1250.0,4.682934712346477,5.0,2.306532663316583,Bon état,3.0,15
Villas & maisons de luxe Casablanca,Casablanca,33.56170473792227,-7.630379283521052,Villa cil centre,9200000.0,"['490 m²', '5 Pièces', '5 Chambres', '4 Salles de bains']",4,490.0,5.0,5.0,2.306532663316583,Bon état,3.0,15
Villas & maisons de luxe Casablanca,Casablanca,33.56170473792227,-7.630379283521052,Villa cil a usage professionnelle,9200000.0,"['490 m²', '6 Pièces', '5 Chambres', '4 Salles de bains']",4,490.0,6.0,5.0,2.306532663316583,Bon état,3.0,15
Appartements Casablanca,Racine Extension à Casablanca,33.56170473792227,-7.630379283521052,"Appartement 234 m² à vendre, Racine Extension, Casa",5000000.0,"['234 m²', '5 Pièces', '4 Chambres', '2 Salles de bains', 'Bon état', '5ème étage']",6,234.0,5.0,4.0,2.0,Bon état,5.0,15
Appartements Casablanca,Bourgogne Ouest à Casablanca,33.598304662993705,-7.644252777099609,Studio refait à neuf en vente a bourgogne,950000.0,"['50 m²', '2 Pièces', '1 Chambre', '1 Salle de bain', 'Bon état', '5-10 ans', '5ème étage']",7,50.0,2.0,1.0,1.0,Bon état,5.0,7
Appartements Casablanca,Belvédère à Casablanca,33.5895625839363,-7.59678840637207,Opportunité à saisir: Vend appartement à belvédère,1100000.0,"['111 m²', '3 Pièces', '2 Chambres', '2 Salles de bains', 'Bon état', '10-20 ans', '5ème étage']",7,111.0,3.0,2.0,2.0,Bon état,5.0,15
Appartements Casablanca,Beauséjour à Casablanca,33.57056343735834,-7.646452735346571,Appartement en vente sur ghaindi,2200000.0,"['155 m²', '4 Pièces', '2 Chambres', '2 Salles de bains', 'Bon état', '5-10 ans', '3ème étage']",7,155.0,4.0,2.0,2.0,Bon état,3.0,7
Villas & maisons de luxe Casablanca,Sidi Maarouf à Casablanca,33.56170473792227,-7.630379283521052,Hay nassim2 sidi maarouf vente villa terrasse jard,3600000.0,"['260 m²', '5 Pièces', '4 Chambres', '2 Salles de bains', 'Bon état']",5,260.0,5.0,4.0,2.0,Bon état,3.0,15
Villas & maisons de luxe Casablanca,Polo à Casablanca,33.56170473792227,-7.630379283521052,Vente villa Polo Casablanca,6800000.0,"['762 m²', '8 Pièces', '6 Chambres']",4,762.0,8.0,2.9211172498465316,2.306532663316583,Bon état,3.0,15
Appartements Casablanca,Franceville à Casablanca,33.56170473792227,-7.630379283521052,Vente appt à franceville casablanca,2000000.0,"['140 m²', '3 Pièces', '2 Chambres', '1 Salle de bain', '5ème étage']",5,140.0,3.0,2.0,1.0,Bon état,5.0,15
Villas & maisons de luxe Casablanca,Polo à Casablanca,33.56170473792227,-7.630379283521052,Vente villa polo casablanca,8000000.0,"['799 m²', '7 Pièces', '4 Chambres', '2 Salles de bains']",4,799.0,7.0,4.0,2.306532663316583,Bon état,3.0,15
Villas & maisons de luxe Casablanca,Longchamps (Hay Al Hanâa) à Casablanca,33.57751418572474,-7.664079666137695,Vente villa longchamps casablanca,11000000.0,"['600 m²', '7 Pièces', '4 Chambres', '2 Salles de bains']",4,600.0,7.0,4.0,2.306532663316583,Bon état,3.0,15
Villas & maisons de luxe Casablanca,Polo à Casablanca,33.56170473792227,-7.630379283521052,Vente villa à Polo,17000000.0,"['1700 m²', '8 Pièces', '7 Chambres']",4,1700.0,8.0,2.9211172498465316,2.306532663316583,Bon état,3.0,15
Villas & maisons de luxe Casablanca,Casablanca,33.56170473792227,-7.630379283521052,Vente villa chantilly,22750000.0,"['1750 m²', '8 Pièces', '5 Chambres', '2 Salles de bains']",4,1750.0,8.0,5.0,2.306532663316583,Bon état,3.0,15
Villas & maisons de luxe Casablanca,Ain Diab à Casablanca,33.58630932470067,-7.671375274658203,Vente villa ain diab,8000000.0,"['390 m²', '6 Pièces', '4 Chambres', '2 Salles de bains']",4,390.0,6.0,4.0,2.306532663316583,Bon état,3.0,15
Villas & maisons de luxe Casablanca,CIL (Hay Salam) à Casablanca,33.56170473792227,-7.630379283521052,Vente villa au Cil,7950000.0,"['450 m²', '7 Pièces', '5 Chambres']",4,450.0,7.0,2.9211172498465316,2.306532663316583,Bon état,3.0,15
Appartements Casablanca,Casablanca,33.56170473792227,-7.630379283521052,Vente appt vide 2Mars,1820000.0,"['160 m²', '5 Pièces', '3 Chambres', '2 Salles de bains']",4,160.0,5.0,3.0,2.306532663316583,Bon état,3.0,15
Appartements Casablanca,Casablanca,33.56170473792227,-7.630379283521052,Vnte appt ghandi,1600000.0,"['87 m²', '3 Pièces', '2 Chambres']",4,87.0,3.0,2.9211172498465316,2.306532663316583,Bon état,3.0,15
Appartements Casablanca,Oasis à Casablanca,33.56170473792227,-7.630379283521052,Vente appt oasis casablanca,2600000.0,"['128 m²', '5 Pièces', '3 Chambres', '2 Salles de bains']",4,128.0,5.0,3.0,2.306532663316583,Bon état,3.0,15
Villas & maisons de luxe Casablanca,Casablanca,33.56170473792227,-7.630379283521052,Vente villa Route 'Azemour,7500000.0,"['325 m²', '6 Pièces', '3 Chambres']",4,325.0,6.0,2.9211172498465316,2.306532663316583,Bon état,3.0,15
Appartements Casablanca,Casablanca,33.56170473792227,-7.630379283521052,Vente appt abdelmoulmen,2800000.0,"['243 m²', '5 Pièces', '3 Chambres']",4,243.0,5.0,2.9211172498465316,2.306532663316583,Bon état,3.0,15
Appartements Casablanca,Triangle d'Or à Casablanca,33.582734173084866,-7.675838470458984,"Vente appt à triangle d, 'or casablanca",4700000.0,"['212 m²', '6 Pièces', '3 Chambres']",4,212.0,6.0,2.9211172498465316,2.306532663316583,Bon état,3.0,15
Appartements Casablanca,Oulfa à Casablanca,33.55627344791359,-7.67918586730957,Vente appartement à Oulfa,690000.0,"['62 m²', '3 Pièces', '2 Chambres', '1 Salle de bain']",4,62.0,3.0,2.0,2.306532663316583,Bon état,3.0,15
Villas & maisons de luxe Casablanca,CIL (Hay Salam) à Casablanca,33.56170473792227,-7.630379283521052,Vente villa cil,4800000.0,"['399 m²', '5 Pièces', '3 Chambres']",4,399.0,5.0,2.9211172498465316,2.306532663316583,Bon état,3.0,15
Appartements Casablanca,Casablanca,33.56170473792227,-7.630379283521052,Vente appt vide bourgogne,1250000.0,"['93 m²', '3 Pièces', '2 Chambres', '1 Salle de bain']",4,93.0,3.0,2.0,2.306532663316583,Bon état,3.0,15
Appartements Casablanca,Centre Ville à Casablanca,33.59485333695376,-7.61876106262207,Vente appt au centre ville,3268000.0,"['260 m²', '6 Pièces', '3 Chambres', '2 Salles de bains']",4,260.0,6.0,3.0,2.306532663316583,Bon état,3.0,15
Appartements Casablanca,Les princesses à Casablanca,33.57154299116339,-7.636313438415527,Vente appartement à Les Princesses,1900000.0,"['116 m²', '5 Pièces', '3 Chambres', '2 Salles de bains']",4,116.0,5.0,3.0,2.306532663316583,Bon état,3.0,15
Appartements Casablanca,Racine à Casablanca,33.592458238962855,-7.648158073425293,Vente appartement à Racine,3300000.0,"['204 m²', '5 Pièces', '3 Chambres', '2 Salles de bains']",4,204.0,5.0,3.0,2.306532663316583,Bon état,3.0,15
Appartements Casablanca,Racine à Casablanca,33.592458238962855,-7.648158073425293,Vente appt racine,3500000.0,"['155 m²', '6 Pièces', '3 Chambres', '2 Salles de bains']",4,155.0,6.0,3.0,2.306532663316583,Bon état,3.0,15
Appartements Casablanca,Racine à Casablanca,33.56170473792227,-7.630379283521052,Location studio meublé racine,1450000.0,"['55 m²', '2 Pièces', '1 Chambre', '1 Salle de bain']",4,55.0,2.0,1.0,2.306532663316583,Bon état,3.0,15
Appartements Casablanca,Bourgogne Ouest à Casablanca,33.56170473792227,-7.630379283521052,Vente appartement à Bourgogne,1400000.0,"['92 m²', '5 Pièces', '3 Chambres', '1 Salle de bain', '3ème étage']",5,92.0,5.0,3.0,1.0,Bon état,3.0,15
Appartements Casablanca,La Gironde à Casablanca,33.58505803848486,-7.601637840270996,Vente appt gironde,1240000.0,"['103 m²', '5 Pièces', '3 Chambres']",4,103.0,5.0,2.9211172498465316,2.306532663316583,Bon état,3.0,15
Appartements Casablanca,Gauthier à Casablanca,33.56170473792227,-7.630379283521052,Vente appartement a Gauthier,4100000.0,"['237 m²', '6 Pièces', '3 Chambres']",4,237.0,6.0,2.9211172498465316,2.306532663316583,Bon état,3.0,15
Villas & maisons de luxe Casablanca,CIL (Hay Salam) à Casablanca,33.56170473792227,-7.630379283521052,Vente villa au Cil,12000000.0,"['390 m²', '7 Pièces', '4 Chambres']",4,390.0,7.0,2.9211172498465316,2.306532663316583,Bon état,3.0,15
Appartements Casablanca,Ain Borja à Casablanca,33.58652382908706,-7.586703300476074,Vente duplex ain borja,3000000.0,"['220 m²', '9 Pièces', '5 Chambres']",4,220.0,9.0,2.9211172498465316,2.306532663316583,Bon état,3.0,15
Appartements Casablanca,Maârif à Casablanca,33.58602331802259,-7.636442184448242,Vente studio maarif,900000.0,"['60 m²', '2 Pièces', '1 Chambre', '1 Salle de bain', '3ème étage']",5,60.0,2.0,1.0,1.0,Bon état,3.0,15
Appartements Casablanca,Gauthier à Casablanca,33.58891909184207,-7.628674507141113,Vente apparement à Gauthier,4200000.0,"['244 m²', '6 Pièces', '3 Chambres']",4,244.0,6.0,2.9211172498465316,2.306532663316583,Bon état,3.0,15
Appartements Casablanca,Bourgogne Ouest à Casablanca,33.60260889174782,-7.651441735164781,Duplexe bourgogne ouest proche badr 159 m2,1700000.0,"['159 m²', '4 Pièces', '3 Chambres', '2 Salles de bains', 'Nouveau', '1-5 ans', '5ème étage']",7,159.0,4.0,3.0,2.0,Nouveau,5.0,3
Maisons Casablanca,Polo à Casablanca,33.55980214584251,-7.618444739670508,Maison à l'achat darchitecte à Polo. 3 chambres agréables. Garage et terrasse,6500000.0,"['350 m²', '5 Pièces', '3 Chambres', '3 Salles de bains', 'Nouveau', '1-5 ans']",6,350.0,5.0,3.0,3.0,Nouveau,3.0,3
Maisons Casablanca,Hay Al Qods à Casablanca,33.53819880225619,-7.667446617997314,Superbe maison à vendre à Hay Alaymoune. Superficie 281 m²,5000000.0,"['281 m²', '6 Pièces', '4 Chambres', '3 Salles de bains', 'Bon état', '10-20 ans']",6,281.0,6.0,4.0,3.0,Bon état,3.0,15
Villas & maisons de luxe Casablanca,Polo à Casablanca,33.55884836108079,-7.617988586425781,Terrain à vendre à POLO,9000000.0,"['1010 m²', '9 Pièces', '5 Chambres', '4 Salles de bains', 'À rénover']",5,1010.0,9.0,5.0,4.0,À rénover,3.0,15
Appartements Casablanca,CIL (Hay Salam) à Casablanca,33.568845330971634,-7.659179238513303,Vend appartement à avenue sidi abderhmane face au caf. Superficie 131 m²,2300000.0,"['131 m²', '4 Pièces', '3 Chambres', '2 Salles de bains', 'Bon état', '10-20 ans', '3ème étage']",7,131.0,4.0,3.0,2.0,Bon état,3.0,15
Appartements Casablanca,Racine à Casablanca,33.592458238962855,-7.648158073425293,Vente appartement à Racine,3980000.0,"['210 m²', '6 Pièces', '3 Chambres', '2 Salles de bains', 'Nouveau', '5-10 ans']",6,210.0,6.0,3.0,2.0,Nouveau,3.0,7
Villas & maisons de luxe Casablanca,Californie à Casablanca,33.53595755299843,-7.625627517700195,Villa à vendre à californie,16000000.0,"['1100 m²', '8 Pièces', '5 Chambres', '4 Salles de bains', 'Nouveau', '1-5 ans']",6,1100.0,8.0,5.0,4.0,Nouveau,3.0,3
Villas & maisons de luxe Casablanca,Californie à Casablanca,33.53595755299843,-7.625627517700195,Villa à vendre à Californie résidence fermée,7500000.0,"['370 m²', '8 Pièces', '4 Chambres', '3 Salles de bains', 'Nouveau', '5-10 ans']",6,370.0,8.0,4.0,3.0,Nouveau,3.0,7
Appartements Casablanca,Racine à Casablanca,33.592458238962855,-7.648158073425293,Vente appartement Sijelmassi a Racine,3360000.0,"['191 m²', '5 Pièces', '3 Chambres', '3 Salles de bains', '2ème étage']",5,191.0,5.0,3.0,3.0,Bon état,2.0,15
Appartements Casablanca,Riviera à Casablanca,33.56170473792227,-7.630379283521052,A vendre appartement résidence sécurisée Maarif,1800000.0,"['120 m²', '5 Pièces', '3 Chambres', '2 Salles de bains', 'Bon état', '1-5 ans']",6,120.0,5.0,3.0,2.0,Bon état,3.0,3
Appartements Casablanca,Racine à Casablanca,33.56170473792227,-7.630379283521052,Superbe appartement à vendre à Racine. Surface totale 140 m². Grande terrasse,2300000.0,"['140 m²', '5 Pièces', '2 Chambres', '1 Salle de bain', 'Bon état']",5,140.0,5.0,2.0,1.0,Bon état,3.0,15
Villas & maisons de luxe Casablanca,Polo à Casablanca,33.55890485159198,-7.623021298912704,Belle villa au Polo,15500000.0,"['1000 m²', '8 Pièces', '4 Chambres', '6 Salles de bains', 'Bon état', '10-20 ans']",6,1000.0,8.0,4.0,6.0,Bon état,3.0,15
Villas & maisons de luxe Casablanca,CIL (Hay Salam) à Casablanca,33.57241456102425,-7.6640313863752,Belle villa à vendre Cil,12000000.0,"['845 m²', '8 Pièces', '4 Chambres', '5 Salles de bains', 'Bon état', '10-20 ans']",6,845.0,8.0,4.0,5.0,Bon état,3.0,15
Villas & maisons de luxe Casablanca,Californie à Casablanca,33.5320075462679,-7.616862947014511,Villa semi finie avec vue dominante Habitation ou bureau,9500000.0,"['1053 m²', '6 Pièces', '5 Chambres', '5 Salles de bains', 'Nouveau']",5,1053.0,6.0,5.0,5.0,Nouveau,3.0,15
Appartements Casablanca,Gauthier à Casablanca,33.56170473792227,-7.630379283521052,Grand appartement à Gauthier,3300000.0,"['222 m²', '4 Pièces', '3 Chambres', '3 Salles de bains', 'À rénover', '20-30 ans', '4ème étage']",7,222.0,4.0,3.0,3.0,À rénover,4.0,25
Appartements Casablanca,Palmier à Casablanca,33.58228726871767,-7.625117897987252,Bel appartement avec belle terrasse sans vis à vis,3950000.0,"['217 m²', '5 Pièces', '3 Chambres', '3 Salles de bains', 'Nouveau', '20-30 ans', '4ème étage']",7,217.0,5.0,3.0,3.0,Nouveau,4.0,25
Appartements Casablanca,Racine Extension à Casablanca,33.5925744206239,-7.644542455673189,Grand appartement Velodrome,3200000.0,"['156 m²', '6 Pièces', '4 Chambres', '3 Salles de bains', 'À rénover', '10-20 ans', '3ème étage']",7,156.0,6.0,4.0,3.0,À rénover,3.0,15
Appartements Casablanca,Les princesses à Casablanca,33.575082850966,-7.651183605194092,Grand appartement standing sans vis à vis,3200000.0,"['198 m²', '4 Pièces', '3 Chambres', '3 Salles de bains', 'Nouveau', '5-10 ans', '5ème étage']",7,198.0,4.0,3.0,3.0,Nouveau,5.0,7
Appartements Casablanca,Bourgogne Ouest à Casablanca,33.59758527567848,-7.645293474197359,Bel appartement en hauteur à Al Manar,2400000.0,"['150 m²', '4 Pièces', '3 Chambres', '3 Salles de bains', 'Bon état', '10-20 ans', '4ème étage']",7,150.0,4.0,3.0,3.0,Bon état,4.0,15
Appartements Casablanca,Burger à Casablanca,33.57174384224919,-7.64727596193552,Bel Appartement avec terrasse sur Ghandi,2650000.0,"['167 m²', '5 Pièces', '3 Chambres', '3 Salles de bains', 'Nouveau', '5-10 ans', '5ème étage']",7,167.0,5.0,3.0,3.0,Nouveau,5.0,7
Appartements Casablanca,Al Qods à Casablanca,33.557167523684654,-7.59829044342041,Appartement en vente à Al Qods. 3 belles chambres. Garage.,4558824.761494253,"['62 m²', '2 Pièces', '3 Chambres', '1 Salle de bain', 'Bon état']",5,62.0,2.0,3.0,1.0,Bon état,3.0,15
Appartements Casablanca,Hay Arrahma à Casablanca,33.59878544316002,-7.567605972290039,Appartement à vendre à Hay Arrahma. 2 chambres agréables. Système de parabole et résidence sécurisée,490000.0,"['68 m²', '3 Pièces', '2 Chambres', '1 Salle de bain', 'Bon état', '5-10 ans', '4ème étage']",7,68.0,3.0,2.0,1.0,Bon état,4.0,7
Appartements Casablanca,Maârif à Casablanca,33.56170473792227,-7.630379283521052,Appartement en vente à Maârif. 3 pièces.,2300000.0,"['116 m²', '3 Pièces', '3 Chambres', '3 Salles de bains', 'Nouveau', '1-5 ans']",6,116.0,3.0,3.0,3.0,Nouveau,3.0,3
Villas & maisons de luxe Casablanca,Sidi Maarouf à Casablanca,33.56170473792227,-7.630379283521052,Villa de haut standing à vendre à Sidi Maarouf. Surface de 250 m².,4600000.0,"['250 m²', '4 Pièces', '6 Chambres', '4 Salles de bains', 'Nouveau', '5-10 ans']",6,250.0,4.0,6.0,4.0,Nouveau,3.0,7
Appartements Casablanca,Sidi Moumen à Casablanca,33.56170473792227,-7.630379283521052,Superbe appartement à vendre à Sidi Moumen. Surface de 100 m². Ascenseur et terrasse,4558824.761494253,"['100 m²', '5 Pièces', '3 Chambres', '2 Salles de bains', 'Nouveau', ""Moins d'un an"", '5ème étage']",7,100.0,5.0,3.0,2.0,Nouveau,5.0,0
Appartements Casablanca,Les princesses à Casablanca,33.582133862529446,-7.656237377057607,A vendre appart sur les princesses de 105 m2 complétement retaper,1390000.0,"['105 m²', '3 Pièces', '2 Chambres', '2 Salles de bains', 'Bon état', '10-20 ans', '3ème étage']",7,105.0,3.0,2.0,2.0,Bon état,3.0,15
Appartements Casablanca,Palmier à Casablanca,33.582691153596286,-7.624170575290918,Appartement haut standing 135m2 au Palmier,2000000.0,"['135 m²', '4 Pièces', '3 Chambres', '2 Salles de bains', 'Bon état', '10-20 ans', '5ème étage']",7,135.0,4.0,3.0,2.0,Bon état,5.0,15
Appartements Casablanca,La Gironde à Casablanca,33.56170473792227,-7.630379283521052,Vente appt gironde,1240000.0,"['103 m²', '5 Pièces', '3 Chambres']",4,103.0,5.0,2.9211172498465316,2.306532663316583,Bon état,3.0,15
Appartements Casablanca,Gauthier à Casablanca,33.58891909184207,-7.628674507141113,Vente appartement a Gauthier,4100000.0,"['237 m²', '6 Pièces', '3 Chambres']",4,237.0,6.0,2.9211172498465316,2.306532663316583,Bon état,3.0,15
Villas & maisons de luxe Casablanca,CIL (Hay Salam) à Casablanca,33.57243690885356,-7.657556533813477,Vente villa au Cil,12000000.0,"['390 m²', '7 Pièces', '4 Chambres']",4,390.0,7.0,2.9211172498465316,2.306532663316583,Bon état,3.0,15
Appartements Casablanca,Ain Borja à Casablanca,33.58652382908706,-7.586703300476074,Vente duplex ain borja,3000000.0,"['220 m²', '9 Pièces', '5 Chambres']",4,220.0,9.0,2.9211172498465316,2.306532663316583,Bon état,3.0,15
Appartements Casablanca,Maârif à Casablanca,33.56170473792227,-7.630379283521052,Vente studio maarif,900000.0,"['60 m²', '2 Pièces', '1 Chambre', '1 Salle de bain', '3ème étage']",5,60.0,2.0,1.0,1.0,Bon état,3.0,15
Appartements Casablanca,Gauthier à Casablanca,33.58891909184207,-7.628674507141113,Vente apparement à Gauthier,4200000.0,"['244 m²', '6 Pièces', '3 Chambres']",4,244.0,6.0,2.9211172498465316,2.306532663316583,Bon état,3.0,15
Appartements Casablanca,Bourgogne Ouest à Casablanca,33.60260889174782,-7.651441735164781,Duplexe bourgogne ouest proche badr 159 m2,1700000.0,"['159 m²', '4 Pièces', '3 Chambres', '2 Salles de bains', 'Nouveau', '1-5 ans', '5ème étage']",7,159.0,4.0,3.0,2.0,Nouveau,5.0,3
Maisons Casablanca,Polo à Casablanca,33.55980214584251,-7.618444739670508,Maison à l'achat darchitecte à Polo. 3 chambres agréables. Garage et terrasse,6500000.0,"['350 m²', '5 Pièces', '3 Chambres', '3 Salles de bains', 'Nouveau', '1-5 ans']",6,350.0,5.0,3.0,3.0,Nouveau,3.0,3
Maisons Casablanca,Hay Al Qods à Casablanca,33.53819880225619,-7.667446617997314,Superbe maison à vendre à Hay Alaymoune. Superficie 281 m²,5000000.0,"['281 m²', '6 Pièces', '4 Chambres', '3 Salles de bains', 'Bon état', '10-20 ans']",6,281.0,6.0,4.0,3.0,Bon état,3.0,15
Villas & maisons de luxe Casablanca,Polo à Casablanca,33.56170473792227,-7.630379283521052,Terrain à vendre à POLO,9000000.0,"['1010 m²', '9 Pièces', '5 Chambres', '4 Salles de bains', 'À rénover']",5,1010.0,9.0,5.0,4.0,À rénover,3.0,15
Appartements Casablanca,CIL (Hay Salam) à Casablanca,33.568845330971634,-7.659179238513303,Vend appartement à avenue sidi abderhmane face au caf. Superficie 131 m²,2300000.0,"['131 m²', '4 Pièces', '3 Chambres', '2 Salles de bains', 'Bon état', '10-20 ans', '3ème étage']",7,131.0,4.0,3.0,2.0,Bon état,3.0,15
Appartements Casablanca,Racine à Casablanca,33.56170473792227,-7.630379283521052,Vente appartement à Racine,3980000.0,"['210 m²', '6 Pièces', '3 Chambres', '2 Salles de bains', 'Nouveau', '5-10 ans']",6,210.0,6.0,3.0,2.0,Nouveau,3.0,7
Villas & maisons de luxe Casablanca,Californie à Casablanca,33.56170473792227,-7.630379283521052,Villa à vendre à californie,16000000.0,"['1100 m²', '8 Pièces', '5 Chambres', '4 Salles de bains', 'Nouveau', '1-5 ans']",6,1100.0,8.0,5.0,4.0,Nouveau,3.0,3
Villas & maisons de luxe Casablanca,Californie à Casablanca,33.53595755299843,-7.625627517700195,Villa à vendre à Californie résidence fermée,7500000.0,"['370 m²', '8 Pièces', '4 Chambres', '3 Salles de bains', 'Nouveau', '5-10 ans']",6,370.0,8.0,4.0,3.0,Nouveau,3.0,7
Appartements Casablanca,Racine à Casablanca,33.592458238962855,-7.648158073425293,Vente appartement Sijelmassi a Racine,3360000.0,"['191 m²', '5 Pièces', '3 Chambres', '3 Salles de bains', '2ème étage']",5,191.0,5.0,3.0,3.0,Bon état,2.0,15
Appartements Casablanca,Riviera à Casablanca,33.56170473792227,-7.630379283521052,A vendre appartement résidence sécurisée Maarif,1800000.0,"['120 m²', '5 Pièces', '3 Chambres', '2 Salles de bains', 'Bon état', '1-5 ans']",6,120.0,5.0,3.0,2.0,Bon état,3.0,3
Appartements Casablanca,Racine à Casablanca,33.592458238962855,-7.648158073425293,Superbe appartement à vendre à Racine. Surface totale 140 m². Grande terrasse,2300000.0,"['140 m²', '5 Pièces', '2 Chambres', '1 Salle de bain', 'Bon état']",5,140.0,5.0,2.0,1.0,Bon état,3.0,15
Villas & maisons de luxe Casablanca,Polo à Casablanca,33.55890485159198,-7.623021298912704,Belle villa au Polo,15500000.0,"['1000 m²', '8 Pièces', '4 Chambres', '6 Salles de bains', 'Bon état', '10-20 ans']",6,1000.0,8.0,4.0,6.0,Bon état,3.0,15
Villas & maisons de luxe Casablanca,CIL (Hay Salam) à Casablanca,33.57241456102425,-7.6640313863752,Belle villa à vendre Cil,12000000.0,"['845 m²', '8 Pièces', '4 Chambres', '5 Salles de bains', 'Bon état', '10-20 ans']",6,845.0,8.0,4.0,5.0,Bon état,3.0,15
Villas & maisons de luxe Casablanca,Californie à Casablanca,33.5320075462679,-7.616862947014511,Villa semi finie avec vue dominante Habitation ou bureau,9500000.0,"['1053 m²', '6 Pièces', '5 Chambres', '5 Salles de bains', 'Nouveau']",5,1053.0,6.0,5.0,5.0,Nouveau,3.0,15
Appartements Casablanca,Gauthier à Casablanca,33.58891909184207,-7.628674507141113,Grand appartement à Gauthier,3300000.0,"['222 m²', '4 Pièces', '3 Chambres', '3 Salles de bains', 'À rénover', '20-30 ans', '4ème étage']",7,222.0,4.0,3.0,3.0,À rénover,4.0,25
Appartements Casablanca,Palmier à Casablanca,33.58228726871767,-7.625117897987252,Bel appartement avec belle terrasse sans vis à vis,3950000.0,"['217 m²', '5 Pièces', '3 Chambres', '3 Salles de bains', 'Nouveau', '20-30 ans', '4ème étage']",7,217.0,5.0,3.0,3.0,Nouveau,4.0,25
Appartements Casablanca,Racine Extension à Casablanca,33.5925744206239,-7.644542455673189,Grand appartement Velodrome,3200000.0,"['156 m²', '6 Pièces', '4 Chambres', '3 Salles de bains', 'À rénover', '10-20 ans', '3ème étage']",7,156.0,6.0,4.0,3.0,À rénover,3.0,15
Appartements Casablanca,Les princesses à Casablanca,33.575082850966,-7.651183605194092,Grand appartement standing sans vis à vis,3200000.0,"['198 m²', '4 Pièces', '3 Chambres', '3 Salles de bains', 'Nouveau', '5-10 ans', '5ème étage']",7,198.0,4.0,3.0,3.0,Nouveau,5.0,7
Appartements Casablanca,Bourgogne Ouest à Casablanca,33.59758527567848,-7.645293474197359,Bel appartement en hauteur à Al Manar,2400000.0,"['150 m²', '4 Pièces', '3 Chambres', '3 Salles de bains', 'Bon état', '10-20 ans', '4ème étage']",7,150.0,4.0,3.0,3.0,Bon état,4.0,15
Appartements Casablanca,Burger à Casablanca,33.57174384224919,-7.64727596193552,Bel Appartement avec terrasse sur Ghandi,2650000.0,"['167 m²', '5 Pièces', '3 Chambres', '3 Salles de bains', 'Nouveau', '5-10 ans', '5ème étage']",7,167.0,5.0,3.0,3.0,Nouveau,5.0,7
Appartements Casablanca,Al Qods à Casablanca,33.56170473792227,-7.630379283521052,Appartement en vente à Al Qods. 3 belles chambres. Garage.,4558824.761494253,"['62 m²', '2 Pièces', '3 Chambres', '1 Salle de bain', 'Bon état']",5,62.0,2.0,3.0,1.0,Bon état,3.0,15
Appartements Casablanca,Hay Arrahma à Casablanca,33.59878544316002,-7.567605972290039,Appartement à vendre à Hay Arrahma. 2 chambres agréables. Système de parabole et résidence sécurisée,490000.0,"['68 m²', '3 Pièces', '2 Chambres', '1 Salle de bain', 'Bon état', '5-10 ans', '4ème étage']",7,68.0,3.0,2.0,1.0,Bon état,4.0,7
Appartements Casablanca,Maârif à Casablanca,33.56170473792227,-7.630379283521052,Appartement en vente à Maârif. 3 pièces.,2300000.0,"['116 m²', '3 Pièces', '3 Chambres', '3 Salles de bains', 'Nouveau', '1-5 ans']",6,116.0,3.0,3.0,3.0,Nouveau,3.0,3
Villas & maisons de luxe Casablanca,Sidi Maarouf à Casablanca,33.56170473792227,-7.630379283521052,Villa de haut standing à vendre à Sidi Maarouf. Surface de 250 m².,4600000.0,"['250 m²', '4 Pièces', '6 Chambres', '4 Salles de bains', 'Nouveau', '5-10 ans']",6,250.0,4.0,6.0,4.0,Nouveau,3.0,7
Appartements Casablanca,Sidi Moumen à Casablanca,33.56170473792227,-7.630379283521052,Superbe appartement à vendre à Sidi Moumen. Surface de 100 m². Ascenseur et terrasse,4558824.761494253,"['100 m²', '5 Pièces', '3 Chambres', '2 Salles de bains', 'Nouveau', ""Moins d'un an"", '5ème étage']",7,100.0,5.0,3.0,2.0,Nouveau,5.0,0
Appartements Casablanca,Les princesses à Casablanca,33.582133862529446,-7.656237377057607,A vendre appart sur les princesses de 105 m2 complétement retaper,1390000.0,"['105 m²', '3 Pièces', '2 Chambres', '2 Salles de bains', 'Bon état', '10-20 ans', '3ème étage']",7,105.0,3.0,2.0,2.0,Bon état,3.0,15
Appartements Casablanca,Palmier à Casablanca,33.582691153596286,-7.624170575290918,Appartement haut standing 135m2 au Palmier,2000000.0,"['135 m²', '4 Pièces', '3 Chambres', '2 Salles de bains', 'Bon état', '10-20 ans', '5ème étage']",7,135.0,4.0,3.0,2.0,Bon état,5.0,15
Appartements Casablanca,Derb Ghalef à Casablanca,33.57407222207927,-7.627317699999992,"Vente d'un bel appartement à Derb Ghalef. Superficie 116 m². Salon typique marocain, résidence sécurisée",4558824.761494253,"['116 m²', '4 Pièces', '2 Chambres', '1 Salle de bain', 'Bon état', '10-20 ans', '3ème étage']",7,116.0,4.0,2.0,1.0,Bon état,3.0,15
Appartements Casablanca,Californie à Casablanca,33.54016346466093,-7.6133438887869715,Appartement Californie Casablanca,1650000.0,"['140 m²', '5 Pièces', '3 Chambres', '2 Salles de bains', 'Bon état', '10-20 ans', '1er étage']",7,140.0,5.0,3.0,2.0,Bon état,1.0,15
Appartements Casablanca,Les princesses à Casablanca,33.57449397958097,-7.647514343261747,Appartement Neuf à la vente aux Princesses,1550000.0,"['76 m²', '5 Pièces', '2 Chambres', '1 Salle de bain', 'Nouveau', ""Moins d'un an"", '1er étage']",7,76.0,5.0,2.0,1.0,Nouveau,1.0,0
Appartements Casablanca,Racine à Casablanca,33.58886466637517,-7.645626068115263,Vente Appartement de 156 m² à Racine,2400000.0,"['156 m²', '5 Pièces', '3 Chambres', '3 Salles de bains', 'Nouveau', '10-20 ans', '1er étage']",7,156.0,5.0,3.0,3.0,Nouveau,1.0,15
Appartements Casablanca,Garage Allal à Casablanca,33.55436009467133,-7.579193115234375,Le prix de vente est celui de notre achat,890000.0,"['89 m²', '3 Pièces', '2 Chambres', '2 Salles de bains', 'Nouveau', '1-5 ans', '8ème étage']",7,89.0,3.0,2.0,2.0,Nouveau,8.0,3
Appartements Casablanca,Val Fleury à Casablanca,33.56170473792227,-7.630379283521052,Duplex 113m² en vente a val fleury,1470000.0,"['113 m²', '3 Pièces', '2 Chambres', '1 Salle de bain', 'Bon état', '1-5 ans', '4ème étage']",7,113.0,3.0,2.0,1.0,Bon état,4.0,3
Appartements Casablanca,Ferme Bretonne (Hay Arraha) à Casablanca,33.5608510182527,-7.647085189819336,plusieurs Appart Neuf à vendre au Ferme bretonne Hay,2900000.0,"['122 m²', '5 Pièces', '3 Chambres', '2 Salles de bains', 'Bon état', ""Moins d'un an"", '1er étage']",7,122.0,5.0,3.0,2.0,Bon état,1.0,0
Appartements Casablanca,Racine à Casablanca,33.56170473792227,-7.630379283521052,"Appartement 240 m² à vendre, Racine, Casablanca",5100000.0,"['240 m²', '4 Pièces', '3 Chambres', '2 Salles de bains', 'Bon état']",5,240.0,4.0,3.0,2.0,Bon état,3.0,15
Appartements Casablanca,Oulfa à Casablanca,33.56170473792227,-7.630379283521052,Appartement a farah salam oulfa,4558824.761494253,"['49 m²', '3 Pièces', '2 Chambres', '1 Salle de bain', 'Bon état', '5-10 ans', '1er étage']",7,49.0,3.0,2.0,1.0,Bon état,1.0,7
Appartements Casablanca,El Manar - El Hank à Casablanca,33.56170473792227,-7.630379283521052,Appartement à vendre à Bourgogne,1250000.0,"['93 m²', '3 Pièces', '2 Chambres', '1 Salle de bain', 'Bon état', '5-10 ans', '5ème étage']",7,93.0,3.0,2.0,1.0,Bon état,5.0,7
Appartements Casablanca,Les princesses à Casablanca,33.56170473792227,-7.630379283521052,Opportunite Studio De Luxe Les princesses,1050000.0,"['60 m²', '2 Pièces', '1 Chambre', '1 Salle de bain', 'Bon état', '5-10 ans', '7ème étage']",7,60.0,2.0,1.0,1.0,Bon état,7.0,7
Villas & maisons de luxe Casablanca,CIL (Hay Salam) à Casablanca,33.56170473792227,-7.630379283521052,TOP EMPLACEMENT CIL,8500000.0,"['600 m²', '6 Pièces', '4 Chambres', '4 Salles de bains', 'À rénover', '5-10 ans']",6,600.0,6.0,4.0,4.0,À rénover,3.0,7
Villas & maisons de luxe Casablanca,Longchamps (Hay Al Hanâa) à Casablanca,33.57751418572474,-7.664079666137695,VILLA à REFAIRE TOP EMPLACEMENT LONCHAMPS,12000000.0,"['700 m²', '4 Pièces', '3 Chambres', '3 Salles de bains', 'Nouveau', ""Moins d'un an""]",6,700.0,4.0,3.0,3.0,Nouveau,3.0,0
Appartements Casablanca,Maârif à Casablanca,33.56170473792227,-7.630379283521052,Appartement à l'achat à Maârif. Surface totale 400 m²,4558824.761494253,"['400 m²', '5 Pièces', '5 Chambres', '6 Salles de bains', 'Bon état', '5-10 ans', '3ème étage']",7,400.0,5.0,5.0,6.0,Bon état,3.0,7
Villas & maisons de luxe Casablanca,Californie à Casablanca,33.53595755299843,-7.625627517700195,Villa**CALIFORNIE (((( proche ecole americaine )))),13000000.0,"['1000 m²', '7 Pièces', '5 Chambres', '6 Salles de bains', 'Bon état', '10-20 ans']",6,1000.0,7.0,5.0,6.0,Bon état,3.0,15
Villas & maisons de luxe Casablanca,Californie à Casablanca,33.56170473792227,-7.630379283521052,Villa**CALIFORNIE ((( proche ecole Americaine))),19000000.0,"['1100 m²', '8 Pièces', '6 Chambres', '6 Salles de bains', 'Bon état', '5-10 ans']",6,1100.0,8.0,6.0,6.0,Bon état,3.0,7
Appartements Casablanca,Maârif Extension à Casablanca,33.56170473792227,-7.630379283521052,Studio bien place,700000.0,"['40 m²', '1 Pièce', '1 Chambre', '1 Salle de bain', 'Nouveau', '1-5 ans', '3ème étage']",8,40.0,4.682934712346477,1.0,1.0,Nouveau,3.0,3
Appartements Casablanca,Hay Zobir à Casablanca,33.53765386957437,-7.68171392824371,Appartement standing pour vente au préstige oulfa,1090000.0,"['95 m²', '4 Pièces', '3 Chambres', '2 Salles de bains', 'Bon état', '5-10 ans', '1er étage']",7,95.0,4.0,3.0,2.0,Bon état,1.0,7
Appartements Casablanca,Les Hôpitaux à Casablanca,33.5726023949879,-7.61584281921381,Bel appartement de 4 chambres au quartier 2 mars,2500000.0,"['200 m²', '5 Pièces', '4 Chambres', '3 Salles de bains', 'Bon état', '10-20 ans', '4ème étage']",7,200.0,5.0,4.0,3.0,Bon état,4.0,15
Villas & maisons de luxe Casablanca,Ain Diab à Casablanca,33.58630932470067,-7.671375274658203,Veilla à vendre Ain Diab,33000000.0,"['1613 m²', '7 Pièces', '4 Chambres', '4 Salles de bains', 'Bon état', '10-20 ans']",6,1613.0,7.0,4.0,4.0,Bon état,3.0,15
Appartements Casablanca,Oulfa à Casablanca,33.56170473792227,-7.630379283521052,Vente apprt à Oulfa Al Azhar,400000.0,"['50 m²', '1 Pièce', '3 Chambres', '1 Salle de bain', 'Bon état', '1-5 ans', '3ème étage']",8,50.0,4.682934712346477,3.0,1.0,Bon état,3.0,3
Appartements Casablanca,Maârif Extension à Casablanca,33.57987394514173,-7.646827697753906,Appartement à Vendre à Maarif Centre sup 153 m2,2600000.0,"['153 m²', '3 Pièces', '2 Chambres', '2 Salles de bains', 'Bon état', '5-10 ans', '2ème étage']",7,153.0,3.0,2.0,2.0,Bon état,2.0,7
Appartements Casablanca,Val Fleury à Casablanca,33.57519011717882,-7.636785507202148,Tres bel appart a vendre,2100000.0,"['130 m²', '5 Pièces', '3 Chambres', '2 Salles de bains', 'Bon état', ""Moins d'un an"", '1er étage']",7,130.0,5.0,3.0,2.0,Bon état,1.0,0
Appartements Casablanca,Maârif à Casablanca,33.56170473792227,-7.630379283521052,Tres bel appart a vendre,1900000.0,"['127 m²', '4 Pièces', '3 Chambres', '2 Salles de bains', 'Nouveau', '1-5 ans', '4ème étage']",7,127.0,4.0,3.0,2.0,Nouveau,4.0,3
Villas & maisons de luxe Casablanca,Ain Diab Extension à Casablanca,33.56170473792227,-7.630379283521052,Belle villa a vendre,8000000.0,"['320 m²', '6 Pièces', '4 Chambres', '1 Salle de bain', 'Bon état', '5-10 ans']",6,320.0,6.0,4.0,1.0,Bon état,3.0,7
Appartements Casablanca,Al Qods à Casablanca,33.56170473792227,-7.630379283521052,Bel appartement à vendre à Al Qods. Surface de 44 m². Antenne parabolique et sécurité.,300000.0,"['44 m²', '2 Pièces', '1 Chambre', '1 Salle de bain', 'Nouveau']",5,44.0,2.0,1.0,1.0,Nouveau,3.0,15
Appartements Casablanca,Hermitage à Casablanca,33.569251916295755,-7.613825798034526,Appartement en vente de 144 m2 à 2mars/Anoual,1600000.0,"['144 m²', '5 Pièces', '3 Chambres', '2 Salles de bains', 'Bon état', '10-20 ans', '4ème étage']",7,144.0,5.0,3.0,2.0,Bon état,4.0,15
Appartements Casablanca,Maârif à Casablanca,33.56170473792227,-7.630379283521052,Appartement à vendre au quartier Maarif,2400000.0,"['138 m²', '4 Pièces', '3 Chambres', '2 Salles de bains', 'Bon état', '5ème étage']",6,138.0,4.0,3.0,2.0,Bon état,5.0,15
Appartements Casablanca,Sidi Othmane à Casablanca,33.55747150733868,-7.567906379699707,Bel appartement à vendre à Sidi Othmane. 2 pièces. Porte blindée et parabole,425000.0,"['61 m²', '4 Pièces', '2 Chambres', '1 Salle de bain', 'Nouveau', ""Moins d'un an"", '3ème étage']",7,61.0,4.0,2.0,1.0,Nouveau,3.0,0
Appartements Casablanca,Californie à Casablanca,33.53595755299843,-7.625627517700195,Appartement à vendre à porte californie,1700000.0,"['121 m²', '5 Pièces', '3 Chambres', '2 Salles de bains', 'Bon état']",5,121.0,5.0,3.0,2.0,Bon état,3.0,15
Appartements Casablanca,Racine à Casablanca,33.56170473792227,-7.630379283521052,Joli appartement,1850000.0,"['126 m²', '3 Chambres', '2 Salles de bains']",4,126.0,4.682934712346477,3.0,2.306532663316583,Bon état,3.0,15
Appartements Casablanca,Casablanca,33.57601248704883,-7.603912353515625,Dernier etage soleil proche boulevard massira,1600000.0,"['96 m²', '3 Pièces', '2 Chambres', '1 Salle de bain']",4,96.0,3.0,2.0,2.306532663316583,Bon état,3.0,15
Appartements Casablanca,Les princesses à Casablanca,33.56170473792227,-7.630379283521052,Beau produit avec terrasse 25m2,1800000.0,"['157 m²', '3 Chambres', '2 Salles de bains', '4ème étage']",5,157.0,4.682934712346477,3.0,2.0,Bon état,4.0,15
Appartements Casablanca,Derb Ghalef à Casablanca,33.57407222207927,-7.627317699999992,"Vente d'un bel appartement à Derb Ghalef. Superficie 116 m². Salon typique marocain, résidence sécurisée",4558824.761494253,"['116 m²', '4 Pièces', '2 Chambres', '1 Salle de bain', 'Bon état', '10-20 ans', '3ème étage']",7,116.0,4.0,2.0,1.0,Bon état,3.0,15
Appartements Casablanca,Californie à Casablanca,33.54016346466093,-7.6133438887869715,Appartement Californie Casablanca,1650000.0,"['140 m²', '5 Pièces', '3 Chambres', '2 Salles de bains', 'Bon état', '10-20 ans', '1er étage']",7,140.0,5.0,3.0,2.0,Bon état,1.0,15
Appartements Casablanca,Les princesses à Casablanca,33.57449397958097,-7.647514343261747,Appartement Neuf à la vente aux Princesses,1550000.0,"['76 m²', '5 Pièces', '2 Chambres', '1 Salle de bain', 'Nouveau', ""Moins d'un an"", '1er étage']",7,76.0,5.0,2.0,1.0,Nouveau,1.0,0
Appartements Casablanca,Racine à Casablanca,33.58886466637517,-7.645626068115263,Vente Appartement de 156 m² à Racine,2400000.0,"['156 m²', '5 Pièces', '3 Chambres', '3 Salles de bains', 'Nouveau', '10-20 ans', '1er étage']",7,156.0,5.0,3.0,3.0,Nouveau,1.0,15
Appartements Casablanca,Garage Allal à Casablanca,33.55436009467133,-7.579193115234375,Le prix de vente est celui de notre achat,890000.0,"['89 m²', '3 Pièces', '2 Chambres', '2 Salles de bains', 'Nouveau', '1-5 ans', '8ème étage']",7,89.0,3.0,2.0,2.0,Nouveau,8.0,3
Appartements Casablanca,Val Fleury à Casablanca,33.57519011717882,-7.636785507202148,Duplex 113m² en vente a val fleury,1470000.0,"['113 m²', '3 Pièces', '2 Chambres', '1 Salle de bain', 'Bon état', '1-5 ans', '4ème étage']",7,113.0,3.0,2.0,1.0,Bon état,4.0,3
Appartements Casablanca,Ferme Bretonne (Hay Arraha) à Casablanca,33.5608510182527,-7.647085189819336,plusieurs Appart Neuf à vendre au Ferme bretonne Hay,2900000.0,"['122 m²', '5 Pièces', '3 Chambres', '2 Salles de bains', 'Bon état', ""Moins d'un an"", '1er étage']",7,122.0,5.0,3.0,2.0,Bon état,1.0,0
Appartements Casablanca,Racine à Casablanca,33.56170473792227,-7.630379283521052,"Appartement 240 m² à vendre, Racine, Casablanca",5100000.0,"['240 m²', '4 Pièces', '3 Chambres', '2 Salles de bains', 'Bon état']",5,240.0,4.0,3.0,2.0,Bon état,3.0,15
Appartements Casablanca,Oulfa à Casablanca,33.56170473792227,-7.630379283521052,Appartement a farah salam oulfa,4558824.761494253,"['49 m²', '3 Pièces', '2 Chambres', '1 Salle de bain', 'Bon état', '5-10 ans', '1er étage']",7,49.0,3.0,2.0,1.0,Bon état,1.0,7
Appartements Casablanca,El Manar - El Hank à Casablanca,33.56170473792227,-7.630379283521052,Appartement à vendre à Bourgogne,1250000.0,"['93 m²', '3 Pièces', '2 Chambres', '1 Salle de bain', 'Bon état', '5-10 ans', '5ème étage']",7,93.0,3.0,2.0,1.0,Bon état,5.0,7
Appartements Casablanca,Les princesses à Casablanca,33.57154299116339,-7.636313438415527,Opportunite Studio De Luxe Les princesses,1050000.0,"['60 m²', '2 Pièces', '1 Chambre', '1 Salle de bain', 'Bon état', '5-10 ans', '7ème étage']",7,60.0,2.0,1.0,1.0,Bon état,7.0,7
Villas & maisons de luxe Casablanca,CIL (Hay Salam) à Casablanca,33.57243690885356,-7.657556533813477,TOP EMPLACEMENT CIL,8500000.0,"['600 m²', '6 Pièces', '4 Chambres', '4 Salles de bains', 'À rénover', '5-10 ans']",6,600.0,6.0,4.0,4.0,À rénover,3.0,7
Villas & maisons de luxe Casablanca,Longchamps (Hay Al Hanâa) à Casablanca,33.57751418572474,-7.664079666137695,VILLA à REFAIRE TOP EMPLACEMENT LONCHAMPS,12000000.0,"['700 m²', '4 Pièces', '3 Chambres', '3 Salles de bains', 'Nouveau', ""Moins d'un an""]",6,700.0,4.0,3.0,3.0,Nouveau,3.0,0
Appartements Casablanca,Maârif à Casablanca,33.56170473792227,-7.630379283521052,Appartement à l'achat à Maârif. Surface totale 400 m²,4558824.761494253,"['400 m²', '5 Pièces', '5 Chambres', '6 Salles de bains', 'Bon état', '5-10 ans', '3ème étage']",7,400.0,5.0,5.0,6.0,Bon état,3.0,7
Villas & maisons de luxe Casablanca,Californie à Casablanca,33.53595755299843,-7.625627517700195,Villa**CALIFORNIE (((( proche ecole americaine )))),13000000.0,"['1000 m²', '7 Pièces', '5 Chambres', '6 Salles de bains', 'Bon état', '10-20 ans']",6,1000.0,7.0,5.0,6.0,Bon état,3.0,15
Villas & maisons de luxe Casablanca,Californie à Casablanca,33.53595755299843,-7.625627517700195,Villa**CALIFORNIE ((( proche ecole Americaine))),19000000.0,"['1100 m²', '8 Pièces', '6 Chambres', '6 Salles de bains', 'Bon état', '5-10 ans']",6,1100.0,8.0,6.0,6.0,Bon état,3.0,7
Appartements Casablanca,Maârif Extension à Casablanca,33.57987394514173,-7.646827697753906,Studio bien place,700000.0,"['40 m²', '1 Pièce', '1 Chambre', '1 Salle de bain', 'Nouveau', '1-5 ans', '3ème étage']",8,40.0,4.682934712346477,1.0,1.0,Nouveau,3.0,3
Appartements Casablanca,Hay Zobir à Casablanca,33.53765386957437,-7.68171392824371,Appartement standing pour vente au préstige oulfa,1090000.0,"['95 m²', '4 Pièces', '3 Chambres', '2 Salles de bains', 'Bon état', '5-10 ans', '1er étage']",7,95.0,4.0,3.0,2.0,Bon état,1.0,7
Appartements Casablanca,Les Hôpitaux à Casablanca,33.5726023949879,-7.61584281921381,Bel appartement de 4 chambres au quartier 2 mars,2500000.0,"['200 m²', '5 Pièces', '4 Chambres', '3 Salles de bains', 'Bon état', '10-20 ans', '4ème étage']",7,200.0,5.0,4.0,3.0,Bon état,4.0,15
Villas & maisons de luxe Casablanca,Ain Diab à Casablanca,33.56170473792227,-7.630379283521052,Veilla à vendre Ain Diab,33000000.0,"['1613 m²', '7 Pièces', '4 Chambres', '4 Salles de bains', 'Bon état', '10-20 ans']",6,1613.0,7.0,4.0,4.0,Bon état,3.0,15
Appartements Casablanca,Oulfa à Casablanca,33.56170473792227,-7.630379283521052,Vente apprt à Oulfa Al Azhar,400000.0,"['50 m²', '1 Pièce', '3 Chambres', '1 Salle de bain', 'Bon état', '1-5 ans', '3ème étage']",8,50.0,4.682934712346477,3.0,1.0,Bon état,3.0,3
Appartements Casablanca,Maârif Extension à Casablanca,33.57987394514173,-7.646827697753906,Appartement à Vendre à Maarif Centre sup 153 m2,2600000.0,"['153 m²', '3 Pièces', '2 Chambres', '2 Salles de bains', 'Bon état', '5-10 ans', '2ème étage']",7,153.0,3.0,2.0,2.0,Bon état,2.0,7
Appartements Casablanca,Val Fleury à Casablanca,33.57519011717882,-7.636785507202148,Tres bel appart a vendre,2100000.0,"['130 m²', '5 Pièces', '3 Chambres', '2 Salles de bains', 'Bon état', ""Moins d'un an"", '1er étage']",7,130.0,5.0,3.0,2.0,Bon état,1.0,0
Appartements Casablanca,Maârif à Casablanca,33.58602331802259,-7.636442184448242,Tres bel appart a vendre,1900000.0,"['127 m²', '4 Pièces', '3 Chambres', '2 Salles de bains', 'Nouveau', '1-5 ans', '4ème étage']",7,127.0,4.0,3.0,2.0,Nouveau,4.0,3
Villas & maisons de luxe Casablanca,Ain Diab Extension à Casablanca,33.56170473792227,-7.630379283521052,Belle villa a vendre,8000000.0,"['320 m²', '6 Pièces', '4 Chambres', '1 Salle de bain', 'Bon état', '5-10 ans']",6,320.0,6.0,4.0,1.0,Bon état,3.0,7
Appartements Casablanca,Al Qods à Casablanca,33.557167523684654,-7.59829044342041,Bel appartement à vendre à Al Qods. Surface de 44 m². Antenne parabolique et sécurité.,300000.0,"['44 m²', '2 Pièces', '1 Chambre', '1 Salle de bain', 'Nouveau']",5,44.0,2.0,1.0,1.0,Nouveau,3.0,15
Appartements Casablanca,Hermitage à Casablanca,33.569251916295755,-7.613825798034526,Appartement en vente de 144 m2 à 2mars/Anoual,1600000.0,"['144 m²', '5 Pièces', '3 Chambres', '2 Salles de bains', 'Bon état', '10-20 ans', '4ème étage']",7,144.0,5.0,3.0,2.0,Bon état,4.0,15
Appartements Casablanca,Maârif à Casablanca,33.56170473792227,-7.630379283521052,Appartement à vendre au quartier Maarif,2400000.0,"['138 m²', '4 Pièces', '3 Chambres', '2 Salles de bains', 'Bon état', '5ème étage']",6,138.0,4.0,3.0,2.0,Bon état,5.0,15
Appartements Casablanca,Sidi Othmane à Casablanca,33.55747150733868,-7.567906379699707,Bel appartement à vendre à Sidi Othmane. 2 pièces. Porte blindée et parabole,425000.0,"['61 m²', '4 Pièces', '2 Chambres', '1 Salle de bain', 'Nouveau', ""Moins d'un an"", '3ème étage']",7,61.0,4.0,2.0,1.0,Nouveau,3.0,0
Appartements Casablanca,Californie à Casablanca,33.56170473792227,-7.630379283521052,Appartement à vendre à porte californie,1700000.0,"['121 m²', '5 Pièces', '3 Chambres', '2 Salles de bains', 'Bon état']",5,121.0,5.0,3.0,2.0,Bon état,3.0,15
Appartements Casablanca,Racine à Casablanca,33.56170473792227,-7.630379283521052,Joli appartement,1850000.0,"['126 m²', '3 Chambres', '2 Salles de bains']",4,126.0,4.682934712346477,3.0,2.306532663316583,Bon état,3.0,15
Appartements Casablanca,Casablanca,33.57601248704883,-7.603912353515625,Dernier etage soleil proche boulevard massira,1600000.0,"['96 m²', '3 Pièces', '2 Chambres', '1 Salle de bain']",4,96.0,3.0,2.0,2.306532663316583,Bon état,3.0,15
Appartements Casablanca,Les princesses à Casablanca,33.56170473792227,-7.630379283521052,Beau produit avec terrasse 25m2,1800000.0,"['157 m²', '3 Chambres', '2 Salles de bains', '4ème étage']",5,157.0,4.682934712346477,3.0,2.0,Bon état,4.0,15
Appartements Casablanca,Gauthier à Casablanca,33.56170473792227,-7.630379283521052,Bel Appartement 149 m2 3ch à Gauthier,2100000.0,"['149 m²', '5 Pièces', '3 Chambres', '2 Salles de bains', 'Bon état', '10-20 ans', '3ème étage']",7,149.0,5.0,3.0,2.0,Bon état,3.0,15
Appartements Casablanca,Casablanca,33.56170473792227,-7.630379283521052,Californie residence calme et verdoyante,2800000.0,"['161 m²', '3 Chambres', '2 Salles de bains']",4,161.0,4.682934712346477,3.0,2.306532663316583,Bon état,3.0,15
Villas & maisons de luxe Casablanca,Casablanca,33.57601248704883,-7.603912353515625,Propriete de charme/ ideal gite ou camping,2000000.0,"['4000 m²', '2 Chambres', '1 Salle de bain']",4,4000.0,4.682934712346477,2.0,2.306532663316583,Bon état,3.0,15
Villas & maisons de luxe Casablanca,Anfa à Casablanca,33.56170473792227,-7.630379283521052,Soleil et calme,18500000.0,['1071 m²'],4,1071.0,4.682934712346477,2.9211172498465316,2.306532663316583,Bon état,3.0,15
Villas & maisons de luxe Casablanca,Anfa à Casablanca,33.56170473792227,-7.630379283521052,Soleil et calme,18500000.0,['1071 m²'],4,1071.0,4.682934712346477,2.9211172498465316,2.306532663316583,Bon état,3.0,15
Appartements Casablanca,Triangle d'Or à Casablanca,33.56170473792227,-7.630379283521052,Haut standingtriangle d or,2450000.0,"['159 m²', '5 Pièces', '3 Chambres', '2 Salles de bains']",4,159.0,5.0,3.0,2.306532663316583,Bon état,3.0,15
Appartements Casablanca,La Gironde à Casablanca,33.56170473792227,-7.630379283521052,"Appartement sans vis à vis, orientée sud",1100000.0,"['96 m²', '4 Pièces', '2 Chambres', '2 Salles de bains', 'Bon état', '10-20 ans', '2ème étage']",7,96.0,4.0,2.0,2.0,Bon état,2.0,15
Appartements Casablanca,Casablanca,33.57601248704883,-7.603912353515625,Cosy appartement a la vente princesse,1800000.0,"['128 m²', '4 Pièces', '3 Chambres', '2 Salles de bains', '3ème étage']",5,128.0,4.0,3.0,2.0,Bon état,3.0,15
Appartements Casablanca,Les princesses à Casablanca,33.57154299116339,-7.636313438415527,Bel studio 54 m² en vente les princesses,970000.0,"['54 m²', '2 Pièces', '1 Chambre', '1 Salle de bain', 'Nouveau', ""Moins d'un an"", '7ème étage']",7,54.0,2.0,1.0,1.0,Nouveau,7.0,0
Appartements Casablanca,Racine à Casablanca,33.56170473792227,-7.630379283521052,Appartement à vendre 214 m² à Racine,2800000.0,"['214 m²', '6 Pièces', '4 Chambres', '3 Salles de bains', 'À rénover']",5,214.0,6.0,4.0,3.0,À rénover,3.0,15
Appartements Casablanca,Oulfa à Casablanca,33.56170473792227,-7.630379283521052,Résidence moderne de prestige,620000.0,"['77 m²', '3 Pièces', '2 Chambres', '2 Salles de bains', 'Nouveau', ""Moins d'un an"", '1er étage']",7,77.0,3.0,2.0,2.0,Nouveau,1.0,0
Appartements Casablanca,Oulfa à Casablanca,33.56170473792227,-7.630379283521052,Résidence moderne de prestige,600000.0,"['75 m²', '3 Pièces', '2 Chambres', '2 Salles de bains', 'Nouveau', ""Moins d'un an"", '2ème étage']",7,75.0,3.0,2.0,2.0,Nouveau,2.0,0
Appartements Casablanca,Maârif Extension à Casablanca,33.57987394514173,-7.646827697753906,VENTE D'UN BEL APPARTEMENT DE 114M² MAARIF EXT,1280000.0,"['114 m²', '4 Pièces', '2 Chambres', '2 Salles de bains', 'Bon état']",5,114.0,4.0,2.0,2.0,Bon état,3.0,15
Appartements Casablanca,Casablanca Finance City à Casablanca,33.5585265011327,-7.605092525482178,Sublime studio à vendre,1500000.0,"['45 m²', '2 Pièces', '1 Chambre', '2 Salles de bains', 'Nouveau', '1-5 ans', '2ème étage']",7,45.0,2.0,1.0,2.0,Nouveau,2.0,3
Appartements Casablanca,Ferme Bretonne (Hay Arraha) à Casablanca,33.572365395778974,-7.669143676757983,Appartement de 50m² en vente Résidence Al Amal,1591000.0,"['86 m²', '1 Chambre', '2 Salles de bains']",4,86.0,4.682934712346477,1.0,2.306532663316583,Bon état,3.0,15
Appartements Casablanca,Ferme Bretonne (Hay Arraha) à Casablanca,33.572365395778974,-7.669143676757983,Appartement de 63m² en vente Résidence Al Amal,1933350.0,"['113 m²', '2 Chambres', '2 Salles de bains']",4,113.0,4.682934712346477,2.0,2.306532663316583,Bon état,3.0,15
Appartements Casablanca,Ferme Bretonne (Hay Arraha) à Casablanca,33.572365395778974,-7.669143676757983,Appartement de 65m² en vente Résidence Al Amal,1794500.0,"['107 m²', '2 Chambres', '2 Salles de bains']",4,107.0,4.682934712346477,2.0,2.306532663316583,Bon état,3.0,15
Appartements Casablanca,Les Hôpitaux à Casablanca,33.57797899192462,-7.62000560760498,Vente Appartement 2 Mars Casablanca,1900000.0,"['142 m²', '5 Pièces', '3 Chambres', '2 Salles de bains', 'Bon état', '4ème étage']",6,142.0,5.0,3.0,2.0,Bon état,4.0,15
Appartements Casablanca,Racine à Casablanca,33.57797899192462,-7.62000560760498,Vente Appartement Quartier Racine Casablanca,2800000.0,"['214 m²', '6 Pièces', '4 Chambres', '3 Salles de bains', 'Bon état', '10-20 ans', '2ème étage']",7,214.0,6.0,4.0,3.0,Bon état,2.0,15
Appartements Casablanca,Anfa à Casablanca,33.596175974504256,-7.657470703125,Appartement en vente à Anfa. Surface de 127 m². Ascenseur et places de parking.,2280000.0,"['127 m²', '5 Pièces', '3 Chambres', '2 Salles de bains', 'Nouveau', '5-10 ans', '3ème étage']",7,127.0,5.0,3.0,2.0,Nouveau,3.0,7
Appartements Casablanca,Anfa à Casablanca,33.56170473792227,-7.630379283521052,Appartement à vendre à Anfa. 3 belles chambres. Ascenseur et places de parking.,4558824.761494253,"['127 m²', '5 Pièces', '3 Chambres', '2 Salles de bains', 'Bon état', '5-10 ans', '3ème étage']",7,127.0,5.0,3.0,2.0,Bon état,3.0,7
Appartements Casablanca,Sidi Moumen à Casablanca,33.56170473792227,-7.630379283521052,Appartement à vendre à Sidi Moumen. Superficie 72 m²,370000.0,"['72 m²', '4 Pièces', '3 Chambres', '1 Salle de bain', 'Bon état', '10-20 ans']",6,72.0,4.0,3.0,1.0,Bon état,3.0,15
Villas & maisons de luxe Casablanca,Oulfa à Casablanca,33.55627344791359,-7.67918586730957,Villa a coté de marjan oulfa 1,3500000.0,"['251 m²', '4 Pièces', '11 Chambres', '4 Salles de bains', 'Bon état', '10-20 ans']",6,251.0,4.0,11.0,4.0,Bon état,3.0,15
Maisons Casablanca,Hay Zobir à Casablanca,33.56170473792227,-7.630379283521052,À vendre maison sur 4 niveaux cave RDC 2 ETG,3800000.0,"['85 m²', '10 Pièces', '3 Chambres', '4 Salles de bains', 'Bon état', '10-20 ans']",6,85.0,10.0,3.0,4.0,Bon état,3.0,15
Villas & maisons de luxe Casablanca,Californie à Casablanca,33.56170473792227,-7.630379283521052,Villa Ultra Moderne de 1633 m2 à Californie,28000000.0,"['1633 m²', '8 Pièces', '4 Chambres', '3 Salles de bains', 'Nouveau', '1-5 ans']",6,1633.0,8.0,4.0,3.0,Nouveau,3.0,3
Villas & maisons de luxe Casablanca,Anfa Supérieur à Casablanca,33.56170473792227,-7.630379283521052,Villa 1465m² à ANFA SUPÉRIEURE,24000000.0,"['1465 m²', '9 Pièces', '4 Chambres', '2 Salles de bains', 'Bon état', '10-20 ans']",6,1465.0,9.0,4.0,2.0,Bon état,3.0,15
Villas & maisons de luxe Casablanca,CIL (Hay Salam) à Casablanca,33.56170473792227,-7.630379283521052,Villa de 535 m2 à CIL,8000000.0,"['535 m²', '7 Pièces', '4 Chambres', '2 Salles de bains', 'Bon état', '5-10 ans']",6,535.0,7.0,4.0,2.0,Bon état,3.0,7
Villas & maisons de luxe Casablanca,Californie à Casablanca,33.53595755299843,-7.625627517700195,Villa de 1020 m2 à Califronie,13000000.0,"['1020 m²', '8 Pièces', '4 Chambres', '3 Salles de bains', 'Nouveau', '5-10 ans']",6,1020.0,8.0,4.0,3.0,Nouveau,3.0,7
Villas & maisons de luxe Casablanca,Anfa Supérieur à Casablanca,33.588597343995104,-7.66047477722168,Villa 1065m² à ANFA SUPÉRIEURE,19000000.0,"['1065 m²', '8 Pièces', '3 Chambres', '2 Salles de bains', 'Bon état', '10-20 ans']",6,1065.0,8.0,3.0,2.0,Bon état,3.0,15
Villas & maisons de luxe Casablanca,Oasis à Casablanca,33.55702447218315,-7.6348114013671875,Belle villa moderne récente de 563 m2 à l'oasis,8500000.0,"['563 m²', '7 Pièces', '4 Chambres', '3 Salles de bains', 'Nouveau', '1-5 ans']",6,563.0,7.0,4.0,3.0,Nouveau,3.0,3
Villas & maisons de luxe Casablanca,Longchamps (Hay Al Hanâa) à Casablanca,33.57751418572474,-7.664079666137695,Villa 675m² Moderne à Longchamps,11700000.0,"['675 m²', '7 Pièces', '4 Chambres', '3 Salles de bains', 'Nouveau', '5-10 ans']",6,675.0,7.0,4.0,3.0,Nouveau,3.0,7
Villas & maisons de luxe Casablanca,Longchamps (Hay Al Hanâa) à Casablanca,33.56170473792227,-7.630379283521052,Villa Neuve Moderne de 733 m2 à Longchamps,15000000.0,"['733 m²', '7 Pièces', '4 Chambres', '3 Salles de bains', 'Nouveau', '1-5 ans']",6,733.0,7.0,4.0,3.0,Nouveau,3.0,3
Villas & maisons de luxe Casablanca,CIL (Hay Salam) à Casablanca,33.57243690885356,-7.657556533813477,Villa Moderne de 425 m2 à CIL,9500000.0,"['425 m²', '7 Pièces', '4 Chambres', '3 Salles de bains', 'Nouveau', '1-5 ans']",6,425.0,7.0,4.0,3.0,Nouveau,3.0,3
Appartements Casablanca,Gauthier à Casablanca,33.56170473792227,-7.630379283521052,Bel Appartement 149 m2 3ch à Gauthier,2100000.0,"['149 m²', '5 Pièces', '3 Chambres', '2 Salles de bains', 'Bon état', '10-20 ans', '3ème étage']",7,149.0,5.0,3.0,2.0,Bon état,3.0,15
Appartements Casablanca,Casablanca,33.57601248704883,-7.603912353515625,Californie residence calme et verdoyante,2800000.0,"['161 m²', '3 Chambres', '2 Salles de bains']",4,161.0,4.682934712346477,3.0,2.306532663316583,Bon état,3.0,15
Villas & maisons de luxe Casablanca,Casablanca,33.56170473792227,-7.630379283521052,Propriete de charme/ ideal gite ou camping,2000000.0,"['4000 m²', '2 Chambres', '1 Salle de bain']",4,4000.0,4.682934712346477,2.0,2.306532663316583,Bon état,3.0,15
Villas & maisons de luxe Casablanca,Anfa à Casablanca,33.56170473792227,-7.630379283521052,Soleil et calme,18500000.0,['1071 m²'],4,1071.0,4.682934712346477,2.9211172498465316,2.306532663316583,Bon état,3.0,15
Villas & maisons de luxe Casablanca,Anfa à Casablanca,33.56170473792227,-7.630379283521052,Soleil et calme,18500000.0,['1071 m²'],4,1071.0,4.682934712346477,2.9211172498465316,2.306532663316583,Bon état,3.0,15
Appartements Casablanca,Triangle d'Or à Casablanca,33.582734173084866,-7.675838470458984,Haut standingtriangle d or,2450000.0,"['159 m²', '5 Pièces', '3 Chambres', '2 Salles de bains']",4,159.0,5.0,3.0,2.306532663316583,Bon état,3.0,15
Appartements Casablanca,La Gironde à Casablanca,33.58505803848486,-7.601637840270996,"Appartement sans vis à vis, orientée sud",1100000.0,"['96 m²', '4 Pièces', '2 Chambres', '2 Salles de bains', 'Bon état', '10-20 ans', '2ème étage']",7,96.0,4.0,2.0,2.0,Bon état,2.0,15
Appartements Casablanca,Casablanca,33.57601248704883,-7.603912353515625,Cosy appartement a la vente princesse,1800000.0,"['128 m²', '4 Pièces', '3 Chambres', '2 Salles de bains', '3ème étage']",5,128.0,4.0,3.0,2.0,Bon état,3.0,15
Appartements Casablanca,Les princesses à Casablanca,33.56170473792227,-7.630379283521052,Bel studio 54 m² en vente les princesses,970000.0,"['54 m²', '2 Pièces', '1 Chambre', '1 Salle de bain', 'Nouveau', ""Moins d'un an"", '7ème étage']",7,54.0,2.0,1.0,1.0,Nouveau,7.0,0
Appartements Casablanca,Racine à Casablanca,33.56170473792227,-7.630379283521052,Appartement à vendre 214 m² à Racine,2800000.0,"['214 m²', '6 Pièces', '4 Chambres', '3 Salles de bains', 'À rénover']",5,214.0,6.0,4.0,3.0,À rénover,3.0,15
Appartements Casablanca,Oulfa à Casablanca,33.56170473792227,-7.630379283521052,Résidence moderne de prestige,620000.0,"['77 m²', '3 Pièces', '2 Chambres', '2 Salles de bains', 'Nouveau', ""Moins d'un an"", '1er étage']",7,77.0,3.0,2.0,2.0,Nouveau,1.0,0
Appartements Casablanca,Oulfa à Casablanca,33.56170473792227,-7.630379283521052,Résidence moderne de prestige,600000.0,"['75 m²', '3 Pièces', '2 Chambres', '2 Salles de bains', 'Nouveau', ""Moins d'un an"", '2ème étage']",7,75.0,3.0,2.0,2.0,Nouveau,2.0,0
Appartements Casablanca,Maârif Extension à Casablanca,33.57987394514173,-7.646827697753906,VENTE D'UN BEL APPARTEMENT DE 114M² MAARIF EXT,1280000.0,"['114 m²', '4 Pièces', '2 Chambres', '2 Salles de bains', 'Bon état']",5,114.0,4.0,2.0,2.0,Bon état,3.0,15
Appartements Casablanca,Casablanca Finance City à Casablanca,33.5585265011327,-7.605092525482178,Sublime studio à vendre,1500000.0,"['45 m²', '2 Pièces', '1 Chambre', '2 Salles de bains', 'Nouveau', '1-5 ans', '2ème étage']",7,45.0,2.0,1.0,2.0,Nouveau,2.0,3
Appartements Casablanca,Ferme Bretonne (Hay Arraha) à Casablanca,33.572365395778974,-7.669143676757983,Appartement de 50m² en vente Résidence Al Amal,1591000.0,"['86 m²', '1 Chambre', '2 Salles de bains']",4,86.0,4.682934712346477,1.0,2.306532663316583,Bon état,3.0,15
Appartements Casablanca,Ferme Bretonne (Hay Arraha) à Casablanca,33.572365395778974,-7.669143676757983,Appartement de 63m² en vente Résidence Al Amal,1933350.0,"['113 m²', '2 Chambres', '2 Salles de bains']",4,113.0,4.682934712346477,2.0,2.306532663316583,Bon état,3.0,15
Appartements Casablanca,Ferme Bretonne (Hay Arraha) à Casablanca,33.572365395778974,-7.669143676757983,Appartement de 65m² en vente Résidence Al Amal,1794500.0,"['107 m²', '2 Chambres', '2 Salles de bains']",4,107.0,4.682934712346477,2.0,2.306532663316583,Bon état,3.0,15
Appartements Casablanca,Les Hôpitaux à Casablanca,33.56170473792227,-7.630379283521052,Vente Appartement 2 Mars Casablanca,1900000.0,"['142 m²', '5 Pièces', '3 Chambres', '2 Salles de bains', 'Bon état', '4ème étage']",6,142.0,5.0,3.0,2.0,Bon état,4.0,15
Appartements Casablanca,Racine à Casablanca,33.57797899192462,-7.62000560760498,Vente Appartement Quartier Racine Casablanca,2800000.0,"['214 m²', '6 Pièces', '4 Chambres', '3 Salles de bains', 'Bon état', '10-20 ans', '2ème étage']",7,214.0,6.0,4.0,3.0,Bon état,2.0,15
Appartements Casablanca,Anfa à Casablanca,33.596175974504256,-7.657470703125,Appartement en vente à Anfa. Surface de 127 m². Ascenseur et places de parking.,2280000.0,"['127 m²', '5 Pièces', '3 Chambres', '2 Salles de bains', 'Nouveau', '5-10 ans', '3ème étage']",7,127.0,5.0,3.0,2.0,Nouveau,3.0,7
Appartements Casablanca,Anfa à Casablanca,33.596175974504256,-7.657470703125,Appartement à vendre à Anfa. 3 belles chambres. Ascenseur et places de parking.,4558824.761494253,"['127 m²', '5 Pièces', '3 Chambres', '2 Salles de bains', 'Bon état', '5-10 ans', '3ème étage']",7,127.0,5.0,3.0,2.0,Bon état,3.0,7
Appartements Casablanca,Sidi Moumen à Casablanca,33.56170473792227,-7.630379283521052,Appartement à vendre à Sidi Moumen. Superficie 72 m²,370000.0,"['72 m²', '4 Pièces', '3 Chambres', '1 Salle de bain', 'Bon état', '10-20 ans']",6,72.0,4.0,3.0,1.0,Bon état,3.0,15
Villas & maisons de luxe Casablanca,Oulfa à Casablanca,33.56170473792227,-7.630379283521052,Villa a coté de marjan oulfa 1,3500000.0,"['251 m²', '4 Pièces', '11 Chambres', '4 Salles de bains', 'Bon état', '10-20 ans']",6,251.0,4.0,11.0,4.0,Bon état,3.0,15
Maisons Casablanca,Hay Zobir à Casablanca,33.583556471073265,-7.579107284545898,À vendre maison sur 4 niveaux cave RDC 2 ETG,3800000.0,"['85 m²', '10 Pièces', '3 Chambres', '4 Salles de bains', 'Bon état', '10-20 ans']",6,85.0,10.0,3.0,4.0,Bon état,3.0,15
Villas & maisons de luxe Casablanca,Californie à Casablanca,33.56170473792227,-7.630379283521052,Villa Ultra Moderne de 1633 m2 à Californie,28000000.0,"['1633 m²', '8 Pièces', '4 Chambres', '3 Salles de bains', 'Nouveau', '1-5 ans']",6,1633.0,8.0,4.0,3.0,Nouveau,3.0,3
Villas & maisons de luxe Casablanca,Anfa Supérieur à Casablanca,33.588597343995104,-7.66047477722168,Villa 1465m² à ANFA SUPÉRIEURE,24000000.0,"['1465 m²', '9 Pièces', '4 Chambres', '2 Salles de bains', 'Bon état', '10-20 ans']",6,1465.0,9.0,4.0,2.0,Bon état,3.0,15
Villas & maisons de luxe Casablanca,CIL (Hay Salam) à Casablanca,33.56170473792227,-7.630379283521052,Villa de 535 m2 à CIL,8000000.0,"['535 m²', '7 Pièces', '4 Chambres', '2 Salles de bains', 'Bon état', '5-10 ans']",6,535.0,7.0,4.0,2.0,Bon état,3.0,7
Villas & maisons de luxe Casablanca,Californie à Casablanca,33.56170473792227,-7.630379283521052,Villa de 1020 m2 à Califronie,13000000.0,"['1020 m²', '8 Pièces', '4 Chambres', '3 Salles de bains', 'Nouveau', '5-10 ans']",6,1020.0,8.0,4.0,3.0,Nouveau,3.0,7
Villas & maisons de luxe Casablanca,Anfa Supérieur à Casablanca,33.588597343995104,-7.66047477722168,Villa 1065m² à ANFA SUPÉRIEURE,19000000.0,"['1065 m²', '8 Pièces', '3 Chambres', '2 Salles de bains', 'Bon état', '10-20 ans']",6,1065.0,8.0,3.0,2.0,Bon état,3.0,15
Villas & maisons de luxe Casablanca,Oasis à Casablanca,33.56170473792227,-7.630379283521052,Belle villa moderne récente de 563 m2 à l'oasis,8500000.0,"['563 m²', '7 Pièces', '4 Chambres', '3 Salles de bains', 'Nouveau', '1-5 ans']",6,563.0,7.0,4.0,3.0,Nouveau,3.0,3
Villas & maisons de luxe Casablanca,Longchamps (Hay Al Hanâa) à Casablanca,33.56170473792227,-7.630379283521052,Villa 675m² Moderne à Longchamps,11700000.0,"['675 m²', '7 Pièces', '4 Chambres', '3 Salles de bains', 'Nouveau', '5-10 ans']",6,675.0,7.0,4.0,3.0,Nouveau,3.0,7
Villas & maisons de luxe Casablanca,Longchamps (Hay Al Hanâa) à Casablanca,33.57751418572474,-7.664079666137695,Villa Neuve Moderne de 733 m2 à Longchamps,15000000.0,"['733 m²', '7 Pièces', '4 Chambres', '3 Salles de bains', 'Nouveau', '1-5 ans']",6,733.0,7.0,4.0,3.0,Nouveau,3.0,3
Villas & maisons de luxe Casablanca,CIL (Hay Salam) à Casablanca,33.56170473792227,-7.630379283521052,Villa Moderne de 425 m2 à CIL,9500000.0,"['425 m²', '7 Pièces', '4 Chambres', '3 Salles de bains', 'Nouveau', '1-5 ans']",6,425.0,7.0,4.0,3.0,Nouveau,3.0,3
Villas & maisons de luxe Casablanca,CIL (Hay Salam) à Casablanca,33.56170473792227,-7.630379283521052,Villa Moderne de 425 m2 à CIL,9500000.0,"['425 m²', '7 Pièces', '4 Chambres', '3 Salles de bains', 'Nouveau', '1-5 ans']",6,425.0,7.0,4.0,3.0,Nouveau,3.0,3
Appartements Casablanca,Californie à Casablanca,33.53595755299843,-7.625627517700195,Villa de 1200 m2 à Californie,12000000.0,"['1200 m²', '9 Pièces', '4 Chambres', '3 Salles de bains', 'Bon état', '10-20 ans']",6,1200.0,9.0,4.0,3.0,Bon état,3.0,15
Villas & maisons de luxe Casablanca,Californie à Casablanca,33.56170473792227,-7.630379283521052,Villa Plain-Pied Moderne de 855 m2 à Californie,10000000.0,"['855 m²', '9 Pièces', '4 Chambres', '3 Salles de bains', 'Nouveau', '5-10 ans']",6,855.0,9.0,4.0,3.0,Nouveau,3.0,7
Villas & maisons de luxe Casablanca,Ain Diab à Casablanca,33.58630932470067,-7.671375274658203,Belle villa de 400 m2 dans résidence à ain diab,7000000.0,"['400 m²', '8 Pièces', '4 Chambres', '3 Salles de bains', 'Bon état', '5-10 ans']",6,400.0,8.0,4.0,3.0,Bon état,3.0,7
Villas & maisons de luxe Casablanca,Ain Diab à Casablanca,33.58630932470067,-7.671375274658203,Villa de 615 m2 à AIN DIAB avec VUE MER,9500000.0,"['615 m²', '8 Pièces', '4 Chambres', '3 Salles de bains', 'À rénover', '1-5 ans']",6,615.0,8.0,4.0,3.0,À rénover,3.0,3
Villas & maisons de luxe Casablanca,Oasis à Casablanca,33.56170473792227,-7.630379283521052,Villa de 850 m2 à l'oasis,9000000.0,"['850 m²', '8 Pièces', '4 Chambres', '3 Salles de bains', 'À rénover', '10-20 ans']",6,850.0,8.0,4.0,3.0,À rénover,3.0,15
Villas & maisons de luxe Casablanca,CIL (Hay Salam) à Casablanca,33.56170473792227,-7.630379283521052,Villa Commerciale de 435 m2 à Rue Ifrane Cil,9000000.0,"['435 m²', '7 Pièces', '4 Chambres', '2 Salles de bains', 'À rénover', '10-20 ans']",6,435.0,7.0,4.0,2.0,À rénover,3.0,15
Villas & maisons de luxe Casablanca,Californie à Casablanca,33.56170473792227,-7.630379283521052,Villa de 1500 m2 à Californie,16000000.0,"['1500 m²', '9 Pièces', '4 Chambres', '4 Salles de bains', 'Bon état', '10-20 ans']",6,1500.0,9.0,4.0,4.0,Bon état,3.0,15
Villas & maisons de luxe Casablanca,Ain Diab à Casablanca,33.56170473792227,-7.630379283521052,Villa de 545 m2 dans Résidence sécurisée Ain Diab,7500000.0,"['545 m²', '8 Pièces', '4 Chambres', '3 Salles de bains', 'Nouveau', '5-10 ans']",6,545.0,8.0,4.0,3.0,Nouveau,3.0,7
Villas & maisons de luxe Casablanca,Longchamps (Hay Al Hanâa) à Casablanca,33.57751418572474,-7.664079666137695,Villa de 400 m2 à longchamps,7500000.0,"['400 m²', '6 Pièces', '2 Chambres', '2 Salles de bains', 'À rénover', '10-20 ans']",6,400.0,6.0,2.0,2.0,À rénover,3.0,15
Villas & maisons de luxe Casablanca,Oasis à Casablanca,33.55702447218315,-7.6348114013671875,Villa de 584 m2 à l'oasis,7000000.0,"['584 m²', '8 Pièces', '4 Chambres', '3 Salles de bains', 'Bon état', '10-20 ans']",6,584.0,8.0,4.0,3.0,Bon état,3.0,15
Villas & maisons de luxe Casablanca,Oasis à Casablanca,33.55702447218315,-7.6348114013671875,Villa de 625 m2 à l'oasis,7500000.0,"['625 m²', '8 Pièces', '4 Chambres', '3 Salles de bains', 'Bon état', '10-20 ans']",6,625.0,8.0,4.0,3.0,Bon état,3.0,15
Villas & maisons de luxe Casablanca,Oasis à Casablanca,33.55702447218315,-7.6348114013671875,Villa de 530 m2 à l'oasis,6500000.0,"['530 m²', '7 Pièces', '4 Chambres', '3 Salles de bains', 'À rénover', '10-20 ans']",6,530.0,7.0,4.0,3.0,À rénover,3.0,15
Villas & maisons de luxe Casablanca,CIL (Hay Salam) à Casablanca,33.57243690885356,-7.657556533813477,Villa de 400 m2 Plain Pied à CIL,6800000.0,"['400 m²', '5 Pièces', '3 Chambres', '3 Salles de bains', 'Nouveau', '10-20 ans']",6,400.0,5.0,3.0,3.0,Nouveau,3.0,15
Villas & maisons de luxe Casablanca,Anfa à Casablanca,33.56170473792227,-7.630379283521052,Trplex Villa de 400 m2 à Val d'anfa,6500000.0,"['400 m²', '8 Pièces', '4 Chambres', '2 Salles de bains', 'Bon état', '10-20 ans']",6,400.0,8.0,4.0,2.0,Bon état,3.0,15
Villas & maisons de luxe Casablanca,Polo à Casablanca,33.55884836108079,-7.617988586425781,Villa de 665 m2 à Bagatelle Polo,7000000.0,"['665 m²', '7 Pièces', '3 Chambres', '2 Salles de bains', 'À rénover', '10-20 ans']",6,665.0,7.0,3.0,2.0,À rénover,3.0,15
Villas & maisons de luxe Casablanca,Oasis à Casablanca,33.56170473792227,-7.630379283521052,Belle villa moderne récente de 320 m2 à l'oasis,6500000.0,"['320 m²', '6 Pièces', '3 Chambres', '3 Salles de bains', 'Nouveau', '5-10 ans']",6,320.0,6.0,3.0,3.0,Nouveau,3.0,7
Villas & maisons de luxe Casablanca,CIL (Hay Salam) à Casablanca,33.56170473792227,-7.630379283521052,Villa de 460 m2 à CIL,7500000.0,"['460 m²', '6 Pièces', '4 Chambres', '2 Salles de bains', 'Bon état', '5-10 ans']",6,460.0,6.0,4.0,2.0,Bon état,3.0,7
Villas & maisons de luxe Casablanca,Oasis à Casablanca,33.56170473792227,-7.630379283521052,Villa Commerciale de 733 m2 à Bd Ghandi,13000000.0,"['733 m²', '8 Pièces', '4 Chambres', '2 Salles de bains', 'À rénover', '10-20 ans']",6,733.0,8.0,4.0,2.0,À rénover,3.0,15
Villas & maisons de luxe Casablanca,Ain Diab à Casablanca,33.56170473792227,-7.630379283521052,Villa de 350 m2 au Littoral Ain Diab,5800000.0,"['350 m²', '7 Pièces', '4 Chambres', '3 Salles de bains', 'Nouveau', '5-10 ans']",6,350.0,7.0,4.0,3.0,Nouveau,3.0,7
Villas & maisons de luxe Casablanca,Anfa Supérieur à Casablanca,33.588597343995104,-7.66047477722168,Villa 3200m² à ANFA SUPÉRIEURE,60000000.0,"['3200 m²', '9 Pièces', '4 Chambres', '3 Salles de bains', 'Bon état', '10-20 ans']",6,3200.0,9.0,4.0,3.0,Bon état,3.0,15
Villas & maisons de luxe Casablanca,Polo à Casablanca,33.56170473792227,-7.630379283521052,Villa 380 m2 dans Résidence sécurisée à POLO,6000000.0,"['380 m²', '8 Pièces', '4 Chambres', '3 Salles de bains', 'Nouveau', '5-10 ans']",6,380.0,8.0,4.0,3.0,Nouveau,3.0,7
Villas & maisons de luxe Casablanca,Polo à Casablanca,33.55884836108079,-7.617988586425781,Villa de 525 m2 à Bagatelle,5800000.0,"['525 m²', '8 Pièces', '3 Chambres', '2 Salles de bains', 'À rénover', '10-20 ans']",6,525.0,8.0,3.0,2.0,À rénover,3.0,15
Villas & maisons de luxe Casablanca,CIL (Hay Salam) à Casablanca,33.57243690885356,-7.657556533813477,Villa de 375 m2 à CIL,6800000.0,"['375 m²', '7 Pièces', '3 Chambres', '2 Salles de bains', 'À rénover', '10-20 ans']",6,375.0,7.0,3.0,2.0,À rénover,3.0,15
Villas & maisons de luxe Casablanca,El Manar - El Hank à Casablanca,33.56170473792227,-7.630379283521052,Villa de 540 m2 à EL MANAR,7500000.0,"['540 m²', '8 Pièces', '4 Chambres', '3 Salles de bains', 'Bon état', '10-20 ans']",6,540.0,8.0,4.0,3.0,Bon état,3.0,15
Villas & maisons de luxe Casablanca,Anfa à Casablanca,33.56170473792227,-7.630379283521052,Villa de 593m² à el manar bonne affaire,7900000.0,"['593 m²', '8 Pièces', '4 Chambres', '3 Salles de bains', 'Nouveau', '5-10 ans']",6,593.0,8.0,4.0,3.0,Nouveau,3.0,7
Villas & maisons de luxe Casablanca,Oasis à Casablanca,33.56170473792227,-7.630379283521052,Villa de 417 m2 à l'oasis,5500000.0,"['417 m²', '6 Pièces', '3 Chambres', '2 Salles de bains', 'À rénover', '10-20 ans']",6,417.0,6.0,3.0,2.0,À rénover,3.0,15
Villas & maisons de luxe Casablanca,CIL (Hay Salam) à Casablanca,33.56170473792227,-7.630379283521052,Villa de 390 m2 Neuve Moderne à CIL,9000000.0,"['390 m²', '8 Pièces', '4 Chambres', '4 Salles de bains', 'Nouveau', ""Moins d'un an""]",6,390.0,8.0,4.0,4.0,Nouveau,3.0,0
Villas & maisons de luxe Casablanca,CIL (Hay Salam) à Casablanca,33.56170473792227,-7.630379283521052,Villa de 675 m2 à Longchamps A SAISIR,8700000.0,"['675 m²', '7 Pièces', '4 Chambres', '3 Salles de bains', 'À rénover', '10-20 ans']",6,675.0,7.0,4.0,3.0,À rénover,3.0,15
Villas & maisons de luxe Casablanca,Longchamps (Hay Al Hanâa) à Casablanca,33.56170473792227,-7.630379283521052,Villa de 865 m2 à Longchamps TRÈS BONNE AFFAIRE,10800000.0,"['865 m²', '7 Pièces', '4 Chambres', '2 Salles de bains', 'À rénover', '10-20 ans']",6,865.0,7.0,4.0,2.0,À rénover,3.0,15
Villas & maisons de luxe Casablanca,CIL (Hay Salam) à Casablanca,33.57243690885356,-7.657556533813477,Villa de 988 m2 bien situé à Longchamps,13800000.0,"['988 m²', '8 Pièces', '4 Chambres', '3 Salles de bains', 'À rénover', '10-20 ans']",6,988.0,8.0,4.0,3.0,À rénover,3.0,15
Villas & maisons de luxe Casablanca,Ain Diab à Casablanca,33.56170473792227,-7.630379283521052,Villa de 350 m2 dans Résidence fermée à Ain Diab,6500000.0,"['350 m²', '7 Pièces', '4 Chambres', '3 Salles de bains', 'Nouveau', '5-10 ans']",6,350.0,7.0,4.0,3.0,Nouveau,3.0,7
Villas & maisons de luxe Casablanca,Longchamps (Hay Al Hanâa) à Casablanca,33.56170473792227,-7.630379283521052,Villa de 580 m2 à Longchamps,12000000.0,"['580 m²', '7 Pièces', '4 Chambres', '3 Salles de bains', 'Nouveau', '5-10 ans']",6,580.0,7.0,4.0,3.0,Nouveau,3.0,7
Villas & maisons de luxe Casablanca,CIL (Hay Salam) à Casablanca,33.57243690885356,-7.657556533813477,Villa Moderne de 425 m2 à CIL,9500000.0,"['425 m²', '7 Pièces', '4 Chambres', '3 Salles de bains', 'Nouveau', '1-5 ans']",6,425.0,7.0,4.0,3.0,Nouveau,3.0,3
Villas & maisons de luxe Casablanca,Californie à Casablanca,33.56170473792227,-7.630379283521052,Villa de 1200 m2 à Californie,12000000.0,"['1200 m²', '9 Pièces', '4 Chambres', '3 Salles de bains', 'Bon état', '10-20 ans']",6,1200.0,9.0,4.0,3.0,Bon état,3.0,15
Villas & maisons de luxe Casablanca,Californie à Casablanca,33.56170473792227,-7.630379283521052,Villa Plain-Pied Moderne de 855 m2 à Californie,10000000.0,"['855 m²', '9 Pièces', '4 Chambres', '3 Salles de bains', 'Nouveau', '5-10 ans']",6,855.0,9.0,4.0,3.0,Nouveau,3.0,7
Villas & maisons de luxe Casablanca,Ain Diab à Casablanca,33.56170473792227,-7.630379283521052,Belle villa de 400 m2 dans résidence à ain diab,7000000.0,"['400 m²', '8 Pièces', '4 Chambres', '3 Salles de bains', 'Bon état', '5-10 ans']",6,400.0,8.0,4.0,3.0,Bon état,3.0,7
Villas & maisons de luxe Casablanca,Ain Diab à Casablanca,33.56170473792227,-7.630379283521052,Villa de 615 m2 à AIN DIAB avec VUE MER,9500000.0,"['615 m²', '8 Pièces', '4 Chambres', '3 Salles de bains', 'À rénover', '1-5 ans']",6,615.0,8.0,4.0,3.0,À rénover,3.0,3
Villas & maisons de luxe Casablanca,Oasis à Casablanca,33.55702447218315,-7.6348114013671875,Villa de 850 m2 à l'oasis,9000000.0,"['850 m²', '8 Pièces', '4 Chambres', '3 Salles de bains', 'À rénover', '10-20 ans']",6,850.0,8.0,4.0,3.0,À rénover,3.0,15
Villas & maisons de luxe Casablanca,CIL (Hay Salam) à Casablanca,33.57243690885356,-7.657556533813477,Villa Commerciale de 435 m2 à Rue Ifrane Cil,9000000.0,"['435 m²', '7 Pièces', '4 Chambres', '2 Salles de bains', 'À rénover', '10-20 ans']",6,435.0,7.0,4.0,2.0,À rénover,3.0,15
Villas & maisons de luxe Casablanca,Californie à Casablanca,33.53595755299843,-7.625627517700195,Villa de 1500 m2 à Californie,16000000.0,"['1500 m²', '9 Pièces', '4 Chambres', '4 Salles de bains', 'Bon état', '10-20 ans']",6,1500.0,9.0,4.0,4.0,Bon état,3.0,15
Villas & maisons de luxe Casablanca,Ain Diab à Casablanca,33.56170473792227,-7.630379283521052,Villa de 545 m2 dans Résidence sécurisée Ain Diab,7500000.0,"['545 m²', '8 Pièces', '4 Chambres', '3 Salles de bains', 'Nouveau', '5-10 ans']",6,545.0,8.0,4.0,3.0,Nouveau,3.0,7
Villas & maisons de luxe Casablanca,Longchamps (Hay Al Hanâa) à Casablanca,33.57751418572474,-7.664079666137695,Villa de 400 m2 à longchamps,7500000.0,"['400 m²', '6 Pièces', '2 Chambres', '2 Salles de bains', 'À rénover', '10-20 ans']",6,400.0,6.0,2.0,2.0,À rénover,3.0,15
Villas & maisons de luxe Casablanca,Oasis à Casablanca,33.55702447218315,-7.6348114013671875,Villa de 584 m2 à l'oasis,7000000.0,"['584 m²', '8 Pièces', '4 Chambres', '3 Salles de bains', 'Bon état', '10-20 ans']",6,584.0,8.0,4.0,3.0,Bon état,3.0,15
Villas & maisons de luxe Casablanca,Oasis à Casablanca,33.55702447218315,-7.6348114013671875,Villa de 625 m2 à l'oasis,7500000.0,"['625 m²', '8 Pièces', '4 Chambres', '3 Salles de bains', 'Bon état', '10-20 ans']",6,625.0,8.0,4.0,3.0,Bon état,3.0,15
Villas & maisons de luxe Casablanca,Oasis à Casablanca,33.56170473792227,-7.630379283521052,Villa de 530 m2 à l'oasis,6500000.0,"['530 m²', '7 Pièces', '4 Chambres', '3 Salles de bains', 'À rénover', '10-20 ans']",6,530.0,7.0,4.0,3.0,À rénover,3.0,15
Villas & maisons de luxe Casablanca,CIL (Hay Salam) à Casablanca,33.56170473792227,-7.630379283521052,Villa de 400 m2 Plain Pied à CIL,6800000.0,"['400 m²', '5 Pièces', '3 Chambres', '3 Salles de bains', 'Nouveau', '10-20 ans']",6,400.0,5.0,3.0,3.0,Nouveau,3.0,15
Villas & maisons de luxe Casablanca,Anfa à Casablanca,33.596175974504256,-7.657470703125,Trplex Villa de 400 m2 à Val d'anfa,6500000.0,"['400 m²', '8 Pièces', '4 Chambres', '2 Salles de bains', 'Bon état', '10-20 ans']",6,400.0,8.0,4.0,2.0,Bon état,3.0,15
Villas & maisons de luxe Casablanca,Polo à Casablanca,33.56170473792227,-7.630379283521052,Villa de 665 m2 à Bagatelle Polo,7000000.0,"['665 m²', '7 Pièces', '3 Chambres', '2 Salles de bains', 'À rénover', '10-20 ans']",6,665.0,7.0,3.0,2.0,À rénover,3.0,15
Villas & maisons de luxe Casablanca,Oasis à Casablanca,33.56170473792227,-7.630379283521052,Belle villa moderne récente de 320 m2 à l'oasis,6500000.0,"['320 m²', '6 Pièces', '3 Chambres', '3 Salles de bains', 'Nouveau', '5-10 ans']",6,320.0,6.0,3.0,3.0,Nouveau,3.0,7
Villas & maisons de luxe Casablanca,CIL (Hay Salam) à Casablanca,33.56170473792227,-7.630379283521052,Villa de 460 m2 à CIL,7500000.0,"['460 m²', '6 Pièces', '4 Chambres', '2 Salles de bains', 'Bon état', '5-10 ans']",6,460.0,6.0,4.0,2.0,Bon état,3.0,7
Villas & maisons de luxe Casablanca,Oasis à Casablanca,33.56170473792227,-7.630379283521052,Villa Commerciale de 733 m2 à Bd Ghandi,13000000.0,"['733 m²', '8 Pièces', '4 Chambres', '2 Salles de bains', 'À rénover', '10-20 ans']",6,733.0,8.0,4.0,2.0,À rénover,3.0,15
Villas & maisons de luxe Casablanca,Ain Diab à Casablanca,33.56170473792227,-7.630379283521052,Villa de 350 m2 au Littoral Ain Diab,5800000.0,"['350 m²', '7 Pièces', '4 Chambres', '3 Salles de bains', 'Nouveau', '5-10 ans']",6,350.0,7.0,4.0,3.0,Nouveau,3.0,7
Villas & maisons de luxe Casablanca,Anfa Supérieur à Casablanca,33.56170473792227,-7.630379283521052,Villa 3200m² à ANFA SUPÉRIEURE,60000000.0,"['3200 m²', '9 Pièces', '4 Chambres', '3 Salles de bains', 'Bon état', '10-20 ans']",6,3200.0,9.0,4.0,3.0,Bon état,3.0,15
Villas & maisons de luxe Casablanca,Polo à Casablanca,33.56170473792227,-7.630379283521052,Villa 380 m2 dans Résidence sécurisée à POLO,6000000.0,"['380 m²', '8 Pièces', '4 Chambres', '3 Salles de bains', 'Nouveau', '5-10 ans']",6,380.0,8.0,4.0,3.0,Nouveau,3.0,7
Villas & maisons de luxe Casablanca,Polo à Casablanca,33.56170473792227,-7.630379283521052,Villa de 525 m2 à Bagatelle,5800000.0,"['525 m²', '8 Pièces', '3 Chambres', '2 Salles de bains', 'À rénover', '10-20 ans']",6,525.0,8.0,3.0,2.0,À rénover,3.0,15
Villas & maisons de luxe Casablanca,CIL (Hay Salam) à Casablanca,33.56170473792227,-7.630379283521052,Villa de 375 m2 à CIL,6800000.0,"['375 m²', '7 Pièces', '3 Chambres', '2 Salles de bains', 'À rénover', '10-20 ans']",6,375.0,7.0,3.0,2.0,À rénover,3.0,15
Villas & maisons de luxe Casablanca,El Manar - El Hank à Casablanca,33.56170473792227,-7.630379283521052,Villa de 540 m2 à EL MANAR,7500000.0,"['540 m²', '8 Pièces', '4 Chambres', '3 Salles de bains', 'Bon état', '10-20 ans']",6,540.0,8.0,4.0,3.0,Bon état,3.0,15
Villas & maisons de luxe Casablanca,Anfa à Casablanca,33.56170473792227,-7.630379283521052,Villa de 593m² à el manar bonne affaire,7900000.0,"['593 m²', '8 Pièces', '4 Chambres', '3 Salles de bains', 'Nouveau', '5-10 ans']",6,593.0,8.0,4.0,3.0,Nouveau,3.0,7
Villas & maisons de luxe Casablanca,Oasis à Casablanca,33.56170473792227,-7.630379283521052,Villa de 417 m2 à l'oasis,5500000.0,"['417 m²', '6 Pièces', '3 Chambres', '2 Salles de bains', 'À rénover', '10-20 ans']",6,417.0,6.0,3.0,2.0,À rénover,3.0,15
Villas & maisons de luxe Casablanca,CIL (Hay Salam) à Casablanca,33.56170473792227,-7.630379283521052,Villa de 390 m2 Neuve Moderne à CIL,9000000.0,"['390 m²', '8 Pièces', '4 Chambres', '4 Salles de bains', 'Nouveau', ""Moins d'un an""]",6,390.0,8.0,4.0,4.0,Nouveau,3.0,0
Villas & maisons de luxe Casablanca,CIL (Hay Salam) à Casablanca,33.56170473792227,-7.630379283521052,Villa de 675 m2 à Longchamps A SAISIR,8700000.0,"['675 m²', '7 Pièces', '4 Chambres', '3 Salles de bains', 'À rénover', '10-20 ans']",6,675.0,7.0,4.0,3.0,À rénover,3.0,15
Villas & maisons de luxe Casablanca,Longchamps (Hay Al Hanâa) à Casablanca,33.56170473792227,-7.630379283521052,Villa de 865 m2 à Longchamps TRÈS BONNE AFFAIRE,10800000.0,"['865 m²', '7 Pièces', '4 Chambres', '2 Salles de bains', 'À rénover', '10-20 ans']",6,865.0,7.0,4.0,2.0,À rénover,3.0,15
Villas & maisons de luxe Casablanca,CIL (Hay Salam) à Casablanca,33.56170473792227,-7.630379283521052,Villa de 988 m2 bien situé à Longchamps,13800000.0,"['988 m²', '8 Pièces', '4 Chambres', '3 Salles de bains', 'À rénover', '10-20 ans']",6,988.0,8.0,4.0,3.0,À rénover,3.0,15
Villas & maisons de luxe Casablanca,Ain Diab à Casablanca,33.56170473792227,-7.630379283521052,Villa de 350 m2 dans Résidence fermée à Ain Diab,6500000.0,"['350 m²', '7 Pièces', '4 Chambres', '3 Salles de bains', 'Nouveau', '5-10 ans']",6,350.0,7.0,4.0,3.0,Nouveau,3.0,7
Villas & maisons de luxe Casablanca,Longchamps (Hay Al Hanâa) à Casablanca,33.56170473792227,-7.630379283521052,Villa de 580 m2 à Longchamps,12000000.0,"['580 m²', '7 Pièces', '4 Chambres', '3 Salles de bains', 'Nouveau', '5-10 ans']",6,580.0,7.0,4.0,3.0,Nouveau,3.0,7
Villas & maisons de luxe Casablanca,CIL (Hay Salam) à Casablanca,33.56170473792227,-7.630379283521052,Villa Moderne de 425 m2 à CIL,9500000.0,"['425 m²', '7 Pièces', '4 Chambres', '3 Salles de bains', 'Nouveau', '1-5 ans']",6,425.0,7.0,4.0,3.0,Nouveau,3.0,3
Villas & maisons de luxe Casablanca,Californie à Casablanca,33.53595755299843,-7.625627517700195,Villa de 1200 m2 à Californie,12000000.0,"['1200 m²', '9 Pièces', '4 Chambres', '3 Salles de bains', 'Bon état', '10-20 ans']",6,1200.0,9.0,4.0,3.0,Bon état,3.0,15
Villas & maisons de luxe Casablanca,Californie à Casablanca,33.56170473792227,-7.630379283521052,Villa Plain-Pied Moderne de 855 m2 à Californie,10000000.0,"['855 m²', '9 Pièces', '4 Chambres', '3 Salles de bains', 'Nouveau', '5-10 ans']",6,855.0,9.0,4.0,3.0,Nouveau,3.0,7
Villas & maisons de luxe Casablanca,Ain Diab à Casablanca,33.56170473792227,-7.630379283521052,Belle villa de 400 m2 dans résidence à ain diab,7000000.0,"['400 m²', '8 Pièces', '4 Chambres', '3 Salles de bains', 'Bon état', '5-10 ans']",6,400.0,8.0,4.0,3.0,Bon état,3.0,7
Villas & maisons de luxe Casablanca,Ain Diab à Casablanca,33.56170473792227,-7.630379283521052,Villa de 615 m2 à AIN DIAB avec VUE MER,9500000.0,"['615 m²', '8 Pièces', '4 Chambres', '3 Salles de bains', 'À rénover', '1-5 ans']",6,615.0,8.0,4.0,3.0,À rénover,3.0,3
Villas & maisons de luxe Casablanca,Oasis à Casablanca,33.55702447218315,-7.6348114013671875,Villa de 850 m2 à l'oasis,9000000.0,"['850 m²', '8 Pièces', '4 Chambres', '3 Salles de bains', 'À rénover', '10-20 ans']",6,850.0,8.0,4.0,3.0,À rénover,3.0,15
Villas & maisons de luxe Casablanca,CIL (Hay Salam) à Casablanca,33.57243690885356,-7.657556533813477,Villa Commerciale de 435 m2 à Rue Ifrane Cil,9000000.0,"['435 m²', '7 Pièces', '4 Chambres', '2 Salles de bains', 'À rénover', '10-20 ans']",6,435.0,7.0,4.0,2.0,À rénover,3.0,15
Villas & maisons de luxe Casablanca,Californie à Casablanca,33.56170473792227,-7.630379283521052,Villa de 1500 m2 à Californie,16000000.0,"['1500 m²', '9 Pièces', '4 Chambres', '4 Salles de bains', 'Bon état', '10-20 ans']",6,1500.0,9.0,4.0,4.0,Bon état,3.0,15
Villas & maisons de luxe Casablanca,Ain Diab à Casablanca,33.56170473792227,-7.630379283521052,Villa de 545 m2 dans Résidence sécurisée Ain Diab,7500000.0,"['545 m²', '8 Pièces', '4 Chambres', '3 Salles de bains', 'Nouveau', '5-10 ans']",6,545.0,8.0,4.0,3.0,Nouveau,3.0,7
Villas & maisons de luxe Casablanca,Longchamps (Hay Al Hanâa) à Casablanca,33.57751418572474,-7.664079666137695,Villa de 400 m2 à longchamps,7500000.0,"['400 m²', '6 Pièces', '2 Chambres', '2 Salles de bains', 'À rénover', '10-20 ans']",6,400.0,6.0,2.0,2.0,À rénover,3.0,15
Villas & maisons de luxe Casablanca,Oasis à Casablanca,33.55702447218315,-7.6348114013671875,Villa de 584 m2 à l'oasis,7000000.0,"['584 m²', '8 Pièces', '4 Chambres', '3 Salles de bains', 'Bon état', '10-20 ans']",6,584.0,8.0,4.0,3.0,Bon état,3.0,15
Villas & maisons de luxe Casablanca,Oasis à Casablanca,33.56170473792227,-7.630379283521052,Villa de 625 m2 à l'oasis,7500000.0,"['625 m²', '8 Pièces', '4 Chambres', '3 Salles de bains', 'Bon état', '10-20 ans']",6,625.0,8.0,4.0,3.0,Bon état,3.0,15
Villas & maisons de luxe Casablanca,Oasis à Casablanca,33.55702447218315,-7.6348114013671875,Villa de 530 m2 à l'oasis,6500000.0,"['530 m²', '7 Pièces', '4 Chambres', '3 Salles de bains', 'À rénover', '10-20 ans']",6,530.0,7.0,4.0,3.0,À rénover,3.0,15
Villas & maisons de luxe Casablanca,CIL (Hay Salam) à Casablanca,33.57243690885356,-7.657556533813477,Villa de 400 m2 Plain Pied à CIL,6800000.0,"['400 m²', '5 Pièces', '3 Chambres', '3 Salles de bains', 'Nouveau', '10-20 ans']",6,400.0,5.0,3.0,3.0,Nouveau,3.0,15
Villas & maisons de luxe Casablanca,Anfa à Casablanca,33.56170473792227,-7.630379283521052,Trplex Villa de 400 m2 à Val d'anfa,6500000.0,"['400 m²', '8 Pièces', '4 Chambres', '2 Salles de bains', 'Bon état', '10-20 ans']",6,400.0,8.0,4.0,2.0,Bon état,3.0,15
Villas & maisons de luxe Casablanca,Polo à Casablanca,33.56170473792227,-7.630379283521052,Villa de 665 m2 à Bagatelle Polo,7000000.0,"['665 m²', '7 Pièces', '3 Chambres', '2 Salles de bains', 'À rénover', '10-20 ans']",6,665.0,7.0,3.0,2.0,À rénover,3.0,15
Villas & maisons de luxe Casablanca,Oasis à Casablanca,33.56170473792227,-7.630379283521052,Belle villa moderne récente de 320 m2 à l'oasis,6500000.0,"['320 m²', '6 Pièces', '3 Chambres', '3 Salles de bains', 'Nouveau', '5-10 ans']",6,320.0,6.0,3.0,3.0,Nouveau,3.0,7
Villas & maisons de luxe Casablanca,CIL (Hay Salam) à Casablanca,33.57243690885356,-7.657556533813477,Villa de 460 m2 à CIL,7500000.0,"['460 m²', '6 Pièces', '4 Chambres', '2 Salles de bains', 'Bon état', '5-10 ans']",6,460.0,6.0,4.0,2.0,Bon état,3.0,7
Villas & maisons de luxe Casablanca,Oasis à Casablanca,33.56170473792227,-7.630379283521052,Villa Commerciale de 733 m2 à Bd Ghandi,13000000.0,"['733 m²', '8 Pièces', '4 Chambres', '2 Salles de bains', 'À rénover', '10-20 ans']",6,733.0,8.0,4.0,2.0,À rénover,3.0,15
Villas & maisons de luxe Casablanca,Ain Diab à Casablanca,33.58630932470067,-7.671375274658203,Villa de 350 m2 au Littoral Ain Diab,5800000.0,"['350 m²', '7 Pièces', '4 Chambres', '3 Salles de bains', 'Nouveau', '5-10 ans']",6,350.0,7.0,4.0,3.0,Nouveau,3.0,7
Villas & maisons de luxe Casablanca,Anfa Supérieur à Casablanca,33.56170473792227,-7.630379283521052,Villa 3200m² à ANFA SUPÉRIEURE,60000000.0,"['3200 m²', '9 Pièces', '4 Chambres', '3 Salles de bains', 'Bon état', '10-20 ans']",6,3200.0,9.0,4.0,3.0,Bon état,3.0,15
Villas & maisons de luxe Casablanca,Polo à Casablanca,33.56170473792227,-7.630379283521052,Villa 380 m2 dans Résidence sécurisée à POLO,6000000.0,"['380 m²', '8 Pièces', '4 Chambres', '3 Salles de bains', 'Nouveau', '5-10 ans']",6,380.0,8.0,4.0,3.0,Nouveau,3.0,7
Villas & maisons de luxe Casablanca,Polo à Casablanca,33.55884836108079,-7.617988586425781,Villa de 525 m2 à Bagatelle,5800000.0,"['525 m²', '8 Pièces', '3 Chambres', '2 Salles de bains', 'À rénover', '10-20 ans']",6,525.0,8.0,3.0,2.0,À rénover,3.0,15
Villas & maisons de luxe Casablanca,CIL (Hay Salam) à Casablanca,33.56170473792227,-7.630379283521052,Villa de 375 m2 à CIL,6800000.0,"['375 m²', '7 Pièces', '3 Chambres', '2 Salles de bains', 'À rénover', '10-20 ans']",6,375.0,7.0,3.0,2.0,À rénover,3.0,15
Villas & maisons de luxe Casablanca,El Manar - El Hank à Casablanca,33.60689931379632,-7.652578353881836,Villa de 540 m2 à EL MANAR,7500000.0,"['540 m²', '8 Pièces', '4 Chambres', '3 Salles de bains', 'Bon état', '10-20 ans']",6,540.0,8.0,4.0,3.0,Bon état,3.0,15
Villas & maisons de luxe Casablanca,Anfa à Casablanca,33.56170473792227,-7.630379283521052,Villa de 593m² à el manar bonne affaire,7900000.0,"['593 m²', '8 Pièces', '4 Chambres', '3 Salles de bains', 'Nouveau', '5-10 ans']",6,593.0,8.0,4.0,3.0,Nouveau,3.0,7
Villas & maisons de luxe Casablanca,Oasis à Casablanca,33.56170473792227,-7.630379283521052,Villa de 417 m2 à l'oasis,5500000.0,"['417 m²', '6 Pièces', '3 Chambres', '2 Salles de bains', 'À rénover', '10-20 ans']",6,417.0,6.0,3.0,2.0,À rénover,3.0,15
Villas & maisons de luxe Casablanca,CIL (Hay Salam) à Casablanca,33.56170473792227,-7.630379283521052,Villa de 390 m2 Neuve Moderne à CIL,9000000.0,"['390 m²', '8 Pièces', '4 Chambres', '4 Salles de bains', 'Nouveau', ""Moins d'un an""]",6,390.0,8.0,4.0,4.0,Nouveau,3.0,0
Villas & maisons de luxe Casablanca,CIL (Hay Salam) à Casablanca,33.56170473792227,-7.630379283521052,Villa de 675 m2 à Longchamps A SAISIR,8700000.0,"['675 m²', '7 Pièces', '4 Chambres', '3 Salles de bains', 'À rénover', '10-20 ans']",6,675.0,7.0,4.0,3.0,À rénover,3.0,15
Villas & maisons de luxe Casablanca,Longchamps (Hay Al Hanâa) à Casablanca,33.56170473792227,-7.630379283521052,Villa de 865 m2 à Longchamps TRÈS BONNE AFFAIRE,10800000.0,"['865 m²', '7 Pièces', '4 Chambres', '2 Salles de bains', 'À rénover', '10-20 ans']",6,865.0,7.0,4.0,2.0,À rénover,3.0,15
Villas & maisons de luxe Casablanca,CIL (Hay Salam) à Casablanca,33.57243690885356,-7.657556533813477,Villa de 988 m2 bien situé à Longchamps,13800000.0,"['988 m²', '8 Pièces', '4 Chambres', '3 Salles de bains', 'À rénover', '10-20 ans']",6,988.0,8.0,4.0,3.0,À rénover,3.0,15
Villas & maisons de luxe Casablanca,Ain Diab à Casablanca,33.56170473792227,-7.630379283521052,Villa de 350 m2 dans Résidence fermée à Ain Diab,6500000.0,"['350 m²', '7 Pièces', '4 Chambres', '3 Salles de bains', 'Nouveau', '5-10 ans']",6,350.0,7.0,4.0,3.0,Nouveau,3.0,7
Villas & maisons de luxe Casablanca,Longchamps (Hay Al Hanâa) à Casablanca,33.56170473792227,-7.630379283521052,Villa de 580 m2 à Longchamps,12000000.0,"['580 m²', '7 Pièces', '4 Chambres', '3 Salles de bains', 'Nouveau', '5-10 ans']",6,580.0,7.0,4.0,3.0,Nouveau,3.0,7
Villas & maisons de luxe Casablanca,CIL (Hay Salam) à Casablanca,33.57243690885356,-7.657556533813477,Villa de 360 m2 à CIL,7000000.0,"['360 m²', '8 Pièces', '4 Chambres', '3 Salles de bains', 'Bon état', '10-20 ans']",6,360.0,8.0,4.0,3.0,Bon état,3.0,15
Villas & maisons de luxe Casablanca,Ain Diab à Casablanca,33.56170473792227,-7.630379283521052,Villa Moderne de 722 m2 à Ain diab,11500000.0,"['722 m²', '8 Pièces', '4 Chambres', '3 Salles de bains', 'Nouveau', '5-10 ans']",6,722.0,8.0,4.0,3.0,Nouveau,3.0,7
Villas & maisons de luxe Casablanca,Anfa à Casablanca,33.56170473792227,-7.630379283521052,Villa de 945 m2 à PARANFA,15000000.0,"['945 m²', '8 Pièces', '4 Chambres', '3 Salles de bains', 'À rénover', '5-10 ans']",6,945.0,8.0,4.0,3.0,À rénover,3.0,7
Villas & maisons de luxe Casablanca,Ain Diab à Casablanca,33.58630932470067,-7.671375274658203,Villa de 400 m2 dans Résidence sécurisée Ain Diab,6800000.0,"['400 m²', '8 Pièces', '4 Chambres', '3 Salles de bains', 'Nouveau', '5-10 ans']",6,400.0,8.0,4.0,3.0,Nouveau,3.0,7
Villas & maisons de luxe Casablanca,Anfa à Casablanca,33.56170473792227,-7.630379283521052,Villa Moderne de 993 m2 avec Vue Mer à ANFA,14500000.0,"['993 m²', '7 Pièces', '4 Chambres', '3 Salles de bains', 'Nouveau', '5-10 ans']",6,993.0,7.0,4.0,3.0,Nouveau,3.0,7
Appartements Casablanca,Californie à Casablanca,33.53595755299843,-7.625627517700195,Villa Commerciale de 1350 m2 à Bd La Mecque,16000000.0,"['1350 m²', '7 Pièces', '4 Chambres', '2 Salles de bains', 'Bon état', '10-20 ans']",6,1350.0,7.0,4.0,2.0,Bon état,3.0,15
Villas & maisons de luxe Casablanca,Californie à Casablanca,33.56170473792227,-7.630379283521052,Villa Commerciale de 1120 m2 à Bd Panoramique,15000000.0,"['1120 m²', '8 Pièces', '4 Chambres', '3 Salles de bains', 'Bon état', '10-20 ans']",6,1120.0,8.0,4.0,3.0,Bon état,3.0,15
Villas & maisons de luxe Casablanca,Californie à Casablanca,33.56170473792227,-7.630379283521052,Villa Commerciale de 1800 m2 à Bd Panoramique,22000000.0,"['1800 m²', '7 Pièces', '4 Chambres', '3 Salles de bains', 'Bon état', '10-20 ans']",6,1800.0,7.0,4.0,3.0,Bon état,3.0,15
Villas & maisons de luxe Casablanca,Polo à Casablanca,33.56170473792227,-7.630379283521052,Villa Commerciale de 977 m2 à Bd Modibo Keita,13000000.0,"['977 m²', '8 Pièces', '4 Chambres', '2 Salles de bains', 'Bon état', '10-20 ans']",6,977.0,8.0,4.0,2.0,Bon état,3.0,15
Villas & maisons de luxe Casablanca,Polo à Casablanca,33.55884836108079,-7.617988586425781,Villa Commerciale de 2200 m2 à Bd Modibo Keita,23000000.0,"['2200 m²', '7 Pièces', '4 Chambres', '3 Salles de bains', 'À rénover', '10-20 ans']",6,2200.0,7.0,4.0,3.0,À rénover,3.0,15
Villas & maisons de luxe Casablanca,Anfa à Casablanca,33.56170473792227,-7.630379283521052,Villa Commerciale de 1025 m2 à Bd La Corniche,18000000.0,"['1025 m²', '8 Pièces', '4 Chambres', '2 Salles de bains', 'Bon état', '10-20 ans']",6,1025.0,8.0,4.0,2.0,Bon état,3.0,15
Villas & maisons de luxe Casablanca,Oasis à Casablanca,33.55702447218315,-7.6348114013671875,Villa Commerciale de 1622 m2 à Bd Ghandi,30000000.0,"['1622 m²', '7 Pièces', '4 Chambres', '2 Salles de bains', 'Bon état', '10-20 ans']",6,1622.0,7.0,4.0,2.0,Bon état,3.0,15
Villas & maisons de luxe Casablanca,Longchamps (Hay Al Hanâa) à Casablanca,33.56170473792227,-7.630379283521052,Villa Commerciale de 1085 m2 à Bd Ghandi,20000000.0,"['1085 m²', '8 Pièces', '4 Chambres', '3 Salles de bains', 'Bon état', '10-20 ans']",6,1085.0,8.0,4.0,3.0,Bon état,3.0,15
Villas & maisons de luxe Casablanca,CIL (Hay Salam) à Casablanca,33.56170473792227,-7.630379283521052,Villa Commerciale de 575 m2 à Bd Ghandi,12000000.0,"['575 m²', '9 Pièces', '4 Chambres', '3 Salles de bains', 'Bon état', '10-20 ans']",6,575.0,9.0,4.0,3.0,Bon état,3.0,15
Villas & maisons de luxe Casablanca,Anfa à Casablanca,33.56170473792227,-7.630379283521052,Villa Commerciale de 985 m2 à Bd Dris Slaoui,20000000.0,"['985 m²', '8 Pièces', '4 Chambres', '2 Salles de bains', 'À rénover', '10-20 ans']",6,985.0,8.0,4.0,2.0,À rénover,3.0,15
Villas & maisons de luxe Casablanca,Anfa à Casablanca,33.596175974504256,-7.657470703125,Villa Commerciale de 627 m2 à Bd Dris Slaoui,13000000.0,"['627 m²', '8 Pièces', '4 Chambres', '3 Salles de bains', 'À rénover', '10-20 ans']",6,627.0,8.0,4.0,3.0,À rénover,3.0,15
Villas & maisons de luxe Casablanca,Anfa à Casablanca,33.56170473792227,-7.630379283521052,Villa Commerciale 1017 m2 à Bd Frankiln Roosevet,25000000.0,"['1017 m²', '8 Pièces', '4 Chambres', '3 Salles de bains', 'À rénover', '10-20 ans']",6,1017.0,8.0,4.0,3.0,À rénover,3.0,15
Villas & maisons de luxe Casablanca,CIL (Hay Salam) à Casablanca,33.56170473792227,-7.630379283521052,Villa de 715 m2 en plein CIL AFFAIRE A SAISIR,8700000.0,"['715 m²', '9 Pièces', '4 Chambres', '3 Salles de bains', 'À rénover', '10-20 ans']",6,715.0,9.0,4.0,3.0,À rénover,3.0,15
Villas & maisons de luxe Casablanca,Ain Borja à Casablanca,33.56170473792227,-7.630379283521052,Villa bien située a casablanca a vendre,6630000.0,"['390 m²', '5 Pièces', '1 Chambre', '1 Salle de bain', 'Bon état']",5,390.0,5.0,1.0,1.0,Bon état,3.0,15
Maisons Casablanca,Hay Al Amal à Casablanca,33.55459256041105,-7.585909366607666,Maison à vendre sidi bernoussi,2600000.0,"['96 m²', '5 Pièces', '2 Chambres', '2 Salles de bains', 'Bon état', '20-30 ans']",6,96.0,5.0,2.0,2.0,Bon état,3.0,25
Appartements Casablanca,Oasis à Casablanca,33.55702447218315,-7.6348114013671875,Très bel appartement 2 chambres,1400000.0,"['71 m²', '3 Pièces', '2 Chambres', '2 Salles de bains', 'Nouveau', ""Moins d'un an"", '1er étage']",7,71.0,3.0,2.0,2.0,Nouveau,1.0,0
Appartements Casablanca,Bourgogne Ouest à Casablanca,33.56170473792227,-7.630379283521052,Appartement à vendre Casablanca Bourgogne,1170000.0,"['89 m²', '4 Pièces', '2 Chambres', '1 Salle de bain', 'Bon état', '10-20 ans', '6ème étage']",7,89.0,4.0,2.0,1.0,Bon état,6.0,15
Appartements Casablanca,Palmier à Casablanca,33.58234089736395,-7.624747753143339,Appartement À Vendre à Palmier,1950000.0,"['125 m²', '5 Pièces', '3 Chambres', '2 Salles de bains', 'Bon état', '9ème étage']",6,125.0,5.0,3.0,2.0,Bon état,9.0,15
Appartements Casablanca,Les princesses à Casablanca,33.56170473792227,-7.630379283521052,App 2Ch Ensoleillé Les Princesses PRIX ATTRACTIF,1500000.0,"['100 m²', '3 Pièces', '2 Chambres', '2 Salles de bains', 'Bon état', '10-20 ans', '4ème étage']",7,100.0,3.0,2.0,2.0,Bon état,4.0,15
Riad Casablanca,Californie à Casablanca,33.53595755299843,-7.625627517700195,INCROYABLE villa a vendre sur Californie,16500000.0,"['1000 m²', '7 Pièces', '5 Chambres', '5 Salles de bains', 'Bon état', '1-5 ans']",6,1000.0,7.0,5.0,5.0,Bon état,3.0,3
Appartements Casablanca,Triangle d'Or à Casablanca,33.56170473792227,-7.630379283521052,Vente appartement 234m² avec terrasse Triangle d'Or,3600000.0,"['234 m²', '5 Pièces', '3 Chambres', '3 Salles de bains', 'Bon état']",5,234.0,5.0,3.0,3.0,Bon état,3.0,15
Appartements Casablanca,Palmier à Casablanca,33.580946541729524,-7.629060745239258,Appartement Haut standing à vendre,1500000.0,"['93 m²', '3 Pièces', '2 Chambres', '2 Salles de bains', 'Nouveau', ""Moins d'un an"", '3ème étage']",7,93.0,3.0,2.0,2.0,Nouveau,3.0,0
Appartements Casablanca,La Gironde à Casablanca,33.58665179999999,-7.604215600000003,Appartement à l'achat à La gironde 6 grandes pièces. Parking et ascenseur,1590000.0,"['153 m²', '6 Pièces', '3 Chambres', '3 Salles de bains', 'Nouveau', '5-10 ans', '6ème étage']",7,153.0,6.0,3.0,3.0,Nouveau,6.0,7
Appartements Casablanca,Casablanca Finance City à Casablanca,33.54603136667562,-7.653001213551647,Vend appartement à Casablanca Finance City. 2 belles chambres. Système de parabole et résidence sécurisée.,5200000.0,"['58 m²', '2 Pièces', '2 Chambres', '1 Salle de bain', 'Bon état', '20-30 ans', '3ème étage']",7,58.0,2.0,2.0,1.0,Bon état,3.0,25
Appartements Casablanca,Burger à Casablanca,33.57139804552769,-7.64561154501672,Appartement Vente,2400000.0,"['215 m²', '4 Pièces', '3 Chambres', '3 Salles de bains', 'Bon état', '10-20 ans', '1er étage']",7,215.0,4.0,3.0,3.0,Bon état,1.0,15
Appartements Casablanca,Ferme Bretonne (Hay Arraha) à Casablanca,33.554412099999986,-7.647168000000022,Magnifique appartement neuf à vendre,2430000.0,"['138 m²', '4 Pièces', '3 Chambres', '2 Salles de bains', 'Nouveau', ""Moins d'un an"", '3ème étage']",7,138.0,4.0,3.0,2.0,Nouveau,3.0,0
Appartements Casablanca,Belvédère à Casablanca,33.56170473792227,-7.630379283521052,"Magnifique Appartement à vendre, BELVEDERE",4558824.761494253,"['96 m²', '4 Pièces', '2 Chambres', '2 Salles de bains', 'Nouveau', ""Moins d'un an"", '3ème étage']",7,96.0,4.0,2.0,2.0,Nouveau,3.0,0
Appartements Casablanca,Belvédère à Casablanca,33.56170473792227,-7.630379283521052,"Appartement 96m², Belvédère",4558824.761494253,"['96 m²', '4 Pièces', '3 Chambres', '2 Salles de bains', 'Nouveau', ""Moins d'un an"", '4ème étage']",7,96.0,4.0,3.0,2.0,Nouveau,4.0,0
Villas & maisons de luxe Casablanca,CIL (Hay Salam) à Casablanca,33.56170473792227,-7.630379283521052,Villa de 360 m2 à CIL,7000000.0,"['360 m²', '8 Pièces', '4 Chambres', '3 Salles de bains', 'Bon état', '10-20 ans']",6,360.0,8.0,4.0,3.0,Bon état,3.0,15
Villas & maisons de luxe Casablanca,Ain Diab à Casablanca,33.56170473792227,-7.630379283521052,Villa Moderne de 722 m2 à Ain diab,11500000.0,"['722 m²', '8 Pièces', '4 Chambres', '3 Salles de bains', 'Nouveau', '5-10 ans']",6,722.0,8.0,4.0,3.0,Nouveau,3.0,7
Villas & maisons de luxe Casablanca,Anfa à Casablanca,33.56170473792227,-7.630379283521052,Villa de 945 m2 à PARANFA,15000000.0,"['945 m²', '8 Pièces', '4 Chambres', '3 Salles de bains', 'À rénover', '5-10 ans']",6,945.0,8.0,4.0,3.0,À rénover,3.0,7
Villas & maisons de luxe Casablanca,Ain Diab à Casablanca,33.56170473792227,-7.630379283521052,Villa de 400 m2 dans Résidence sécurisée Ain Diab,6800000.0,"['400 m²', '8 Pièces', '4 Chambres', '3 Salles de bains', 'Nouveau', '5-10 ans']",6,400.0,8.0,4.0,3.0,Nouveau,3.0,7
Villas & maisons de luxe Casablanca,Anfa à Casablanca,33.56170473792227,-7.630379283521052,Villa Moderne de 993 m2 avec Vue Mer à ANFA,14500000.0,"['993 m²', '7 Pièces', '4 Chambres', '3 Salles de bains', 'Nouveau', '5-10 ans']",6,993.0,7.0,4.0,3.0,Nouveau,3.0,7
Villas & maisons de luxe Casablanca,Californie à Casablanca,33.53595755299843,-7.625627517700195,Villa Commerciale de 1350 m2 à Bd La Mecque,16000000.0,"['1350 m²', '7 Pièces', '4 Chambres', '2 Salles de bains', 'Bon état', '10-20 ans']",6,1350.0,7.0,4.0,2.0,Bon état,3.0,15
Villas & maisons de luxe Casablanca,Californie à Casablanca,33.56170473792227,-7.630379283521052,Villa Commerciale de 1120 m2 à Bd Panoramique,15000000.0,"['1120 m²', '8 Pièces', '4 Chambres', '3 Salles de bains', 'Bon état', '10-20 ans']",6,1120.0,8.0,4.0,3.0,Bon état,3.0,15
Villas & maisons de luxe Casablanca,Californie à Casablanca,33.56170473792227,-7.630379283521052,Villa Commerciale de 1800 m2 à Bd Panoramique,22000000.0,"['1800 m²', '7 Pièces', '4 Chambres', '3 Salles de bains', 'Bon état', '10-20 ans']",6,1800.0,7.0,4.0,3.0,Bon état,3.0,15
Villas & maisons de luxe Casablanca,Polo à Casablanca,33.56170473792227,-7.630379283521052,Villa Commerciale de 977 m2 à Bd Modibo Keita,13000000.0,"['977 m²', '8 Pièces', '4 Chambres', '2 Salles de bains', 'Bon état', '10-20 ans']",6,977.0,8.0,4.0,2.0,Bon état,3.0,15
Villas & maisons de luxe Casablanca,Polo à Casablanca,33.56170473792227,-7.630379283521052,Villa Commerciale de 2200 m2 à Bd Modibo Keita,23000000.0,"['2200 m²', '7 Pièces', '4 Chambres', '3 Salles de bains', 'À rénover', '10-20 ans']",6,2200.0,7.0,4.0,3.0,À rénover,3.0,15
Villas & maisons de luxe Casablanca,Anfa à Casablanca,33.56170473792227,-7.630379283521052,Villa Commerciale de 1025 m2 à Bd La Corniche,18000000.0,"['1025 m²', '8 Pièces', '4 Chambres', '2 Salles de bains', 'Bon état', '10-20 ans']",6,1025.0,8.0,4.0,2.0,Bon état,3.0,15
Villas & maisons de luxe Casablanca,Oasis à Casablanca,33.55702447218315,-7.6348114013671875,Villa Commerciale de 1622 m2 à Bd Ghandi,30000000.0,"['1622 m²', '7 Pièces', '4 Chambres', '2 Salles de bains', 'Bon état', '10-20 ans']",6,1622.0,7.0,4.0,2.0,Bon état,3.0,15
Villas & maisons de luxe Casablanca,Longchamps (Hay Al Hanâa) à Casablanca,33.56170473792227,-7.630379283521052,Villa Commerciale de 1085 m2 à Bd Ghandi,20000000.0,"['1085 m²', '8 Pièces', '4 Chambres', '3 Salles de bains', 'Bon état', '10-20 ans']",6,1085.0,8.0,4.0,3.0,Bon état,3.0,15
Villas & maisons de luxe Casablanca,CIL (Hay Salam) à Casablanca,33.57243690885356,-7.657556533813477,Villa Commerciale de 575 m2 à Bd Ghandi,12000000.0,"['575 m²', '9 Pièces', '4 Chambres', '3 Salles de bains', 'Bon état', '10-20 ans']",6,575.0,9.0,4.0,3.0,Bon état,3.0,15
Villas & maisons de luxe Casablanca,Anfa à Casablanca,33.596175974504256,-7.657470703125,Villa Commerciale de 985 m2 à Bd Dris Slaoui,20000000.0,"['985 m²', '8 Pièces', '4 Chambres', '2 Salles de bains', 'À rénover', '10-20 ans']",6,985.0,8.0,4.0,2.0,À rénover,3.0,15
Villas & maisons de luxe Casablanca,Anfa à Casablanca,33.596175974504256,-7.657470703125,Villa Commerciale de 627 m2 à Bd Dris Slaoui,13000000.0,"['627 m²', '8 Pièces', '4 Chambres', '3 Salles de bains', 'À rénover', '10-20 ans']",6,627.0,8.0,4.0,3.0,À rénover,3.0,15
Villas & maisons de luxe Casablanca,Anfa à Casablanca,33.596175974504256,-7.657470703125,Villa Commerciale 1017 m2 à Bd Frankiln Roosevet,25000000.0,"['1017 m²', '8 Pièces', '4 Chambres', '3 Salles de bains', 'À rénover', '10-20 ans']",6,1017.0,8.0,4.0,3.0,À rénover,3.0,15
Villas & maisons de luxe Casablanca,CIL (Hay Salam) à Casablanca,33.56170473792227,-7.630379283521052,Villa de 715 m2 en plein CIL AFFAIRE A SAISIR,8700000.0,"['715 m²', '9 Pièces', '4 Chambres', '3 Salles de bains', 'À rénover', '10-20 ans']",6,715.0,9.0,4.0,3.0,À rénover,3.0,15
Villas & maisons de luxe Casablanca,Ain Borja à Casablanca,33.56170473792227,-7.630379283521052,Villa bien située a casablanca a vendre,6630000.0,"['390 m²', '5 Pièces', '1 Chambre', '1 Salle de bain', 'Bon état']",5,390.0,5.0,1.0,1.0,Bon état,3.0,15
Maisons Casablanca,Hay Al Amal à Casablanca,33.55459256041105,-7.585909366607666,Maison à vendre sidi bernoussi,2600000.0,"['96 m²', '5 Pièces', '2 Chambres', '2 Salles de bains', 'Bon état', '20-30 ans']",6,96.0,5.0,2.0,2.0,Bon état,3.0,25
Appartements Casablanca,Oasis à Casablanca,33.56170473792227,-7.630379283521052,Très bel appartement 2 chambres,1400000.0,"['71 m²', '3 Pièces', '2 Chambres', '2 Salles de bains', 'Nouveau', ""Moins d'un an"", '1er étage']",7,71.0,3.0,2.0,2.0,Nouveau,1.0,0
Appartements Casablanca,Bourgogne Ouest à Casablanca,33.56170473792227,-7.630379283521052,Appartement à vendre Casablanca Bourgogne,1170000.0,"['89 m²', '4 Pièces', '2 Chambres', '1 Salle de bain', 'Bon état', '10-20 ans', '6ème étage']",7,89.0,4.0,2.0,1.0,Bon état,6.0,15
Appartements Casablanca,Palmier à Casablanca,33.58234089736395,-7.624747753143339,Appartement À Vendre à Palmier,1950000.0,"['125 m²', '5 Pièces', '3 Chambres', '2 Salles de bains', 'Bon état', '9ème étage']",6,125.0,5.0,3.0,2.0,Bon état,9.0,15
Appartements Casablanca,Les princesses à Casablanca,33.56170473792227,-7.630379283521052,App 2Ch Ensoleillé Les Princesses PRIX ATTRACTIF,1500000.0,"['100 m²', '3 Pièces', '2 Chambres', '2 Salles de bains', 'Bon état', '10-20 ans', '4ème étage']",7,100.0,3.0,2.0,2.0,Bon état,4.0,15
Riad Casablanca,Californie à Casablanca,33.53595755299843,-7.625627517700195,INCROYABLE villa a vendre sur Californie,16500000.0,"['1000 m²', '7 Pièces', '5 Chambres', '5 Salles de bains', 'Bon état', '1-5 ans']",6,1000.0,7.0,5.0,5.0,Bon état,3.0,3
Appartements Casablanca,Triangle d'Or à Casablanca,33.56170473792227,-7.630379283521052,Vente appartement 234m² avec terrasse Triangle d'Or,3600000.0,"['234 m²', '5 Pièces', '3 Chambres', '3 Salles de bains', 'Bon état']",5,234.0,5.0,3.0,3.0,Bon état,3.0,15
Appartements Casablanca,Palmier à Casablanca,33.56170473792227,-7.630379283521052,Appartement Haut standing à vendre,1500000.0,"['93 m²', '3 Pièces', '2 Chambres', '2 Salles de bains', 'Nouveau', ""Moins d'un an"", '3ème étage']",7,93.0,3.0,2.0,2.0,Nouveau,3.0,0
Appartements Casablanca,La Gironde à Casablanca,33.58665179999999,-7.604215600000003,Appartement à l'achat à La gironde 6 grandes pièces. Parking et ascenseur,1590000.0,"['153 m²', '6 Pièces', '3 Chambres', '3 Salles de bains', 'Nouveau', '5-10 ans', '6ème étage']",7,153.0,6.0,3.0,3.0,Nouveau,6.0,7
Appartements Casablanca,Casablanca Finance City à Casablanca,33.54603136667562,-7.653001213551647,Vend appartement à Casablanca Finance City. 2 belles chambres. Système de parabole et résidence sécurisée.,5200000.0,"['58 m²', '2 Pièces', '2 Chambres', '1 Salle de bain', 'Bon état', '20-30 ans', '3ème étage']",7,58.0,2.0,2.0,1.0,Bon état,3.0,25
Appartements Casablanca,Burger à Casablanca,33.57139804552769,-7.64561154501672,Appartement Vente,2400000.0,"['215 m²', '4 Pièces', '3 Chambres', '3 Salles de bains', 'Bon état', '10-20 ans', '1er étage']",7,215.0,4.0,3.0,3.0,Bon état,1.0,15
Appartements Casablanca,Ferme Bretonne (Hay Arraha) à Casablanca,33.554412099999986,-7.647168000000022,Magnifique appartement neuf à vendre,2430000.0,"['138 m²', '4 Pièces', '3 Chambres', '2 Salles de bains', 'Nouveau', ""Moins d'un an"", '3ème étage']",7,138.0,4.0,3.0,2.0,Nouveau,3.0,0
Appartements Casablanca,Belvédère à Casablanca,33.5895625839363,-7.59678840637207,"Magnifique Appartement à vendre, BELVEDERE",4558824.761494253,"['96 m²', '4 Pièces', '2 Chambres', '2 Salles de bains', 'Nouveau', ""Moins d'un an"", '3ème étage']",7,96.0,4.0,2.0,2.0,Nouveau,3.0,0
Appartements Casablanca,Belvédère à Casablanca,33.56170473792227,-7.630379283521052,"Appartement 96m², Belvédère",4558824.761494253,"['96 m²', '4 Pièces', '3 Chambres', '2 Salles de bains', 'Nouveau', ""Moins d'un an"", '4ème étage']",7,96.0,4.0,3.0,2.0,Nouveau,4.0,0
Villas & maisons de luxe Casablanca,CIL (Hay Salam) à Casablanca,33.57243690885356,-7.657556533813477,Villa de 360 m2 à CIL,7000000.0,"['360 m²', '8 Pièces', '4 Chambres', '3 Salles de bains', 'Bon état', '10-20 ans']",6,360.0,8.0,4.0,3.0,Bon état,3.0,15
Villas & maisons de luxe Casablanca,Ain Diab à Casablanca,33.56170473792227,-7.630379283521052,Villa Moderne de 722 m2 à Ain diab,11500000.0,"['722 m²', '8 Pièces', '4 Chambres', '3 Salles de bains', 'Nouveau', '5-10 ans']",6,722.0,8.0,4.0,3.0,Nouveau,3.0,7
Villas & maisons de luxe Casablanca,Anfa à Casablanca,33.56170473792227,-7.630379283521052,Villa de 945 m2 à PARANFA,15000000.0,"['945 m²', '8 Pièces', '4 Chambres', '3 Salles de bains', 'À rénover', '5-10 ans']",6,945.0,8.0,4.0,3.0,À rénover,3.0,7
Villas & maisons de luxe Casablanca,Ain Diab à Casablanca,33.56170473792227,-7.630379283521052,Villa de 400 m2 dans Résidence sécurisée Ain Diab,6800000.0,"['400 m²', '8 Pièces', '4 Chambres', '3 Salles de bains', 'Nouveau', '5-10 ans']",6,400.0,8.0,4.0,3.0,Nouveau,3.0,7
Villas & maisons de luxe Casablanca,Anfa à Casablanca,33.56170473792227,-7.630379283521052,Villa Moderne de 993 m2 avec Vue Mer à ANFA,14500000.0,"['993 m²', '7 Pièces', '4 Chambres', '3 Salles de bains', 'Nouveau', '5-10 ans']",6,993.0,7.0,4.0,3.0,Nouveau,3.0,7
Villas & maisons de luxe Casablanca,Californie à Casablanca,33.53595755299843,-7.625627517700195,Villa Commerciale de 1350 m2 à Bd La Mecque,16000000.0,"['1350 m²', '7 Pièces', '4 Chambres', '2 Salles de bains', 'Bon état', '10-20 ans']",6,1350.0,7.0,4.0,2.0,Bon état,3.0,15
Villas & maisons de luxe Casablanca,Californie à Casablanca,33.53595755299843,-7.625627517700195,Villa Commerciale de 1120 m2 à Bd Panoramique,15000000.0,"['1120 m²', '8 Pièces', '4 Chambres', '3 Salles de bains', 'Bon état', '10-20 ans']",6,1120.0,8.0,4.0,3.0,Bon état,3.0,15
Villas & maisons de luxe Casablanca,Californie à Casablanca,33.56170473792227,-7.630379283521052,Villa Commerciale de 1800 m2 à Bd Panoramique,22000000.0,"['1800 m²', '7 Pièces', '4 Chambres', '3 Salles de bains', 'Bon état', '10-20 ans']",6,1800.0,7.0,4.0,3.0,Bon état,3.0,15
Villas & maisons de luxe Casablanca,Polo à Casablanca,33.56170473792227,-7.630379283521052,Villa Commerciale de 977 m2 à Bd Modibo Keita,13000000.0,"['977 m²', '8 Pièces', '4 Chambres', '2 Salles de bains', 'Bon état', '10-20 ans']",6,977.0,8.0,4.0,2.0,Bon état,3.0,15
Villas & maisons de luxe Casablanca,Polo à Casablanca,33.56170473792227,-7.630379283521052,Villa Commerciale de 2200 m2 à Bd Modibo Keita,23000000.0,"['2200 m²', '7 Pièces', '4 Chambres', '3 Salles de bains', 'À rénover', '10-20 ans']",6,2200.0,7.0,4.0,3.0,À rénover,3.0,15
Villas & maisons de luxe Casablanca,Anfa à Casablanca,33.56170473792227,-7.630379283521052,Villa Commerciale de 1025 m2 à Bd La Corniche,18000000.0,"['1025 m²', '8 Pièces', '4 Chambres', '2 Salles de bains', 'Bon état', '10-20 ans']",6,1025.0,8.0,4.0,2.0,Bon état,3.0,15
Villas & maisons de luxe Casablanca,Oasis à Casablanca,33.55702447218315,-7.6348114013671875,Villa Commerciale de 1622 m2 à Bd Ghandi,30000000.0,"['1622 m²', '7 Pièces', '4 Chambres', '2 Salles de bains', 'Bon état', '10-20 ans']",6,1622.0,7.0,4.0,2.0,Bon état,3.0,15
Villas & maisons de luxe Casablanca,Longchamps (Hay Al Hanâa) à Casablanca,33.56170473792227,-7.630379283521052,Villa Commerciale de 1085 m2 à Bd Ghandi,20000000.0,"['1085 m²', '8 Pièces', '4 Chambres', '3 Salles de bains', 'Bon état', '10-20 ans']",6,1085.0,8.0,4.0,3.0,Bon état,3.0,15
Villas & maisons de luxe Casablanca,CIL (Hay Salam) à Casablanca,33.57243690885356,-7.657556533813477,Villa Commerciale de 575 m2 à Bd Ghandi,12000000.0,"['575 m²', '9 Pièces', '4 Chambres', '3 Salles de bains', 'Bon état', '10-20 ans']",6,575.0,9.0,4.0,3.0,Bon état,3.0,15
Villas & maisons de luxe Casablanca,Anfa à Casablanca,33.56170473792227,-7.630379283521052,Villa Commerciale de 985 m2 à Bd Dris Slaoui,20000000.0,"['985 m²', '8 Pièces', '4 Chambres', '2 Salles de bains', 'À rénover', '10-20 ans']",6,985.0,8.0,4.0,2.0,À rénover,3.0,15
Villas & maisons de luxe Casablanca,Anfa à Casablanca,33.596175974504256,-7.657470703125,Villa Commerciale de 627 m2 à Bd Dris Slaoui,13000000.0,"['627 m²', '8 Pièces', '4 Chambres', '3 Salles de bains', 'À rénover', '10-20 ans']",6,627.0,8.0,4.0,3.0,À rénover,3.0,15
Villas & maisons de luxe Casablanca,Anfa à Casablanca,33.56170473792227,-7.630379283521052,Villa Commerciale 1017 m2 à Bd Frankiln Roosevet,25000000.0,"['1017 m²', '8 Pièces', '4 Chambres', '3 Salles de bains', 'À rénover', '10-20 ans']",6,1017.0,8.0,4.0,3.0,À rénover,3.0,15
Villas & maisons de luxe Casablanca,CIL (Hay Salam) à Casablanca,33.56170473792227,-7.630379283521052,Villa de 715 m2 en plein CIL AFFAIRE A SAISIR,8700000.0,"['715 m²', '9 Pièces', '4 Chambres', '3 Salles de bains', 'À rénover', '10-20 ans']",6,715.0,9.0,4.0,3.0,À rénover,3.0,15
Villas & maisons de luxe Casablanca,Ain Borja à Casablanca,33.56170473792227,-7.630379283521052,Villa bien située a casablanca a vendre,6630000.0,"['390 m²', '5 Pièces', '1 Chambre', '1 Salle de bain', 'Bon état']",5,390.0,5.0,1.0,1.0,Bon état,3.0,15
Maisons Casablanca,Hay Al Amal à Casablanca,33.56170473792227,-7.630379283521052,Maison à vendre sidi bernoussi,2600000.0,"['96 m²', '5 Pièces', '2 Chambres', '2 Salles de bains', 'Bon état', '20-30 ans']",6,96.0,5.0,2.0,2.0,Bon état,3.0,25
Appartements Casablanca,Oasis à Casablanca,33.56170473792227,-7.630379283521052,Très bel appartement 2 chambres,1400000.0,"['71 m²', '3 Pièces', '2 Chambres', '2 Salles de bains', 'Nouveau', ""Moins d'un an"", '1er étage']",7,71.0,3.0,2.0,2.0,Nouveau,1.0,0
Appartements Casablanca,Bourgogne Ouest à Casablanca,33.56170473792227,-7.630379283521052,Appartement à vendre Casablanca Bourgogne,1170000.0,"['89 m²', '4 Pièces', '2 Chambres', '1 Salle de bain', 'Bon état', '10-20 ans', '6ème étage']",7,89.0,4.0,2.0,1.0,Bon état,6.0,15
Appartements Casablanca,Palmier à Casablanca,33.58234089736395,-7.624747753143339,Appartement À Vendre à Palmier,1950000.0,"['125 m²', '5 Pièces', '3 Chambres', '2 Salles de bains', 'Bon état', '9ème étage']",6,125.0,5.0,3.0,2.0,Bon état,9.0,15
Appartements Casablanca,Les princesses à Casablanca,33.56170473792227,-7.630379283521052,App 2Ch Ensoleillé Les Princesses PRIX ATTRACTIF,1500000.0,"['100 m²', '3 Pièces', '2 Chambres', '2 Salles de bains', 'Bon état', '10-20 ans', '4ème étage']",7,100.0,3.0,2.0,2.0,Bon état,4.0,15
Riad Casablanca,Californie à Casablanca,33.53595755299843,-7.625627517700195,INCROYABLE villa a vendre sur Californie,16500000.0,"['1000 m²', '7 Pièces', '5 Chambres', '5 Salles de bains', 'Bon état', '1-5 ans']",6,1000.0,7.0,5.0,5.0,Bon état,3.0,3
Appartements Casablanca,Triangle d'Or à Casablanca,33.56170473792227,-7.630379283521052,Vente appartement 234m² avec terrasse Triangle d'Or,3600000.0,"['234 m²', '5 Pièces', '3 Chambres', '3 Salles de bains', 'Bon état']",5,234.0,5.0,3.0,3.0,Bon état,3.0,15
Appartements Casablanca,Palmier à Casablanca,33.580946541729524,-7.629060745239258,Appartement Haut standing à vendre,1500000.0,"['93 m²', '3 Pièces', '2 Chambres', '2 Salles de bains', 'Nouveau', ""Moins d'un an"", '3ème étage']",7,93.0,3.0,2.0,2.0,Nouveau,3.0,0
Appartements Casablanca,La Gironde à Casablanca,33.58665179999999,-7.604215600000003,Appartement à l'achat à La gironde 6 grandes pièces. Parking et ascenseur,1590000.0,"['153 m²', '6 Pièces', '3 Chambres', '3 Salles de bains', 'Nouveau', '5-10 ans', '6ème étage']",7,153.0,6.0,3.0,3.0,Nouveau,6.0,7
Appartements Casablanca,Casablanca Finance City à Casablanca,33.54603136667562,-7.653001213551647,Vend appartement à Casablanca Finance City. 2 belles chambres. Système de parabole et résidence sécurisée.,5200000.0,"['58 m²', '2 Pièces', '2 Chambres', '1 Salle de bain', 'Bon état', '20-30 ans', '3ème étage']",7,58.0,2.0,2.0,1.0,Bon état,3.0,25
Appartements Casablanca,Burger à Casablanca,33.57139804552769,-7.64561154501672,Appartement Vente,2400000.0,"['215 m²', '4 Pièces', '3 Chambres', '3 Salles de bains', 'Bon état', '10-20 ans', '1er étage']",7,215.0,4.0,3.0,3.0,Bon état,1.0,15
Appartements Casablanca,Ferme Bretonne (Hay Arraha) à Casablanca,33.554412099999986,-7.647168000000022,Magnifique appartement neuf à vendre,2430000.0,"['138 m²', '4 Pièces', '3 Chambres', '2 Salles de bains', 'Nouveau', ""Moins d'un an"", '3ème étage']",7,138.0,4.0,3.0,2.0,Nouveau,3.0,0
Appartements Casablanca,Belvédère à Casablanca,33.56170473792227,-7.630379283521052,"Magnifique Appartement à vendre, BELVEDERE",4558824.761494253,"['96 m²', '4 Pièces', '2 Chambres', '2 Salles de bains', 'Nouveau', ""Moins d'un an"", '3ème étage']",7,96.0,4.0,2.0,2.0,Nouveau,3.0,0
Appartements Casablanca,Belvédère à Casablanca,33.56170473792227,-7.630379283521052,"Appartement 96m², Belvédère",4558824.761494253,"['96 m²', '4 Pièces', '3 Chambres', '2 Salles de bains', 'Nouveau', ""Moins d'un an"", '4ème étage']",7,96.0,4.0,3.0,2.0,Nouveau,4.0,0
Appartements Casablanca,Maârif à Casablanca,32.34023266790936,-7.437744140625,Appartement Gauthier Casablanca proche Twin Center,1747300.0,"['98 m²', '3 Pièces', '2 Chambres', '2 Salles de bains', 'Bon état', '10-20 ans', '6ème étage']",7,98.0,3.0,2.0,2.0,Bon état,6.0,15
Appartements Casablanca,Al Qods à Casablanca,33.56170473792227,-7.630379283521052,Vend appartement à Al Qods. 3 pièces confortables,360000.0,"['54 m²', '3 Pièces', '2 Chambres', '1 Salle de bain', 'Bon état', '5-10 ans', '3ème étage']",7,54.0,3.0,2.0,1.0,Bon état,3.0,7
Maisons Casablanca,Michouar à Casablanca,33.58125044167239,-7.603096961975041,Maison à entièrement rénover. Superficie 441 m²,4000000.0,"['441 m²', '9 Pièces', '5 Chambres', '3 Salles de bains', 'À rénover', '50-70 ans']",6,441.0,9.0,5.0,3.0,À rénover,3.0,60
Appartements Casablanca,Nassim 1 à Casablanca,33.56170473792227,-7.630379283521052,Superbe appartement à vendre à Nassim 1.2 chambres. Jardin et ascenseur,840000.0,"['91 m²', '4 Pièces', '2 Chambres', '2 Salles de bains', 'Bon état', '10-20 ans', '3ème étage']",7,91.0,4.0,2.0,2.0,Bon état,3.0,15
Villas & maisons de luxe Casablanca,Les Crêtes à Casablanca,33.56170473792227,-7.630379283521052,PANORAMIQUE Agréable villa d'angle 5 ch a 10 mn du centre calme,7500000.0,"['399 m²', '8 Pièces', '4 Chambres', '3 Salles de bains', 'Bon état', '5-10 ans']",6,399.0,8.0,4.0,3.0,Bon état,3.0,7
Maisons Casablanca,Polo à Casablanca,33.55884836108079,-7.617988586425781,PETIT PRIX vend villa prox BD panoramique,4050000.0,"['345 m²', '7 Pièces', '5 Chambres', '3 Salles de bains', 'Bon état', '20-30 ans']",6,345.0,7.0,5.0,3.0,Bon état,3.0,25
Appartements Casablanca,Les princesses à Casablanca,33.57154299116339,-7.636313438415527,"Princesse,luxueux appart 95 m² meublé 2 ch +2 Park",8000.0,"['95 m²', '3 Pièces', '2 Chambres', '2 Salles de bains', 'Nouveau', '5-10 ans', '4ème étage']",7,95.0,3.0,2.0,2.0,Nouveau,4.0,7
Appartements Casablanca,Ain Diab Extension à Casablanca,33.56170473792227,-7.630379283521052,"Ain diab, villa individuelle de 800 m² + piscine",11450000.0,"['800 m²', '12 Pièces', '7 Chambres', '4 Salles de bains', 'Bon état', '5-10 ans']",6,800.0,12.0,7.0,4.0,Bon état,3.0,7
Appartements Casablanca,Maârif Extension à Casablanca,33.56170473792227,-7.630379283521052,Maarif vend appartement 2 chambres a petit prix,980000.0,"['98 m²', '3 Pièces', '2 Chambres', '1 Salle de bain', 'À rénover', '20-30 ans', '5ème étage']",7,98.0,3.0,2.0,1.0,À rénover,5.0,25
Appartements Casablanca,Ain Diab à Casablanca,33.58630932470067,-7.671375274658203,Appartement splendide à 2 min de la mer,3700000.0,"['203 m²', '5 Pièces', '3 Chambres', '2 Salles de bains', 'Bon état', '10-20 ans', '2ème étage']",7,203.0,5.0,3.0,2.0,Bon état,2.0,15
Appartements Casablanca,Maârif Extension à Casablanca,33.56170473792227,-7.630379283521052,Appartement à vendre à socrate,1700000.0,"['96 m²', '3 Pièces', '2 Chambres', '1 Salle de bain', 'Bon état', '7ème étage']",6,96.0,3.0,2.0,1.0,Bon état,7.0,15
Appartements Casablanca,Palmier à Casablanca,33.580946541729524,-7.629060745239258,Appartement à vendre 258 m² à Palmier,3800000.0,"['258 m²', '5 Pièces', '3 Chambres', '2 Salles de bains', 'Bon état']",5,258.0,5.0,3.0,2.0,Bon état,3.0,15
Villas & maisons de luxe Casablanca,Ain Diab à Casablanca,33.56170473792227,-7.630379283521052,Vente villa 1250m² ain diab,14500000.0,"['1250 m²', '16 Pièces', '7 Chambres', '4 Salles de bains', 'Bon état']",5,1250.0,16.0,7.0,4.0,Bon état,3.0,15
Appartements Casablanca,Triangle d'Or à Casablanca,33.582734173084866,-7.675838470458984,Vente appartement 282m² triangle d'or,4100000.0,"['282 m²', '7 Pièces', '4 Chambres', '3 Salles de bains', 'Bon état']",5,282.0,7.0,4.0,3.0,Bon état,3.0,15
Appartements Casablanca,Riviera à Casablanca,33.56170473792227,-7.630379283521052,Vend appartement à Riviera. Superficie 90 m². Système de parabole et résidence sécurisée.,4558824.761494253,"['90 m²', '3 Pièces', '2 Chambres', '2 Salles de bains', 'Nouveau', ""Moins d'un an"", '2ème étage']",7,90.0,3.0,2.0,2.0,Nouveau,2.0,0
Appartements Casablanca,Maârif Extension à Casablanca,33.57987394514173,-7.646827697753906,Tres jolie appartement a vendre 107 M² tres bon px,990000.0,"['107 m²', '3 Pièces', '2 Chambres', '2 Salles de bains', 'Bon état', '5-10 ans', '3ème étage']",7,107.0,3.0,2.0,2.0,Bon état,3.0,7
Appartements Casablanca,Gauthier à Casablanca,33.58891909184207,-7.628674507141113,Coup de fusil gauthier,1690000.0,"['121 m²', '3 Pièces', '2 Chambres', '1 Salle de bain']",4,121.0,3.0,2.0,2.306532663316583,Bon état,3.0,15
Appartements Casablanca,Racine à Casablanca,33.56170473792227,-7.630379283521052,Bel appartement avec exterieur,2950000.0,"['154 m²', '5 Pièces', '4 Chambres', '2 Salles de bains']",4,154.0,5.0,4.0,2.306532663316583,Bon état,3.0,15
Villas & maisons de luxe Casablanca,Laymoune à Casablanca,33.54371964707593,-7.665281295776367,Villa à Laymoun dans une Résidence gardée,5000000.0,"['460 m²', '8 Pièces', '5 Chambres', '4 Salles de bains', 'Bon état', '10-20 ans']",6,460.0,8.0,5.0,4.0,Bon état,3.0,15
Appartements Casablanca,Palmier à Casablanca,33.56170473792227,-7.630379283521052,"Appartement 155 m² à vendre, Palmiers, Casablanca",2800000.0,"['155 m²', '4 Pièces', '3 Chambres', '2 Salles de bains', 'Bon état', '8ème étage']",6,155.0,4.0,3.0,2.0,Bon état,8.0,15
Villas & maisons de luxe Casablanca,Mandarona à Casablanca,33.52640600155306,-7.613096237182617,"Belle Villa 897 m² à vendre, Mandarona, Casablanca",13000000.0,"['897 m²', '9 Pièces', '4 Chambres', '4 Salles de bains', 'Bon état']",5,897.0,9.0,4.0,4.0,Bon état,3.0,15
Appartements Casablanca,Palmier à Casablanca,33.56170473792227,-7.630379283521052,Appartement à l'achat à palmier. 3 chambres agréables. Places de parking et terrasse,3650000.0,"['265 m²', '4 Pièces', '3 Chambres', '3 Salles de bains', 'Bon état', '10-20 ans', '6ème étage']",7,265.0,4.0,3.0,3.0,Bon état,6.0,15
Appartements Casablanca,Ain Borja à Casablanca,33.56170473792227,-7.630379283521052,"Appartement de 101m² à vendre, Les Jardins de Belvédère",4558824.761494253,"['101 m²', '4 Pièces', '3 Chambres', '2 Salles de bains', 'Nouveau', '1-5 ans']",6,101.0,4.0,3.0,2.0,Nouveau,3.0,3
Appartements Casablanca,Bourgogne Ouest à Casablanca,33.598304662993705,-7.644252777099609,Des Studios neuf en plein coeur casa,820000.0,"['48 m²', '2 Pièces', '1 Chambre', '1 Salle de bain', 'Nouveau', ""Moins d'un an"", '4ème étage']",7,48.0,2.0,1.0,1.0,Nouveau,4.0,0
Appartements Casablanca,Val Fleury à Casablanca,33.56170473792227,-7.630379283521052,Val fleury vente bel appartement balcon 210 m²,3000000.0,"['210 m²', '4 Pièces', '3 Chambres', '3 Salles de bains', 'Bon état']",5,210.0,4.0,3.0,3.0,Bon état,3.0,15
Appartements Casablanca,Franceville à Casablanca,33.56170473792227,-7.630379283521052,Appartement neuf 3 chambres a vendre,2200000.0,"['135 m²', '3 Pièces', '3 Chambres', '3 Salles de bains', 'Nouveau', ""Moins d'un an""]",6,135.0,3.0,3.0,3.0,Nouveau,3.0,0
Villas & maisons de luxe Casablanca,Californie à Casablanca,33.51912821383499,-7.641925508049667,Villa HS avec piscine proche de Casanearshore,5600000.0,"['252 m²', '4 Pièces', '3 Chambres', '3 Salles de bains', 'Bon état', '1-5 ans']",6,252.0,4.0,3.0,3.0,Bon état,3.0,3
Appartements Casablanca,Palmier à Casablanca,33.580946541729524,-7.629060745239258,Appartement de 3 chambre à vendre Palmier,2750000.0,"['153 m²', '6 Pièces', '3 Chambres', '2 Salles de bains', 'Bon état', '5-10 ans', '7ème étage']",7,153.0,6.0,3.0,2.0,Bon état,7.0,7
Appartements Casablanca,Maârif à Casablanca,33.58602331802259,-7.636442184448242,Appartement bd bir anzarane,1150000.0,"['73 m²', '3 Pièces', '2 Chambres', '2 Salles de bains', 'Bon état', '5-10 ans', '3ème étage']",7,73.0,3.0,2.0,2.0,Bon état,3.0,7
Appartements Casablanca,Gauthier à Casablanca,33.56170473792227,-7.630379283521052,"Appartement 150m², Cuisine équipée, Chambre rangement, Sidi Belyout",2200000.0,"['150 m²', '6 Pièces', '3 Chambres', '3 Salles de bains', 'À rénover', '5-10 ans', '3ème étage']",7,150.0,6.0,3.0,3.0,À rénover,3.0,7
Villas & maisons de luxe Casablanca,Sidi Maarouf à Casablanca,33.56170473792227,-7.630379283521052,Villa a vendre sidi maarouf,5400000.0,"['265 m²', '11 Pièces', '3 Chambres', '4 Salles de bains', 'Nouveau', '5-10 ans']",6,265.0,11.0,3.0,4.0,Nouveau,3.0,7
Appartements Casablanca,Triangle d'Or à Casablanca,33.56170473792227,-7.630379283521052,"Appartement 340m², Cuisine équipée, Terrasse, Anfa",5300000.0,"['340 m²', '10 Pièces', '4 Chambres', '3 Salles de bains', 'Nouveau', '10-20 ans', '5ème étage']",7,340.0,10.0,4.0,3.0,Nouveau,5.0,15
Appartements Casablanca,Gauthier à Casablanca,33.58891909184207,-7.628674507141113,Appartement a vendre quartier Gauthier,2350000.0,"['132 m²', '7 Pièces', '3 Chambres', '2 Salles de bains', 'Bon état', '10-20 ans', '5ème étage']",7,132.0,7.0,3.0,2.0,Bon état,5.0,15
Appartements Casablanca,Palmier à Casablanca,33.56170473792227,-7.630379283521052,École moliére Duplex avec terrasse a vendre,3550000.0,"['244 m²', '10 Pièces', '3 Chambres', '3 Salles de bains', 'Bon état', '20-30 ans']",6,244.0,10.0,3.0,3.0,Bon état,3.0,25
Villas & maisons de luxe Casablanca,CIL (Hay Salam) à Casablanca,33.57243690885356,-7.657556533813477,Villa Commerciale À Vendre au C. I. L 599 m²,11000000.0,"['599 m²', '8 Pièces', '4 Chambres', '2 Salles de bains', 'À rénover', '30-50 ans']",6,599.0,8.0,4.0,2.0,À rénover,3.0,40
Villas & maisons de luxe Casablanca,Bourgogne Ouest à Casablanca,33.5914233211322,-7.64976739883423,Villa a vendre carrefour velodrome de 487M2,7600000.0,"['487 m²', '7 Pièces', '4 Chambres', '3 Salles de bains', 'Bon état', '10-20 ans']",6,487.0,7.0,4.0,3.0,Bon état,3.0,15
Appartements Casablanca,Sidi Maarouf à Casablanca,33.51821300640254,-7.644338607788086,Appartement à vendre à Sidi Maarouf près mosquée Adarissa,900000.0,"['93 m²', '3 Pièces', '2 Chambres', '1 Salle de bain', 'Bon état', '5-10 ans', '1er étage']",7,93.0,3.0,2.0,1.0,Bon état,1.0,7
Villas & maisons de luxe Casablanca,Mandarona à Casablanca,33.5264060015531,-7.61309623718262,Villa a vendre ou location,6400000.0,"['450 m²', '10 Pièces', '4 Chambres', '3 Salles de bains', 'Bon état', '1-5 ans']",6,450.0,10.0,4.0,3.0,Bon état,3.0,3
Appartements Casablanca,Maârif Extension à Casablanca,33.57791869014832,-7.642298351968577,Appartement à vendre Maarif 119 m²,1790000.0,"['131 m²', '3 Pièces', '2 Chambres', '2 Salles de bains', 'Nouveau', '1-5 ans', '1er étage']",7,131.0,3.0,2.0,2.0,Nouveau,1.0,3
Villas & maisons de luxe Casablanca,Ain Diab Extension à Casablanca,33.5774247996301,-7.69452810287476,Villa a vendre avec piscine et jardin,18000000.0,"['1426 m²', '10 Pièces', '4 Chambres', '4 Salles de bains', 'Bon état', '5-10 ans']",6,1426.0,10.0,4.0,4.0,Bon état,3.0,7
Villas & maisons de luxe Casablanca,Ain Diab Extension à Casablanca,33.56170473792227,-7.630379283521052,VILLA A VENDRE route azzemour,4500000.0,"['330 m²', '6 Pièces', '4 Chambres', '3 Salles de bains', 'Bon état', '5-10 ans']",6,330.0,6.0,4.0,3.0,Bon état,3.0,7
Appartements Casablanca,Hay Hassani à Casablanca,33.56170473792227,-7.630379283521052,Bel appartement à vendre à Hay Hassani. Surface totale 86 m². Garage et terrasse,720000.0,"['86 m²', '1 Pièce', '2 Chambres', '1 Salle de bain', 'Bon état']",6,86.0,4.682934712346477,2.0,1.0,Bon état,3.0,15
Appartements Casablanca,CIL (Hay Salam) à Casablanca,33.57243690885356,-7.657556533813477,Bel Appartement a cil hay salam,830000.0,"['34 m²', '2 Pièces', '1 Chambre', '1 Salle de bain', 'Bon état', '30-50 ans', '3ème étage']",7,34.0,2.0,1.0,1.0,Bon état,3.0,40
Appartements Casablanca,Al Qods à Casablanca,33.56170473792227,-7.630379283521052,Superbe appartement à vendre à Al Qods. Surface totale 131 m².,4558824.761494253,"['131 m²', '3 Pièces', '2 Chambres', '2 Salles de bains', 'Bon état', '10-20 ans', '1er étage']",7,131.0,3.0,2.0,2.0,Bon état,1.0,15
Appartements Casablanca,Bourgogne Ouest à Casablanca,33.56170473792227,-7.630379283521052,Appartement à vendre à Bourgogne,1020000.0,"['83 m²', '2 Pièces', '2 Chambres', '2 Salles de bains', 'Bon état', '3ème étage']",6,83.0,2.0,2.0,2.0,Bon état,3.0,15
Appartements Casablanca,Laymoune à Casablanca,33.538183614649995,-7.671533100000005,Superbe appartement à vendre à quartier laymoune. Surface de 104 m². Places de parking et terrasse,1300000.0,"['104 m²', '5 Pièces', '3 Chambres', '2 Salles de bains', 'Nouveau', '5-10 ans', '1er étage']",7,104.0,5.0,3.0,2.0,Nouveau,1.0,7
Appartements Casablanca,Hay Inara à Casablanca,33.56170473792227,-7.630379283521052,Appartement à vendre à bvd elqods,740000.0,"['74 m²', '3 Pièces', '2 Chambres', '1 Salle de bain', 'Bon état', '10-20 ans', '4ème étage']",7,74.0,3.0,2.0,1.0,Bon état,4.0,15
Appartements Casablanca,Bourgogne Ouest à Casablanca,33.56170473792227,-7.630379283521052,Bel appartement à vendre 2 chambres plein sud avec terrasse Bourgogne,1200000.0,"['89 m²', '3 Pièces', '2 Chambres', '1 Salle de bain', 'Bon état', '10-20 ans', '4ème étage']",7,89.0,3.0,2.0,1.0,Bon état,4.0,15
Appartements Casablanca,Les princesses à Casablanca,33.56170473792227,-7.630379283521052,Appartement 105m Luxe A Les Princesses,1500000.0,"['108 m²', '3 Pièces', '2 Chambres', '2 Salles de bains', 'Bon état']",5,108.0,3.0,2.0,2.0,Bon état,3.0,15
Appartements Casablanca,Belvédère à Casablanca,33.5895625839363,-7.59678840637207,Appartement a vendre,8200000.0,"['74 m²', '2 Pièces', '2 Chambres', '2 Salles de bains', 'Nouveau', '1-5 ans', '3ème étage']",7,74.0,2.0,2.0,2.0,Nouveau,3.0,3
Appartements Casablanca,Bourgogne Ouest à Casablanca,33.56170473792227,-7.630379283521052,Appartement en vente sur Bourgogne,1500000.0,"['106 m²', '4 Pièces', '2 Chambres', '2 Salles de bains', 'Bon état']",5,106.0,4.0,2.0,2.0,Bon état,3.0,15
Villas & maisons de luxe Casablanca,Californie à Casablanca,33.5611231,-7.6268607,"Vente Villa Contemporaine 2500m2 Californie, Casablanca",28880000.0,"['2500 m²', '10 Pièces', '6 Chambres', '5 Salles de bains']",4,2500.0,10.0,6.0,2.306532663316583,Bon état,3.0,15
Villas & maisons de luxe Casablanca,Californie à Casablanca,33.53595755299843,-7.625627517700195,Villa moderne à vendre dans la meilleure partie de Californie près de l'école américaine,35000000.0,"['2500 m²', '6 Chambres', '6 Salles de bains']",4,2500.0,4.682934712346477,6.0,2.306532663316583,Bon état,3.0,15
Appartements Casablanca,Oulfa à Casablanca,33.55627344791359,-7.67918586730957,Bel Appartement en vente Sur Oulfa,570000.0,"['54 m²', '5 Pièces', '2 Chambres', '2 Salles de bains', 'Nouveau', '1-5 ans']",6,54.0,5.0,2.0,2.0,Nouveau,3.0,3
Appartements Casablanca,Maârif Extension à Casablanca,33.56170473792227,-7.630379283521052,Bel appartement à vendre à Maârif Extension. Superficie 124 m². Terrasse et ascenseur,1500000.0,"['124 m²', '5 Pièces', '2 Chambres', '2 Salles de bains', 'Bon état', '5-10 ans', '4ème étage']",7,124.0,5.0,2.0,2.0,Bon état,4.0,7
Appartements Casablanca,Hay Mansour à Casablanca,33.56170473792227,-7.630379283521052,Joli appart mansour 1 bernoussi 2000 dh ttc,2000.0,"['60 m²', '2 Pièces', '1 Chambre', '1 Salle de bain', 'Bon état', '1-5 ans', '2ème étage']",7,60.0,2.0,1.0,1.0,Bon état,2.0,3
Appartements Casablanca,Sidi Moumen à Casablanca,33.56170473792227,-7.630379283521052,Appartement sidi moumen,4558824.761494253,"['52 m²', '3 Pièces', '2 Chambres', '1 Salle de bain', 'Bon état', '10-20 ans', '1er étage']",7,52.0,3.0,2.0,1.0,Bon état,1.0,15
Appartements Casablanca,Sidi Moumen à Casablanca,33.56170473792227,-7.630379283521052,Vente d'un bel appartement à Sidi Moumen. Surface de 101 m².,4558824.761494253,"['101 m²', '4 Pièces', '3 Chambres', '1 Salle de bain', 'Bon état']",5,101.0,4.0,3.0,1.0,Bon état,3.0,15
Appartements Casablanca,Maârif à Casablanca,33.58390300547423,-7.639046284345511,Bel appartement à vendre à Maârif. 4 belles chambres. Cuisinière avec four,1000000.0,"['96 m²', '4 Pièces', '4 Chambres', '2 Salles de bains', 'Bon état', '20-30 ans', '4ème étage']",7,96.0,4.0,4.0,2.0,Bon état,4.0,25
Appartements Casablanca,Sidi Maarouf à Casablanca,33.51821300640254,-7.644338607788086,Vente appartement à sidi maarouf entierement renové 80m,680000.0,"['80 m²', '2 Pièces', '2 Chambres', '1 Salle de bain', 'Bon état', '10-20 ans', '3ème étage']",7,80.0,2.0,2.0,1.0,Bon état,3.0,15
Appartements Casablanca,Bourgogne Ouest à Casablanca,33.56170473792227,-7.630379283521052,Appartement de standing à Bourgogne,1100000.0,"['110 m²', '4 Pièces', '3 Chambres', '1 Salle de bain', 'Bon état', '10-20 ans', '1er étage']",7,110.0,4.0,3.0,1.0,Bon état,1.0,15
Appartements Casablanca,Val Fleury à Casablanca,33.56170473792227,-7.630379283521052,Tres bel appartement de 133m² a val fleuri,1850000.0,"['132 m²', '5 Pièces', '3 Chambres', '2 Salles de bains', 'Bon état', '5-10 ans', '2ème étage']",7,132.0,5.0,3.0,2.0,Bon état,2.0,7
Maisons Casablanca,Beauséjour à Casablanca,33.56844236446523,-7.646917741362756,Maison à l'achat à Beauséjour. 3 pièces. Avec ascenseur et terrasse,7200000.0,"['137 m²', '3 Pièces', '2 Chambres', '2 Salles de bains', 'Nouveau']",5,137.0,3.0,2.0,2.0,Nouveau,3.0,15
Appartements Casablanca,Les Hôpitaux à Casablanca,33.58237664977628,-7.615842819213867,Appartement 105m2 sur Bd Zerktouni,1270000.0,"['105 m²', '3 Pièces', '2 Chambres', '2 Salles de bains', 'Bon état', '10-20 ans', '4ème étage']",7,105.0,3.0,2.0,2.0,Bon état,4.0,15
Appartements Casablanca,Mers Sultan à Casablanca,33.56170473792227,-7.630379283521052,Vente SAROUT un bel appartement Mers Sultan centre,250000.0,"['100 m²', '2 Pièces', '1 Chambre', '2 Salles de bains', 'Bon état', '5ème étage']",6,100.0,2.0,1.0,2.0,Bon état,5.0,15
Appartements Casablanca,Palmier à Casablanca,33.580946541729524,-7.629060745239258,Appartement a vendre,1800000.0,"['129 m²', '4 Pièces', '3 Chambres', '2 Salles de bains', 'Bon état', '10-20 ans', '2ème étage']",7,129.0,4.0,3.0,2.0,Bon état,2.0,15
Appartements Casablanca,Mers Sultan à Casablanca,33.592140962910726,-7.638447971163941,Appt de 109 m2 à vendre quartier 2 Mars,1350000.0,"['109 m²', '4 Pièces', '3 Chambres', '2 Salles de bains', 'Bon état', '10-20 ans', '5ème étage']",7,109.0,4.0,3.0,2.0,Bon état,5.0,15
Appartements Casablanca,Anfa à Casablanca,33.596175974504256,-7.657470703125,Appartement au centre de casablanca a vendre,3000000.0,"['186 m²', '5 Pièces', '3 Chambres', '2 Salles de bains', 'Bon état', '20-30 ans', '10ème étage']",7,186.0,5.0,3.0,2.0,Bon état,10.0,25
Appartements Casablanca,Aïn Sebaâ à Casablanca,33.56170473792227,-7.630379283521052,Appartement à Vendre dans une résidence fermée,4558824.761494253,"['60 m²', '3 Pièces', '2 Chambres', '1 Salle de bain', 'Bon état', '5-10 ans', '3ème étage']",7,60.0,3.0,2.0,1.0,Bon état,3.0,7
Appartements Casablanca,Triangle d'Or à Casablanca,33.582734173084866,-7.675838470458984,Vente appt. 170m2 entièrement rénové au Vélodrome,3480000.0,"['197 m²', '7 Pièces', '4 Chambres', '3 Salles de bains', 'Bon état']",5,197.0,7.0,4.0,3.0,Bon état,3.0,15
Appartements Casablanca,Casablanca,33.44975,-7.63311,Vente Appartement Casablanca Bouskoura,3800000.0,"['185 m²', '5 Pièces', '4 Chambres', '1 Salle de bain', '5ème étage']",5,185.0,5.0,4.0,1.0,Bon état,5.0,15
Appartements Casablanca,Racine à Casablanca,33.592458238962855,-7.648158073425293,"Très bel appartement à la vente, 267 m2, Racine",4250000.0,"['267 m²', '5 Pièces', '3 Chambres', '2 Salles de bains', 'Bon état', '3ème étage']",6,267.0,5.0,3.0,2.0,Bon état,3.0,15
Appartements Casablanca,Californie à Casablanca,33.53595755299843,-7.625627517700195,Appartement à Vendre à Californie,1950000.0,"['156 m²', '5 Pièces', '3 Chambres', '2 Salles de bains', 'Bon état', '10-20 ans']",6,156.0,5.0,3.0,2.0,Bon état,3.0,15
Appartements Casablanca,Derb Loubila à Casablanca,33.60117902552566,-7.635904067345592,Superbe appartement à vendre à Bourgogne . 3 grandes pièces. Ascenseur,950000.0,"['103 m²', '3 Pièces', '2 Chambres', '1 Salle de bain', 'À rénover', '20-30 ans', '5ème étage']",7,103.0,3.0,2.0,1.0,À rénover,5.0,25
Appartements Casablanca,Maârif Extension à Casablanca,33.57987394514173,-7.646827697753906,Charmant appartement en vente à maarif extention,1400000.0,"['112 m²', '4 Pièces', '3 Chambres', '2 Salles de bains', 'Bon état', '10-20 ans', '3ème étage']",7,112.0,4.0,3.0,2.0,Bon état,3.0,15
Villas & maisons de luxe Casablanca,Californie à Casablanca,33.56170473792227,-7.630379283521052,Somptueuse maison à vendre à Californie. Surface totale 2 600 m²,50000000.0,"['2600 m²', '15 Pièces', '8 Chambres', '9 Salles de bains', 'Bon état', '10-20 ans']",6,2600.0,15.0,8.0,9.0,Bon état,3.0,15
Appartements Casablanca,Triangle d'Or à Casablanca,33.5873863100911,-7.633470296859684,Très bel appartement Racine en vente refait à neuf,2500000.0,"['169 m²', '6 Pièces', '3 Chambres', '3 Salles de bains', 'Bon état', '10-20 ans', '3ème étage']",7,169.0,6.0,3.0,3.0,Bon état,3.0,15
Appartements Casablanca,Les princesses à Casablanca,33.56170473792227,-7.630379283521052,"Vente d'un bel appartement à Les princesses. 1 Pièce. Porte blindée, sécurité",990000.0,"['45 m²', '1 Pièce', '1 Chambre', '1 Salle de bain', 'Nouveau']",6,45.0,4.682934712346477,1.0,1.0,Nouveau,3.0,15
Appartements Casablanca,Maârif Extension à Casablanca,33.57608399710212,-7.645282745361328,Appartement 150m2 avec terrasse à Maarif extension,1950000.0,"['150 m²', '5 Pièces', '3 Chambres', '2 Salles de bains', 'Bon état', '10-20 ans', '1er étage']",7,150.0,5.0,3.0,2.0,Bon état,1.0,15
Appartements Casablanca,Les Hôpitaux à Casablanca,33.57708513162621,-7.602968215942383,Affaire à saisir cause déménagement aprt a vendre,1500000.0,"['118 m²', '4 Pièces', '3 Chambres', '2 Salles de bains', 'Bon état', '10-20 ans', '5ème étage']",7,118.0,4.0,3.0,2.0,Bon état,5.0,15
Appartements Casablanca,Gauthier à Casablanca,33.56170473792227,-7.630379283521052,"Studio à vendre, gauthier",1717500.0,"['51 m²', '2 Pièces', '1 Chambre', '2 Salles de bains', 'Nouveau', '3ème étage']",6,51.0,2.0,1.0,2.0,Nouveau,3.0,15
Appartements Casablanca,Les Hôpitaux à Casablanca,33.57797899192462,-7.62000560760498,"Appartement 92 m² à vendre, Hopitaux Pasteur, Casa",1750000.0,"['92 m²', '3 Pièces', '2 Chambres', '1 Salle de bain', 'Bon état']",5,92.0,3.0,2.0,1.0,Bon état,3.0,15
Appartements Casablanca,Al Qods à Casablanca,33.56170473792227,-7.630379283521052,Vente d'un bel appartement à Al Qods. 1 Pièce. Parking et jardin,670000.0,"['80 m²', '3 Pièces', '2 Chambres', '1 Salle de bain', 'Bon état']",5,80.0,3.0,2.0,1.0,Bon état,3.0,15
Appartements Casablanca,Maârif à Casablanca,33.58602331802259,-7.636442184448242,Opportunité bel Appartement en vente quartier Maarif extension Casablanca,1780000.0,"['125 m²', '4 Pièces', '3 Chambres', '2 Salles de bains', '4ème étage']",5,125.0,4.0,3.0,2.0,Bon état,4.0,15
Appartements Casablanca,Bourgogne Ouest à Casablanca,33.56170473792227,-7.630379283521052,Grand Appartement Orienté SUD avec Grandes Terrasses sur deux façades à Bourgogne,1400000.0,"['105 m²', '3 Pièces', '2 Chambres', '2 Salles de bains', 'Bon état', '7ème étage']",6,105.0,3.0,2.0,2.0,Bon état,7.0,15
Appartements Casablanca,Gauthier à Casablanca,33.56170473792227,-7.630379283521052,Belle opportunite,4100000.0,"['237 m²', '4 Pièces', '3 Chambres', '3 Salles de bains']",4,237.0,4.0,3.0,2.306532663316583,Bon état,3.0,15
Appartements Casablanca,Racine à Casablanca,33.56170473792227,-7.630379283521052,Racine - Appartement neuf et moderne de 149 m²,3100000.0,"['149 m²', '4 Pièces', '3 Chambres', '2 Salles de bains', 'Bon état']",5,149.0,4.0,3.0,2.0,Bon état,3.0,15
Appartements Casablanca,Racine à Casablanca,33.56170473792227,-7.630379283521052,Racine - Appartement à vendre avec balcon,2000000.0,"['111 m²', '4 Pièces', '3 Chambres', '2 Salles de bains', 'Bon état']",5,111.0,4.0,3.0,2.0,Bon état,3.0,15
Appartements Casablanca,Les Hôpitaux à Casablanca,33.56170473792227,-7.630379283521052,Superbe appartement à vendre à Casablanca. Surface de 115 m². Avec ascenseur et terrasse,1340000.0,"['115 m²', '3 Pièces', '2 Chambres', '2 Salles de bains', 'Bon état', '10-20 ans', '5ème étage']",7,115.0,3.0,2.0,2.0,Bon état,5.0,15
Appartements Casablanca,Les Hôpitaux à Casablanca,33.56170473792227,-7.630379283521052,Apt Mly Driss 5 pieces,2480000.0,"['179 m²', '5 Pièces', '3 Chambres', '3 Salles de bains', 'Bon état', '10-20 ans', '2ème étage']",7,179.0,5.0,3.0,3.0,Bon état,2.0,15
Appartements Casablanca,Oulfa à Casablanca,33.55627344791359,-7.67918586730957,Superbe appartement à vendre à Oulfa. 3 grandes pièces. Concierge et climatisation,1200000.0,"['130 m²', '3 Pièces', '2 Chambres', '2 Salles de bains', 'Bon état']",5,130.0,3.0,2.0,2.0,Bon état,3.0,15
Appartements Casablanca,Roches Noires à Casablanca,33.56170473792227,-7.630379283521052,Bel appartement à vendre à Roches Noires. 4 grandes pièces. Terrasse et ascenseur,4558824.761494253,"['118 m²', '4 Pièces', '2 Chambres', '2 Salles de bains', 'Bon état', '5-10 ans', '3ème étage']",7,118.0,4.0,2.0,2.0,Bon état,3.0,7
Maisons Casablanca,Bernoussi à Casablanca,33.56170473792227,-7.630379283521052,Maison à la vente à Bernoussi. 3 pièces confortables,4558824.761494253,"['100 m²', '3 Pièces', '3 Chambres', '2 Salles de bains', 'Bon état']",5,100.0,3.0,3.0,2.0,Bon état,3.0,15
Villas & maisons de luxe Casablanca,CIL (Hay Salam) à Casablanca,33.56170473792227,-7.630379283521052,Jolie villa a vendre sur Hay El Hana,5000000.0,"['240 m²', '4 Pièces', '3 Chambres', '4 Salles de bains', 'Bon état']",5,240.0,4.0,3.0,4.0,Bon état,3.0,15
Appartements Casablanca,Maârif Extension à Casablanca,33.57987394514173,-7.646827697753906,Appartement haut standing à vendre,1850000.0,"['135 m²', '5 Pièces', '3 Chambres', '3 Salles de bains', 'Bon état']",5,135.0,5.0,3.0,3.0,Bon état,3.0,15
Appartements Casablanca,Anfa à Casablanca,33.56170473792227,-7.630379283521052,Bel appartement à vendre sur Anfa,3250000.0,"['210 m²', '4 Pièces', '3 Chambres', '3 Salles de bains', 'Bon état']",5,210.0,4.0,3.0,3.0,Bon état,3.0,15
Villas & maisons de luxe Casablanca,Californie à Casablanca,33.53595755299843,-7.625627517700195,Sublime villa entièrement rénovée à vendre,10000000.0,"['600 m²', '6 Pièces', '4 Chambres', '5 Salles de bains', 'Nouveau']",5,600.0,6.0,4.0,5.0,Nouveau,3.0,15
Villas & maisons de luxe Casablanca,Californie à Casablanca,33.56170473792227,-7.630379283521052,Magnifique villa moderne à vendre Californie,9700000.0,"['575 m²', '7 Pièces', '4 Chambres', '4 Salles de bains', 'Bon état']",5,575.0,7.0,4.0,4.0,Bon état,3.0,15
Appartements Casablanca,Maârif Extension à Casablanca,33.56170473792227,-7.630379283521052,GHANDI Superbe appartement refait à neuf,3500000.0,"['230 m²', '5 Pièces', '3 Chambres', '3 Salles de bains', 'Nouveau', '1-5 ans', '5ème étage']",7,230.0,5.0,3.0,3.0,Nouveau,5.0,3
Appartements Casablanca,Mers Sultan à Casablanca,33.592140962910726,-7.638447971163941,Appt de 109 m2 à vendre quartier 2 Mars,1350000.0,"['109 m²', '4 Pièces', '3 Chambres', '2 Salles de bains', 'Bon état', '10-20 ans', '5ème étage']",7,109.0,4.0,3.0,2.0,Bon état,5.0,15
Appartements Casablanca,Anfa à Casablanca,33.56170473792227,-7.630379283521052,Appartement au centre de casablanca a vendre,3000000.0,"['186 m²', '5 Pièces', '3 Chambres', '2 Salles de bains', 'Bon état', '20-30 ans', '10ème étage']",7,186.0,5.0,3.0,2.0,Bon état,10.0,25
Appartements Casablanca,Aïn Sebaâ à Casablanca,33.56170473792227,-7.630379283521052,Appartement à Vendre dans une résidence fermée,4558824.761494253,"['60 m²', '3 Pièces', '2 Chambres', '1 Salle de bain', 'Bon état', '5-10 ans', '3ème étage']",7,60.0,3.0,2.0,1.0,Bon état,3.0,7
Appartements Casablanca,Triangle d'Or à Casablanca,33.582734173084866,-7.675838470458984,Vente appt. 170m2 entièrement rénové au Vélodrome,3480000.0,"['197 m²', '7 Pièces', '4 Chambres', '3 Salles de bains', 'Bon état']",5,197.0,7.0,4.0,3.0,Bon état,3.0,15
Appartements Casablanca,Casablanca,33.44975,-7.63311,Vente Appartement Casablanca Bouskoura,3800000.0,"['185 m²', '5 Pièces', '4 Chambres', '1 Salle de bain', '5ème étage']",5,185.0,5.0,4.0,1.0,Bon état,5.0,15
Appartements Casablanca,Racine à Casablanca,33.56170473792227,-7.630379283521052,"Très bel appartement à la vente, 267 m2, Racine",4250000.0,"['267 m²', '5 Pièces', '3 Chambres', '2 Salles de bains', 'Bon état', '3ème étage']",6,267.0,5.0,3.0,2.0,Bon état,3.0,15
Appartements Casablanca,Californie à Casablanca,33.56170473792227,-7.630379283521052,Appartement à Vendre à Californie,1950000.0,"['156 m²', '5 Pièces', '3 Chambres', '2 Salles de bains', 'Bon état', '10-20 ans']",6,156.0,5.0,3.0,2.0,Bon état,3.0,15
Appartements Casablanca,Derb Loubila à Casablanca,33.60117902552566,-7.635904067345592,Superbe appartement à vendre à Bourgogne . 3 grandes pièces. Ascenseur,950000.0,"['103 m²', '3 Pièces', '2 Chambres', '1 Salle de bain', 'À rénover', '20-30 ans', '5ème étage']",7,103.0,3.0,2.0,1.0,À rénover,5.0,25
Appartements Casablanca,Maârif Extension à Casablanca,33.56170473792227,-7.630379283521052,Charmant appartement en vente à maarif extention,1400000.0,"['112 m²', '4 Pièces', '3 Chambres', '2 Salles de bains', 'Bon état', '10-20 ans', '3ème étage']",7,112.0,4.0,3.0,2.0,Bon état,3.0,15
Villas & maisons de luxe Casablanca,Californie à Casablanca,33.56170473792227,-7.630379283521052,Somptueuse maison à vendre à Californie. Surface totale 2 600 m²,50000000.0,"['2600 m²', '15 Pièces', '8 Chambres', '9 Salles de bains', 'Bon état', '10-20 ans']",6,2600.0,15.0,8.0,9.0,Bon état,3.0,15
Appartements Casablanca,Triangle d'Or à Casablanca,33.5873863100911,-7.633470296859684,Très bel appartement Racine en vente refait à neuf,2500000.0,"['169 m²', '6 Pièces', '3 Chambres', '3 Salles de bains', 'Bon état', '10-20 ans', '3ème étage']",7,169.0,6.0,3.0,3.0,Bon état,3.0,15
Appartements Casablanca,Les princesses à Casablanca,33.57154299116339,-7.636313438415527,"Vente d'un bel appartement à Les princesses. 1 Pièce. Porte blindée, sécurité",990000.0,"['45 m²', '1 Pièce', '1 Chambre', '1 Salle de bain', 'Nouveau']",6,45.0,4.682934712346477,1.0,1.0,Nouveau,3.0,15
Appartements Casablanca,Maârif Extension à Casablanca,33.57608399710212,-7.645282745361328,Appartement 150m2 avec terrasse à Maarif extension,1950000.0,"['150 m²', '5 Pièces', '3 Chambres', '2 Salles de bains', 'Bon état', '10-20 ans', '1er étage']",7,150.0,5.0,3.0,2.0,Bon état,1.0,15
Appartements Casablanca,Les Hôpitaux à Casablanca,33.57708513162621,-7.602968215942383,Affaire à saisir cause déménagement aprt a vendre,1500000.0,"['118 m²', '4 Pièces', '3 Chambres', '2 Salles de bains', 'Bon état', '10-20 ans', '5ème étage']",7,118.0,4.0,3.0,2.0,Bon état,5.0,15
Appartements Casablanca,Gauthier à Casablanca,33.58891909184207,-7.628674507141113,"Studio à vendre, gauthier",1717500.0,"['51 m²', '2 Pièces', '1 Chambre', '2 Salles de bains', 'Nouveau', '3ème étage']",6,51.0,2.0,1.0,2.0,Nouveau,3.0,15
Appartements Casablanca,Les Hôpitaux à Casablanca,33.57797899192462,-7.62000560760498,"Appartement 92 m² à vendre, Hopitaux Pasteur, Casa",1750000.0,"['92 m²', '3 Pièces', '2 Chambres', '1 Salle de bain', 'Bon état']",5,92.0,3.0,2.0,1.0,Bon état,3.0,15
Appartements Casablanca,Al Qods à Casablanca,33.56170473792227,-7.630379283521052,Vente d'un bel appartement à Al Qods. 1 Pièce. Parking et jardin,670000.0,"['80 m²', '3 Pièces', '2 Chambres', '1 Salle de bain', 'Bon état']",5,80.0,3.0,2.0,1.0,Bon état,3.0,15
Appartements Casablanca,Maârif à Casablanca,33.58602331802259,-7.636442184448242,Opportunité bel Appartement en vente quartier Maarif extension Casablanca,1780000.0,"['125 m²', '4 Pièces', '3 Chambres', '2 Salles de bains', '4ème étage']",5,125.0,4.0,3.0,2.0,Bon état,4.0,15
Appartements Casablanca,Bourgogne Ouest à Casablanca,33.56170473792227,-7.630379283521052,Grand Appartement Orienté SUD avec Grandes Terrasses sur deux façades à Bourgogne,1400000.0,"['105 m²', '3 Pièces', '2 Chambres', '2 Salles de bains', 'Bon état', '7ème étage']",6,105.0,3.0,2.0,2.0,Bon état,7.0,15
Appartements Casablanca,Gauthier à Casablanca,33.56170473792227,-7.630379283521052,Belle opportunite,4100000.0,"['237 m²', '4 Pièces', '3 Chambres', '3 Salles de bains']",4,237.0,4.0,3.0,2.306532663316583,Bon état,3.0,15
Appartements Casablanca,Racine à Casablanca,33.592458238962855,-7.648158073425293,Racine - Appartement neuf et moderne de 149 m²,3100000.0,"['149 m²', '4 Pièces', '3 Chambres', '2 Salles de bains', 'Bon état']",5,149.0,4.0,3.0,2.0,Bon état,3.0,15
Appartements Casablanca,Racine à Casablanca,33.592458238962855,-7.648158073425293,Racine - Appartement à vendre avec balcon,2000000.0,"['111 m²', '4 Pièces', '3 Chambres', '2 Salles de bains', 'Bon état']",5,111.0,4.0,3.0,2.0,Bon état,3.0,15
Appartements Casablanca,Les Hôpitaux à Casablanca,33.57797899192462,-7.62000560760498,Superbe appartement à vendre à Casablanca. Surface de 115 m². Avec ascenseur et terrasse,1340000.0,"['115 m²', '3 Pièces', '2 Chambres', '2 Salles de bains', 'Bon état', '10-20 ans', '5ème étage']",7,115.0,3.0,2.0,2.0,Bon état,5.0,15
Appartements Casablanca,Les Hôpitaux à Casablanca,33.57797899192462,-7.62000560760498,Apt Mly Driss 5 pieces,2480000.0,"['179 m²', '5 Pièces', '3 Chambres', '3 Salles de bains', 'Bon état', '10-20 ans', '2ème étage']",7,179.0,5.0,3.0,3.0,Bon état,2.0,15
Appartements Casablanca,Oulfa à Casablanca,33.56170473792227,-7.630379283521052,Superbe appartement à vendre à Oulfa. 3 grandes pièces. Concierge et climatisation,1200000.0,"['130 m²', '3 Pièces', '2 Chambres', '2 Salles de bains', 'Bon état']",5,130.0,3.0,2.0,2.0,Bon état,3.0,15
Appartements Casablanca,Roches Noires à Casablanca,33.59907140752743,-7.587089538574219,Bel appartement à vendre à Roches Noires. 4 grandes pièces. Terrasse et ascenseur,4558824.761494253,"['118 m²', '4 Pièces', '2 Chambres', '2 Salles de bains', 'Bon état', '5-10 ans', '3ème étage']",7,118.0,4.0,2.0,2.0,Bon état,3.0,7
Maisons Casablanca,Bernoussi à Casablanca,33.56170473792227,-7.630379283521052,Maison à la vente à Bernoussi. 3 pièces confortables,4558824.761494253,"['100 m²', '3 Pièces', '3 Chambres', '2 Salles de bains', 'Bon état']",5,100.0,3.0,3.0,2.0,Bon état,3.0,15
Villas & maisons de luxe Casablanca,CIL (Hay Salam) à Casablanca,33.56170473792227,-7.630379283521052,Jolie villa a vendre sur Hay El Hana,5000000.0,"['240 m²', '4 Pièces', '3 Chambres', '4 Salles de bains', 'Bon état']",5,240.0,4.0,3.0,4.0,Bon état,3.0,15
Appartements Casablanca,Maârif Extension à Casablanca,33.56170473792227,-7.630379283521052,Appartement haut standing à vendre,1850000.0,"['135 m²', '5 Pièces', '3 Chambres', '3 Salles de bains', 'Bon état']",5,135.0,5.0,3.0,3.0,Bon état,3.0,15
Appartements Casablanca,Anfa à Casablanca,33.56170473792227,-7.630379283521052,Bel appartement à vendre sur Anfa,3250000.0,"['210 m²', '4 Pièces', '3 Chambres', '3 Salles de bains', 'Bon état']",5,210.0,4.0,3.0,3.0,Bon état,3.0,15
Villas & maisons de luxe Casablanca,Californie à Casablanca,33.56170473792227,-7.630379283521052,Sublime villa entièrement rénovée à vendre,10000000.0,"['600 m²', '6 Pièces', '4 Chambres', '5 Salles de bains', 'Nouveau']",5,600.0,6.0,4.0,5.0,Nouveau,3.0,15
Villas & maisons de luxe Casablanca,Californie à Casablanca,33.56170473792227,-7.630379283521052,Magnifique villa moderne à vendre Californie,9700000.0,"['575 m²', '7 Pièces', '4 Chambres', '4 Salles de bains', 'Bon état']",5,575.0,7.0,4.0,4.0,Bon état,3.0,15
Appartements Casablanca,Maârif Extension à Casablanca,33.57987394514173,-7.646827697753906,GHANDI Superbe appartement refait à neuf,3500000.0,"['230 m²', '5 Pièces', '3 Chambres', '3 Salles de bains', 'Nouveau', '1-5 ans', '5ème étage']",7,230.0,5.0,3.0,3.0,Nouveau,5.0,3
Appartements Casablanca,Racine à Casablanca,33.56170473792227,-7.630379283521052,RACINE Très bel appartement 3 chambres,2650000.0,"['148 m²', '4 Pièces', '3 Chambres', '3 Salles de bains', 'Bon état', '10-20 ans', '3ème étage']",7,148.0,4.0,3.0,3.0,Bon état,3.0,15
Appartements Casablanca,Racine à Casablanca,33.5924582389629,-7.648158073425293,RACINE Appartement 169 m² SUD sans vis à vis,2600000.0,"['169 m²', '4 Pièces', '3 Chambres', '3 Salles de bains', 'Bon état', '10-20 ans', '5ème étage']",7,169.0,4.0,3.0,3.0,Bon état,5.0,15
Appartements Casablanca,Burger à Casablanca,33.56170473792227,-7.630379283521052,BERGER Bel appartement refait 107 m²,1500000.0,"['107 m²', '3 Pièces', '2 Chambres', '2 Salles de bains', 'Bon état', '5-10 ans', '3ème étage']",7,107.0,3.0,2.0,2.0,Bon état,3.0,7
Appartements Casablanca,Burger à Casablanca,33.56170473792227,-7.630379283521052,Bel appartement à vendre sur Bd Ghandi,2600000.0,"['169 m²', '4 Pièces', '2 Chambres', '2 Salles de bains', 'Bon état', '4ème étage']",6,169.0,4.0,2.0,2.0,Bon état,4.0,15
Villas & maisons de luxe Casablanca,Californie à Casablanca,33.56170473792227,-7.630379283521052,Vente Villa 1040 m² avec grand jardin quartier Californie,13000000.0,"['1040 m²', '9 Pièces', '5 Chambres', '3 Salles de bains', 'À rénover']",5,1040.0,9.0,5.0,3.0,À rénover,3.0,15
Appartements Casablanca,Racine Extension à Casablanca,33.56170473792227,-7.630379283521052,Bel Appartement spacieux 194 m2 avec 4 Ch Racine,2800000.0,"['194 m²', '6 Pièces', '4 Chambres', '2 Salles de bains', 'Bon état', '20-30 ans', '3ème étage']",7,194.0,6.0,4.0,2.0,Bon état,3.0,25
Appartements Casablanca,Racine Extension à Casablanca,33.59056356209817,-7.640819549560547,Appartement 181 m2 quartier les arènes à Racine,3200000.0,"['181 m²', '5 Pièces', '3 Chambres', '2 Salles de bains', 'Bon état', '10-20 ans', '5ème étage']",7,181.0,5.0,3.0,2.0,Bon état,5.0,15
Appartements Casablanca,Les princesses à Casablanca,33.56170473792227,-7.630379283521052,Appartement 188 m2 3CH vue sur jardin Résidence Ghandi Mall,2400000.0,"['188 m²', '5 Pièces', '3 Chambres', '2 Salles de bains', 'Bon état', '5-10 ans', '2ème étage']",7,188.0,5.0,3.0,2.0,Bon état,2.0,7
Appartements Casablanca,Racine à Casablanca,33.592458238962855,-7.648158073425293,Appartement 3CH 139 m2 quartier Racine,2450000.0,"['139 m²', '5 Pièces', '3 Chambres', '2 Salles de bains', 'Bon état', '10-20 ans', '2ème étage']",7,139.0,5.0,3.0,2.0,Bon état,2.0,15
Appartements Casablanca,Beausite à Casablanca,33.597763126987395,-7.523260199999981,Vente d'un bel appartement à Casablanca. Surface totale 52 m². Espace vert,400000.0,"['52 m²', '3 Pièces', '2 Chambres', '1 Salle de bain', 'Bon état', '10-20 ans', '3ème étage']",7,52.0,3.0,2.0,1.0,Bon état,3.0,15
Appartements Casablanca,Sidi Moumen à Casablanca,33.56170473792227,-7.630379283521052,Appartement à vendre à Sidi Moumen. Saflya,370000.0,"['72 m²', '4 Pièces', '3 Chambres', '1 Salle de bain', 'Bon état', '10-20 ans']",6,72.0,4.0,3.0,1.0,Bon état,3.0,15
Appartements Casablanca,Casablanca Finance City à Casablanca,33.56170473792227,-7.630379283521052,Bel appartempent rez de jardin 80m a ryad anfa cfc,1500000.0,"['80 m²', '2 Pièces', '1 Chambre', '1 Salle de bain', 'Nouveau', ""Moins d'un an""]",6,80.0,2.0,1.0,1.0,Nouveau,3.0,0
Appartements Casablanca,Derb Ghalef à Casablanca,33.57169255246632,-7.633186726999781,Vente d'un bel appartement à Casablanca. Surface totale 185m². Cheminée et service de conciergerie,4558824.761494253,"['185 m²', '4 Pièces', '3 Chambres', '3 Salles de bains', 'Nouveau', '5-10 ans', '1er étage']",7,185.0,4.0,3.0,3.0,Nouveau,1.0,7
Villas & maisons de luxe Casablanca,CIL (Hay Salam) à Casablanca,33.57243690885356,-7.657556533813477,Villa de luxe à vendre à CIL Hay Salam. 4 chambres agréables. Garage et terrasse,12500000.0,"['700 m²', '7 Pièces', '4 Chambres', '4 Salles de bains', 'Bon état', '10-20 ans']",6,700.0,7.0,4.0,4.0,Bon état,3.0,15
Appartements Casablanca,Ain Diab à Casablanca,33.56170473792227,-7.630379283521052,Vente d'un bel appartement à Ain Diab. Superficie 153 m². Parking et ascenseur,3500000.0,"['153 m²', '4 Pièces', '3 Chambres', '3 Salles de bains', 'Bon état', '10-20 ans', '2ème étage']",7,153.0,4.0,3.0,3.0,Bon état,2.0,15
Appartements Casablanca,Les princesses à Casablanca,33.57154299116339,-7.636313438415527,Superbe appartement à vendre sur Les Princesses,2235000.0,"['125 m²', '5 Pièces', '3 Chambres', '3 Salles de bains', 'Bon état', '3ème étage']",6,125.0,5.0,3.0,3.0,Bon état,3.0,15
Maisons Casablanca,El Manar - El Hank à Casablanca,33.60689931379632,-7.652578353881836,Maison à vendre à El Manar El Hank. Surface totale 400 m². Garage,6200000.0,"['400 m²', '6 Pièces', '4 Chambres', '3 Salles de bains', 'À rénover']",5,400.0,6.0,4.0,3.0,À rénover,3.0,15
Appartements Casablanca,Les Hôpitaux à Casablanca,33.58288015473196,-7.6169514978113,Magnifique appartement de 245m² à 2 Mars,3500000.0,"['245 m²', '6 Pièces', '3 Chambres', '3 Salles de bains', 'Bon état', '2ème étage']",6,245.0,6.0,3.0,3.0,Bon état,2.0,15
Appartements Casablanca,Racine à Casablanca,33.56170473792227,-7.630379283521052,"Très bel appartement à la vente, 126 m2, Racine",2500000.0,"['126 m²', '5 Pièces', '3 Chambres', '2 Salles de bains', 'Bon état', '2ème étage']",6,126.0,5.0,3.0,2.0,Bon état,2.0,15
Appartements Casablanca,Racine à Casablanca,33.56170473792227,-7.630379283521052,"Vente joli Appartement 183m2 3 chambres entièrement refait Racine, casablanca",3600000.0,"['183 m²', '3 Chambres', '3 Salles de bains']",4,183.0,4.682934712346477,3.0,2.306532663316583,Bon état,3.0,15
Maisons Casablanca,La Vilette à Casablanca,33.591528780040434,-7.575674057006836,Appartement à l'achat à Derb Moulay Cherif. Surface de 168 m². Porte blindée et résidence sécurisée,1200000.0,"['168 m²', '11 Pièces', '7 Chambres', '3 Salles de bains', 'Bon état', '5-10 ans']",6,168.0,11.0,7.0,3.0,Bon état,3.0,7
Appartements Casablanca,Lissasfa à Casablanca,33.52837363589382,-7.679100036621094,Apprt riad sofia lissasfa route eljadida,335000.0,"['50 m²', '4 Pièces', '3 Chambres', '2 Salles de bains', 'Nouveau', '1-5 ans', '4ème étage']",7,50.0,4.0,3.0,2.0,Nouveau,4.0,3
Appartements Casablanca,Derb Moulay Cherif à Casablanca,33.591879199999994,-7.569965400000001,Appartement à l'achat à Derb Moulay Cherif. Surface de 168 m². Porte blindée et résidence sécurisée,12000000.0,"['168 m²', '11 Pièces', '7 Chambres', '3 Salles de bains', 'Bon état', '5-10 ans', '3ème étage']",7,168.0,11.0,7.0,3.0,Bon état,3.0,7
Appartements Casablanca,Anassi à Casablanca,33.56170473792227,-7.630379283521052,Appartement en vente à Anassi. 4 grandes pièces.,640000.0,"['98 m²', '4 Pièces', '4 Chambres', '2 Salles de bains', 'Bon état', '1-5 ans', '4ème étage']",7,98.0,4.0,4.0,2.0,Bon état,4.0,3
Appartements Casablanca,Sidi Moumen à Casablanca,33.56170473792227,-7.630379283521052,Appartement à l'achat à Sidi Moumen. 1 Pièce,370000.0,"['72 m²', '4 Pièces', '3 Chambres', '1 Salle de bain', 'Bon état', '10-20 ans']",6,72.0,4.0,3.0,1.0,Bon état,3.0,15
Appartements Casablanca,Ferme Bretonne (Hay Arraha) à Casablanca,33.572365395778974,-7.669143676757983,Appartement de 78m² en vente Résidence Al Amal,1262250.0,"['88 m²', '2 Chambres', '2 Salles de bains']",4,88.0,4.682934712346477,2.0,2.306532663316583,Bon état,3.0,15
Appartements Casablanca,Ferme Bretonne (Hay Arraha) à Casablanca,33.572365395778974,-7.669143676757983,Appartement de 108m² en vente Résidence Al Amal,1369000.0,"['88 m²', '2 Chambres', '2 Salles de bains']",4,88.0,4.682934712346477,2.0,2.306532663316583,Bon état,3.0,15
Villas & maisons de luxe Casablanca,Ain Diab à Casablanca,33.58630932470067,-7.671375274658203,Villa 385 m² 4 chambres résidence fermée,7500000.0,"['385 m²', '6 Pièces', '4 Chambres', '2 Salles de bains', 'Bon état', '5-10 ans']",6,385.0,6.0,4.0,2.0,Bon état,3.0,7
Villas & maisons de luxe Casablanca,Longchamps (Hay Al Hanâa) à Casablanca,33.56170473792227,-7.630379283521052,Villa 396 m² plein sud 5 chambres à rénover,6800000.0,"['396 m²', '7 Pièces', '5 Chambres', '2 Salles de bains', 'À rénover', '20-30 ans']",6,396.0,7.0,5.0,2.0,À rénover,3.0,25
Appartements Casablanca,Plateau (Al Batha) à Casablanca,33.57154299116339,-7.636313438415527,Appartement a vendre bd anoual les hopitaux,2900000.0,"['240 m²', '5 Pièces', '3 Chambres', '2 Salles de bains', 'Bon état', '20-30 ans', '1er étage']",7,240.0,5.0,3.0,2.0,Bon état,1.0,25
Appartements Casablanca,Aïn Sebaâ à Casablanca,33.56170473792227,-7.630379283521052,Appartement à l'achat à Aïn Sebaâ. Superficie 64 m². Système de parabole et salon marocain,4558824.761494253,"['64 m²', '2 Pièces', '2 Chambres', '1 Salle de bain', 'Nouveau', ""Moins d'un an""]",6,64.0,2.0,2.0,1.0,Nouveau,3.0,0
Appartements Casablanca,Racine à Casablanca,33.56170473792227,-7.630379283521052,Appartement à Vendre à Racine,2300000.0,"['129 m²', '3 Pièces', '2 Chambres', '2 Salles de bains', 'Bon état', '5-10 ans', '4ème étage']",7,129.0,3.0,2.0,2.0,Bon état,4.0,7
Appartements Casablanca,Al Qods à Casablanca,33.56170473792227,-7.630379283521052,Superbe appartement à vendre à Al Qods. Surface totale 80 m². Places de parking et beau jardin,4558824.761494253,"['80 m²', '3 Pièces', '2 Chambres', '1 Salle de bain', 'Bon état']",5,80.0,3.0,2.0,1.0,Bon état,3.0,15
Appartements Casablanca,Racine à Casablanca,33.592458238962855,-7.648158073425293,RACINE Très bel appartement 3 chambres,2650000.0,"['148 m²', '4 Pièces', '3 Chambres', '3 Salles de bains', 'Bon état', '10-20 ans', '3ème étage']",7,148.0,4.0,3.0,3.0,Bon état,3.0,15
Appartements Casablanca,Racine à Casablanca,33.5924582389629,-7.648158073425293,RACINE Appartement 169 m² SUD sans vis à vis,2600000.0,"['169 m²', '4 Pièces', '3 Chambres', '3 Salles de bains', 'Bon état', '10-20 ans', '5ème étage']",7,169.0,4.0,3.0,3.0,Bon état,5.0,15
Appartements Casablanca,Burger à Casablanca,33.56170473792227,-7.630379283521052,BERGER Bel appartement refait 107 m²,1500000.0,"['107 m²', '3 Pièces', '2 Chambres', '2 Salles de bains', 'Bon état', '5-10 ans', '3ème étage']",7,107.0,3.0,2.0,2.0,Bon état,3.0,7
Appartements Casablanca,Burger à Casablanca,33.57322354876402,-7.642922401428223,Bel appartement à vendre sur Bd Ghandi,2600000.0,"['169 m²', '4 Pièces', '2 Chambres', '2 Salles de bains', 'Bon état', '4ème étage']",6,169.0,4.0,2.0,2.0,Bon état,4.0,15
Villas & maisons de luxe Casablanca,Californie à Casablanca,33.56170473792227,-7.630379283521052,Vente Villa 1040 m² avec grand jardin quartier Californie,13000000.0,"['1040 m²', '9 Pièces', '5 Chambres', '3 Salles de bains', 'À rénover']",5,1040.0,9.0,5.0,3.0,À rénover,3.0,15
Appartements Casablanca,Racine Extension à Casablanca,33.59056356209817,-7.640819549560547,Bel Appartement spacieux 194 m2 avec 4 Ch Racine,2800000.0,"['194 m²', '6 Pièces', '4 Chambres', '2 Salles de bains', 'Bon état', '20-30 ans', '3ème étage']",7,194.0,6.0,4.0,2.0,Bon état,3.0,25
Appartements Casablanca,Racine Extension à Casablanca,33.56170473792227,-7.630379283521052,Appartement 181 m2 quartier les arènes à Racine,3200000.0,"['181 m²', '5 Pièces', '3 Chambres', '2 Salles de bains', 'Bon état', '10-20 ans', '5ème étage']",7,181.0,5.0,3.0,2.0,Bon état,5.0,15
Appartements Casablanca,Les princesses à Casablanca,33.57154299116339,-7.636313438415527,Appartement 188 m2 3CH vue sur jardin Résidence Ghandi Mall,2400000.0,"['188 m²', '5 Pièces', '3 Chambres', '2 Salles de bains', 'Bon état', '5-10 ans', '2ème étage']",7,188.0,5.0,3.0,2.0,Bon état,2.0,7
Appartements Casablanca,Racine à Casablanca,33.592458238962855,-7.648158073425293,Appartement 3CH 139 m2 quartier Racine,2450000.0,"['139 m²', '5 Pièces', '3 Chambres', '2 Salles de bains', 'Bon état', '10-20 ans', '2ème étage']",7,139.0,5.0,3.0,2.0,Bon état,2.0,15
Appartements Casablanca,Beausite à Casablanca,33.597763126987395,-7.523260199999981,Vente d'un bel appartement à Casablanca. Surface totale 52 m². Espace vert,400000.0,"['52 m²', '3 Pièces', '2 Chambres', '1 Salle de bain', 'Bon état', '10-20 ans', '3ème étage']",7,52.0,3.0,2.0,1.0,Bon état,3.0,15
Appartements Casablanca,Sidi Moumen à Casablanca,33.56170473792227,-7.630379283521052,Appartement à vendre à Sidi Moumen. Saflya,370000.0,"['72 m²', '4 Pièces', '3 Chambres', '1 Salle de bain', 'Bon état', '10-20 ans']",6,72.0,4.0,3.0,1.0,Bon état,3.0,15
Appartements Casablanca,Casablanca Finance City à Casablanca,33.56170473792227,-7.630379283521052,Bel appartempent rez de jardin 80m a ryad anfa cfc,1500000.0,"['80 m²', '2 Pièces', '1 Chambre', '1 Salle de bain', 'Nouveau', ""Moins d'un an""]",6,80.0,2.0,1.0,1.0,Nouveau,3.0,0
Appartements Casablanca,Derb Ghalef à Casablanca,33.57169255246632,-7.633186726999781,Vente d'un bel appartement à Casablanca. Surface totale 185m². Cheminée et service de conciergerie,4558824.761494253,"['185 m²', '4 Pièces', '3 Chambres', '3 Salles de bains', 'Nouveau', '5-10 ans', '1er étage']",7,185.0,4.0,3.0,3.0,Nouveau,1.0,7
Villas & maisons de luxe Casablanca,CIL (Hay Salam) à Casablanca,33.57243690885356,-7.657556533813477,Villa de luxe à vendre à CIL Hay Salam. 4 chambres agréables. Garage et terrasse,12500000.0,"['700 m²', '7 Pièces', '4 Chambres', '4 Salles de bains', 'Bon état', '10-20 ans']",6,700.0,7.0,4.0,4.0,Bon état,3.0,15
Appartements Casablanca,Ain Diab à Casablanca,33.58630932470067,-7.671375274658203,Vente d'un bel appartement à Ain Diab. Superficie 153 m². Parking et ascenseur,3500000.0,"['153 m²', '4 Pièces', '3 Chambres', '3 Salles de bains', 'Bon état', '10-20 ans', '2ème étage']",7,153.0,4.0,3.0,3.0,Bon état,2.0,15
Appartements Casablanca,Les princesses à Casablanca,33.57154299116339,-7.636313438415527,Superbe appartement à vendre sur Les Princesses,2235000.0,"['125 m²', '5 Pièces', '3 Chambres', '3 Salles de bains', 'Bon état', '3ème étage']",6,125.0,5.0,3.0,3.0,Bon état,3.0,15
Maisons Casablanca,El Manar - El Hank à Casablanca,33.56170473792227,-7.630379283521052,Maison à vendre à El Manar El Hank. Surface totale 400 m². Garage,6200000.0,"['400 m²', '6 Pièces', '4 Chambres', '3 Salles de bains', 'À rénover']",5,400.0,6.0,4.0,3.0,À rénover,3.0,15
Appartements Casablanca,Les Hôpitaux à Casablanca,33.58288015473196,-7.6169514978113,Magnifique appartement de 245m² à 2 Mars,3500000.0,"['245 m²', '6 Pièces', '3 Chambres', '3 Salles de bains', 'Bon état', '2ème étage']",6,245.0,6.0,3.0,3.0,Bon état,2.0,15
Appartements Casablanca,Racine à Casablanca,33.56170473792227,-7.630379283521052,"Très bel appartement à la vente, 126 m2, Racine",2500000.0,"['126 m²', '5 Pièces', '3 Chambres', '2 Salles de bains', 'Bon état', '2ème étage']",6,126.0,5.0,3.0,2.0,Bon état,2.0,15
Appartements Casablanca,Racine à Casablanca,33.56170473792227,-7.630379283521052,"Vente joli Appartement 183m2 3 chambres entièrement refait Racine, casablanca",3600000.0,"['183 m²', '3 Chambres', '3 Salles de bains']",4,183.0,4.682934712346477,3.0,2.306532663316583,Bon état,3.0,15
Maisons Casablanca,La Vilette à Casablanca,33.591528780040434,-7.575674057006836,Appartement à l'achat à Derb Moulay Cherif. Surface de 168 m². Porte blindée et résidence sécurisée,1200000.0,"['168 m²', '11 Pièces', '7 Chambres', '3 Salles de bains', 'Bon état', '5-10 ans']",6,168.0,11.0,7.0,3.0,Bon état,3.0,7
Appartements Casablanca,Lissasfa à Casablanca,33.52837363589382,-7.679100036621094,Apprt riad sofia lissasfa route eljadida,335000.0,"['50 m²', '4 Pièces', '3 Chambres', '2 Salles de bains', 'Nouveau', '1-5 ans', '4ème étage']",7,50.0,4.0,3.0,2.0,Nouveau,4.0,3
Appartements Casablanca,Derb Moulay Cherif à Casablanca,33.591879199999994,-7.569965400000001,Appartement à l'achat à Derb Moulay Cherif. Surface de 168 m². Porte blindée et résidence sécurisée,12000000.0,"['168 m²', '11 Pièces', '7 Chambres', '3 Salles de bains', 'Bon état', '5-10 ans', '3ème étage']",7,168.0,11.0,7.0,3.0,Bon état,3.0,7
Appartements Casablanca,Anassi à Casablanca,33.56170473792227,-7.630379283521052,Appartement en vente à Anassi. 4 grandes pièces.,640000.0,"['98 m²', '4 Pièces', '4 Chambres', '2 Salles de bains', 'Bon état', '1-5 ans', '4ème étage']",7,98.0,4.0,4.0,2.0,Bon état,4.0,3
Appartements Casablanca,Sidi Moumen à Casablanca,33.56170473792227,-7.630379283521052,Appartement à l'achat à Sidi Moumen. 1 Pièce,370000.0,"['72 m²', '4 Pièces', '3 Chambres', '1 Salle de bain', 'Bon état', '10-20 ans']",6,72.0,4.0,3.0,1.0,Bon état,3.0,15
Appartements Casablanca,Ferme Bretonne (Hay Arraha) à Casablanca,33.572365395778974,-7.669143676757983,Appartement de 78m² en vente Résidence Al Amal,1262250.0,"['88 m²', '2 Chambres', '2 Salles de bains']",4,88.0,4.682934712346477,2.0,2.306532663316583,Bon état,3.0,15
Appartements Casablanca,Ferme Bretonne (Hay Arraha) à Casablanca,33.572365395778974,-7.669143676757983,Appartement de 108m² en vente Résidence Al Amal,1369000.0,"['88 m²', '2 Chambres', '2 Salles de bains']",4,88.0,4.682934712346477,2.0,2.306532663316583,Bon état,3.0,15
Villas & maisons de luxe Casablanca,Ain Diab à Casablanca,33.56170473792227,-7.630379283521052,Villa 385 m² 4 chambres résidence fermée,7500000.0,"['385 m²', '6 Pièces', '4 Chambres', '2 Salles de bains', 'Bon état', '5-10 ans']",6,385.0,6.0,4.0,2.0,Bon état,3.0,7
Villas & maisons de luxe Casablanca,Longchamps (Hay Al Hanâa) à Casablanca,33.57751418572474,-7.664079666137695,Villa 396 m² plein sud 5 chambres à rénover,6800000.0,"['396 m²', '7 Pièces', '5 Chambres', '2 Salles de bains', 'À rénover', '20-30 ans']",6,396.0,7.0,5.0,2.0,À rénover,3.0,25
Appartements Casablanca,Plateau (Al Batha) à Casablanca,33.57154299116339,-7.636313438415527,Appartement a vendre bd anoual les hopitaux,2900000.0,"['240 m²', '5 Pièces', '3 Chambres', '2 Salles de bains', 'Bon état', '20-30 ans', '1er étage']",7,240.0,5.0,3.0,2.0,Bon état,1.0,25
Appartements Casablanca,Aïn Sebaâ à Casablanca,33.56170473792227,-7.630379283521052,Appartement à l'achat à Aïn Sebaâ. Superficie 64 m². Système de parabole et salon marocain,4558824.761494253,"['64 m²', '2 Pièces', '2 Chambres', '1 Salle de bain', 'Nouveau', ""Moins d'un an""]",6,64.0,2.0,2.0,1.0,Nouveau,3.0,0
Appartements Casablanca,Racine à Casablanca,33.592458238962855,-7.648158073425293,Appartement à Vendre à Racine,2300000.0,"['129 m²', '3 Pièces', '2 Chambres', '2 Salles de bains', 'Bon état', '5-10 ans', '4ème étage']",7,129.0,3.0,2.0,2.0,Bon état,4.0,7
Appartements Casablanca,Al Qods à Casablanca,33.56170473792227,-7.630379283521052,Superbe appartement à vendre à Al Qods. Surface totale 80 m². Places de parking et beau jardin,4558824.761494253,"['80 m²', '3 Pièces', '2 Chambres', '1 Salle de bain', 'Bon état']",5,80.0,3.0,2.0,1.0,Bon état,3.0,15
Villas & maisons de luxe Casablanca,Anfa à Casablanca,33.56170473792227,-7.630379283521052,Triplex villa a la vente sans visavis paranfa top emplacement,7300000.0,"['384 m²', '6 Pièces', '4 Chambres', '3 Salles de bains', 'Bon état', '20-30 ans']",6,384.0,6.0,4.0,3.0,Bon état,3.0,25
Appartements Casablanca,Racine à Casablanca,33.592458238962855,-7.648158073425293,Appartement à vendre a Racine,6300000.0,"['250 m²', '5 Pièces', '4 Chambres', '3 Salles de bains', 'Nouveau']",5,250.0,5.0,4.0,3.0,Nouveau,3.0,15
Appartements Casablanca,Les Hôpitaux à Casablanca,33.57797899192462,-7.62000560760498,Bel Appartement à Vendre à 2 Mars,1800000.0,"['129 m²', '4 Pièces', '2 Chambres', '2 Salles de bains', 'Bon état', '5-10 ans', '3ème étage']",7,129.0,4.0,2.0,2.0,Bon état,3.0,7
Appartements Casablanca,Maârif à Casablanca,33.56170473792227,-7.630379283521052,Grand Appartement a Vendre,4558824.761494253,"['100 m²', '3 Pièces', '2 Chambres', '2 Salles de bains', 'Bon état', ""Moins d'un an"", '4ème étage']",7,100.0,3.0,2.0,2.0,Bon état,4.0,0
Appartements Casablanca,Bourgogne Ouest à Casablanca,33.56170473792227,-7.630379283521052,Studio: top emplacement locatif,1330000.0,"['53 m²', '2 Pièces', '1 Chambre', '1 Salle de bain', 'Nouveau', '1-5 ans', '3ème étage']",7,53.0,2.0,1.0,1.0,Nouveau,3.0,3
Appartements Casablanca,Hay Hassani à Casablanca,33.57229388264518,-7.678842544555664,Residence aarsat dar bouaza dar bouaza casablanca,360000.0,"['56 m²', '5 Pièces', '2 Chambres', '1 Salle de bain', 'Nouveau', '1-5 ans', '1er étage']",7,56.0,5.0,2.0,1.0,Nouveau,1.0,3
Villas & maisons de luxe Casablanca,Californie à Casablanca,33.56170473792227,-7.630379283521052,Magnifique villa a vendre,8500000.0,"['620 m²', '7 Pièces', '5 Chambres', '4 Salles de bains']",4,620.0,7.0,5.0,2.306532663316583,Bon état,3.0,15
Appartements Casablanca,CIL (Hay Salam) à Casablanca,33.57243690885356,-7.657556533813477,Appartement en Vente à CIL,2200000.0,"['192 m²', '3 Pièces', '2 Chambres', '3 Salles de bains', 'Nouveau', '10-20 ans', '4ème étage']",7,192.0,3.0,2.0,3.0,Nouveau,4.0,15
Appartements Casablanca,Casablanca,33.56170473792227,-7.630379283521052,Magnifique appartement a vendre,6500000.0,"['100 m²', '3 Pièces', '2 Chambres', '2 Salles de bains', 'Bon état']",5,100.0,3.0,2.0,2.0,Bon état,3.0,15
Villas & maisons de luxe Casablanca,Casablanca,33.56170473792227,-7.630379283521052,Magnifique villa a vendre,8800000.0,"['525 m²', '8 Pièces', '4 Chambres', '4 Salles de bains']",4,525.0,8.0,4.0,2.306532663316583,Bon état,3.0,15
Appartements Casablanca,Casablanca,33.56170473792227,-7.630379283521052,Top affaire appartement bouskoura,2775580.0,"['164 m²', '6 Pièces', '3 Chambres', '3 Salles de bains', 'Bon état']",5,164.0,6.0,3.0,3.0,Bon état,3.0,15
Appartements Casablanca,Aïn Sebaâ à Casablanca,33.56170473792227,-7.630379283521052,Appartement en vente à Ain Sebaâ,650000.0,"['60 m²', '3 Pièces', '2 Chambres', '2 Salles de bains', 'Bon état', '5-10 ans', '3ème étage']",7,60.0,3.0,2.0,2.0,Bon état,3.0,7
Appartements Casablanca,Derb Ghalef à Casablanca,33.5741711,-7.631067300000012,Appartement à l'achat à Derb Ghalef. 2 pièces. Avec ascenseur et terrasse,950000.0,"['60 m²', '2 Pièces', '1 Chambre', '1 Salle de bain', 'Bon état']",5,60.0,2.0,1.0,1.0,Bon état,3.0,15
Appartements Casablanca,Val Fleury à Casablanca,33.57519011717882,-7.636785507202148,Val fleuri vente appartement 3 chambres 148m2,2400000.0,"['148 m²', '4 Pièces', '3 Chambres', '3 Salles de bains', 'Nouveau']",5,148.0,4.0,3.0,3.0,Nouveau,3.0,15
Appartements Casablanca,Maârif à Casablanca,33.5850411376809,-7.636795584170159,Appartement à vendre/ maarif,1250000.0,"['78 m²', '3 Pièces', '2 Chambres', '2 Salles de bains', 'Bon état', '4ème étage']",6,78.0,3.0,2.0,2.0,Bon état,4.0,15
Appartements Casablanca,Les Hôpitaux à Casablanca,33.572421013001474,-7.619493105830202,Studio à vendre Quartier des hôpitaux,780000.0,"['44 m²', '2 Pièces', '1 Chambre', '1 Salle de bain', 'Nouveau', ""Moins d'un an"", '4ème étage']",7,44.0,2.0,1.0,1.0,Nouveau,4.0,0
Appartements Casablanca,Oasis à Casablanca,33.56170473792227,-7.630379283521052,Vente appartement 149m² avec terrasse Oasis,2700000.0,"['149 m²', '5 Pièces', '3 Chambres', '2 Salles de bains', 'Nouveau']",5,149.0,5.0,3.0,2.0,Nouveau,3.0,15
Appartements Casablanca,Oasis à Casablanca,33.55702447218315,-7.6348114013671875,Vente magnifique appartement 206m² Oasis,3700000.0,"['206 m²', '6 Pièces', '4 Chambres', '3 Salles de bains', 'Nouveau']",5,206.0,6.0,4.0,3.0,Nouveau,3.0,15
Appartements Casablanca,Nassim 2 à Casablanca,33.56170473792227,-7.630379283521052,"Superbe appartement à vendre à Nassim 2.2 belles chambres. Salon Marocain, sécurité",700000.0,"['71 m²', '3 Pièces', '2 Chambres', '1 Salle de bain', 'Bon état', '5-10 ans', '4ème étage']",7,71.0,3.0,2.0,1.0,Bon état,4.0,7
Appartements Casablanca,Casablanca,33.56170473792227,-7.630379283521052,Face au twins rue calme,1750000.0,"['147 m²', '3 Chambres', '2 Salles de bains']",4,147.0,4.682934712346477,3.0,2.306532663316583,Bon état,3.0,15
Villas & maisons de luxe Casablanca,CIL (Hay Salam) à Casablanca,33.57243690885356,-7.657556533813477,Cil rare,5990000.0,"['361 m²', '4 Pièces', '3 Chambres', '2 Salles de bains']",4,361.0,4.0,3.0,2.306532663316583,Bon état,3.0,15
Appartements Casablanca,Sidi Moumen à Casablanca,33.56170473792227,-7.630379283521052,Appartement à vendre à Sidi Moumen. 3 chambres agréables.,4558824.761494253,"['101 m²', '4 Pièces', '3 Chambres', '1 Salle de bain', 'Bon état']",5,101.0,4.0,3.0,1.0,Bon état,3.0,15
Appartements Casablanca,Sidi Moumen à Casablanca,33.56170473792227,-7.630379283521052,Superbe Appartement à vendre,450000.0,"['56 m²', '3 Pièces', '2 Chambres', '1 Salle de bain', 'Bon état', '5-10 ans', '2ème étage']",7,56.0,3.0,2.0,1.0,Bon état,2.0,7
Appartements Casablanca,Palmier à Casablanca,33.580946541729524,-7.629060745239258,Appartement d’exception à l'achat à Palmier,3400000.0,"['265 m²', '4 Pièces', '3 Chambres', '3 Salles de bains', 'Bon état', '10-20 ans', '6ème étage']",7,265.0,4.0,3.0,3.0,Bon état,6.0,15
Appartements Casablanca,Bourgogne Ouest à Casablanca,33.598304662993705,-7.644252777099609,Appartement en vente à Bourgogne plein sud,1400000.0,"['75 m²', '2 Pièces', '1 Chambre', '1 Salle de bain', 'Bon état', '5ème étage']",6,75.0,2.0,1.0,1.0,Bon état,5.0,15
Appartements Casablanca,Les Hôpitaux à Casablanca,33.57797899192462,-7.62000560760498,Vente d'un bel appartement a ABdelmoumen,1256000.0,"['84 m²', '3 Pièces', '2 Chambres', '1 Salle de bain', 'Bon état', '4ème étage']",6,84.0,3.0,2.0,1.0,Bon état,4.0,15
Appartements Casablanca,Derb Ghalef à Casablanca,33.569647855047904,-7.6327836513519,DUPLEX DE 6 CHAMBRES à vendre avec terrasse à DERB GHALEF,3100000.0,"['248 m²', '9 Pièces', '6 Chambres', '3 Salles de bains', 'Bon état', '20-30 ans']",6,248.0,9.0,6.0,3.0,Bon état,3.0,25
Appartements Casablanca,Anassi à Casablanca,33.54729641431625,-7.61103630065918,Superbe appartement près Blv Mohemed zafzaf,640000.0,"['73 m²', '3 Pièces', '2 Chambres', '1 Salle de bain', 'Bon état', '1-5 ans', '2ème étage']",7,73.0,3.0,2.0,1.0,Bon état,2.0,3
Appartements Casablanca,Quartier Bachkou à Casablanca,33.555571418248554,-7.6278753999999935,Vente d'un bel appartement à Casablanca,1625000.0,"['108 m²', '4 Pièces', '3 Chambres', '2 Salles de bains', 'Bon état', '10-20 ans', '4ème étage']",7,108.0,4.0,3.0,2.0,Bon état,4.0,15
Appartements Casablanca,Maârif à Casablanca,33.57154299116339,-7.636313438415527,Très Bel appart lumineux et ensoleillé à Gautier,1890000.0,"['127 m²', '4 Pièces', '3 Chambres', '3 Salles de bains', 'Bon état', '5-10 ans', '4ème étage']",7,127.0,4.0,3.0,3.0,Bon état,4.0,7
Villas & maisons de luxe Casablanca,Ain Diab Extension à Casablanca,33.57815776287343,-7.692489624023437,Une villa de très haut standing à vendre Aind diab,8200000.0,"['400 m²', '11 Pièces', '6 Chambres', '5 Salles de bains', 'Nouveau']",5,400.0,11.0,6.0,5.0,Nouveau,3.0,15
Appartements Casablanca,Anfa à Casablanca,33.596175974504256,-7.657470703125,Joli Studio à vendre bvd Zerktouni,1200000.0,"['55 m²', '2 Pièces', '1 Chambre', '1 Salle de bain', 'Bon état', '2ème étage']",6,55.0,2.0,1.0,1.0,Bon état,2.0,15
Appartements Casablanca,Al Qods à Casablanca,33.72177155580477,-7.196044921875,Bel appartement entièrement rénové à Hay Qods,540000.0,"['71 m²', '4 Pièces', '2 Chambres', '1 Salle de bain', 'Bon état', '5-10 ans', '4ème étage']",7,71.0,4.0,2.0,1.0,Bon état,4.0,7
Appartements Casablanca,Les princesses à Casablanca,33.57154299116339,-7.636313438415527,Les princesses vente appartement terrasse,1950000.0,"['160 m²', '5 Pièces', '3 Chambres', '2 Salles de bains', 'Bon état']",5,160.0,5.0,3.0,2.0,Bon état,3.0,15
Appartements Casablanca,Casablanca Finance City à Casablanca,33.5585265011327,-7.605092525482178,Cfc vente appartement terrasse,2300000.0,"['120 m²', '3 Pièces', '2 Chambres', '2 Salles de bains', 'Nouveau']",5,120.0,3.0,2.0,2.0,Nouveau,3.0,15
Appartements Casablanca,Californie à Casablanca,33.53595755299843,-7.625627517700195,Somptueux appartement en vente à Californie,2500000.0,"['144 m²', '5 Pièces', '3 Chambres', '2 Salles de bains', 'Bon état', '1-5 ans', '5ème étage']",7,144.0,5.0,3.0,2.0,Bon état,5.0,3
Appartements Casablanca,Sidi Moumen à Casablanca,33.56170473792227,-7.630379283521052,Appartement à l'achat à Sidi Moumen. Surface de 59 m²,480000.0,"['59 m²', '3 Pièces', '2 Chambres', '1 Salle de bain', 'Bon état', '1er étage']",6,59.0,3.0,2.0,1.0,Bon état,1.0,15
Appartements Casablanca,Oulfa à Casablanca,33.55627344791359,-7.67918586730957,Superbe appartement à vendre à Oulfa. 2 chambres agréables. Parking et ascenseur,1350000.0,"['129 m²', '4 Pièces', '2 Chambres', '2 Salles de bains', 'Bon état', '20-30 ans', '2ème étage']",7,129.0,4.0,2.0,2.0,Bon état,2.0,25
Appartements Casablanca,Roches Noires à Casablanca,33.59907140752743,-7.587089538574219,Appartements luxueux en plein coeur de Casablanca,930000.0,"['105 m²', '4 Pièces', '2 Chambres', '1 Salle de bain', 'Bon état', '5-10 ans', '3ème étage']",7,105.0,4.0,2.0,1.0,Bon état,3.0,7
Appartements Casablanca,Sidi Maarouf à Casablanca,33.56170473792227,-7.630379283521052,Appartement meublé sans vis à via,1600000.0,"['103 m²', '4 Pièces', '3 Chambres', '2 Salles de bains', 'Bon état', '1-5 ans', '2ème étage']",7,103.0,4.0,3.0,2.0,Bon état,2.0,3
Appartements Casablanca,Oulfa à Casablanca,33.55627344791359,-7.67918586730957,Lotissement ACHARAF 2 Imm 4 App 24 OULFA,4558824.761494253,"['46 m²', '3 Pièces', '2 Chambres', '1 Salle de bain', 'Bon état', '5-10 ans', '3ème étage']",7,46.0,3.0,2.0,1.0,Bon état,3.0,7
Appartements Casablanca,La Gironde à Casablanca,33.56170473792227,-7.630379283521052,"Appartement à la vente, 90 m2, la Gironde",1150000.0,"['90 m²', '4 Pièces', '3 Chambres', '2 Salles de bains', 'Bon état']",5,90.0,4.0,3.0,2.0,Bon état,3.0,15
Appartements Casablanca,Ain Diab à Casablanca,33.58630932470067,-7.671375274658203,Studio De Charme Avec Terrasse Plein Sud 5 em etage,1100000.0,"['62 m²', '2 Pièces', '1 Chambre', '1 Salle de bain', 'Bon état', '1-5 ans', '5ème étage']",7,62.0,2.0,1.0,1.0,Bon état,5.0,3
Villas & maisons de luxe Casablanca,El Manar - El Hank à Casablanca,33.56170473792227,-7.630379283521052,Magnifique Maison Orientée Plein Sud,7700000.0,"['475 m²', '7 Pièces', '5 Chambres', '4 Salles de bains', 'Bon état', '10-20 ans']",6,475.0,7.0,5.0,4.0,Bon état,3.0,15
Appartements Casablanca,Maârif Extension à Casablanca,33.57987394514173,-7.646827697753906,Appartement en vente à Maârif Extension. 3 belles chambres. Terrasse et ascenseur,1550000.0,"['100 m²', '7 Pièces', '3 Chambres', '2 Salles de bains', 'Bon état', '5-10 ans', '4ème étage']",7,100.0,7.0,3.0,2.0,Bon état,4.0,7
Appartements Casablanca,Franceville à Casablanca,33.56170473792227,-7.630379283521052,Appartement en vente à Franceville. Superficie 128 m². Avec ascenseur et terrasse,2200000.0,"['128 m²', '8 Pièces', '3 Chambres', '2 Salles de bains', 'Bon état', '5-10 ans', '4ème étage']",7,128.0,8.0,3.0,2.0,Bon état,4.0,7
Appartements Casablanca,Al Qods à Casablanca,33.557167523684654,-7.59829044342041,Vente d'un bel appartement à Al Qods. 2 grandes pièces. Service de concierge et climatisation,870000.0,"['100 m²', '5 Pièces', '3 Chambres', '2 Salles de bains', 'Bon état']",5,100.0,5.0,3.0,2.0,Bon état,3.0,15
Appartements Casablanca,Californie à Casablanca,33.56170473792227,-7.630379283521052,Appartement à vendre à Californie. 4 chambres agréables. Salon traditionnel et porte blindée,5500000.0,"['256 m²', '8 Pièces', '4 Chambres', '4 Salles de bains', 'Bon état', '5-10 ans']",6,256.0,8.0,4.0,4.0,Bon état,3.0,7
Appartements Casablanca,Val Fleury à Casablanca,33.57519011717882,-7.636785507202148,Vente d'un bel appartement à Val Fleury. Superficie 220 m². Chauffage central et porte blindée,3100000.0,"['220 m²', '9 Pièces', '3 Chambres', '3 Salles de bains', 'Bon état', '10-20 ans', '3ème étage']",7,220.0,9.0,3.0,3.0,Bon état,3.0,15
Appartements Casablanca,Al Qods à Casablanca,33.57544227068509,-7.569580078125,Appartement à vendre,950000.0,"['91 m²', '4 Pièces', '2 Chambres', '2 Salles de bains', 'Bon état', '10-20 ans', '2ème étage']",7,91.0,4.0,2.0,2.0,Bon état,2.0,15
Appartements Casablanca,Ain Borja à Casablanca,33.56170473792227,-7.630379283521052,A vendre un appartement à ain borja,1058000.0,"['92 m²', '5 Pièces', '2 Chambres', '2 Salles de bains', 'Bon état', '5-10 ans', '1er étage']",7,92.0,5.0,2.0,2.0,Bon état,1.0,7
Appartements Casablanca,Al Qods à Casablanca,33.61472650938991,-7.485895156860323,Bel appart res bagdad 85/m asc parking,810000.0,"['85 m²', '4 Pièces', '3 Chambres', '2 Salles de bains', 'Bon état', '5-10 ans', '3ème étage']",7,85.0,4.0,3.0,2.0,Bon état,3.0,7
Appartements Casablanca,Oulfa à Casablanca,33.56170473792227,-7.630379283521052,Bel appartement à vendre à Oulfa. 3 pièces confortables,300000.0,"['50 m²', '3 Pièces', '2 Chambres', '1 Salle de bain', 'Bon état']",5,50.0,3.0,2.0,1.0,Bon état,3.0,15
Maisons Casablanca,Hay Lalla Meriem à Casablanca,33.559848692145394,-7.552062509915316,Très belle maison en vente à Hay Lalla Meriem. Surface de 48 m².,550000.0,"['48 m²', '2 Pièces', '5 Chambres', '2 Salles de bains', 'Bon état', '10-20 ans']",6,48.0,2.0,5.0,2.0,Bon état,3.0,15
Appartements Casablanca,Hay Zobir à Casablanca,33.583556471073265,-7.579107284545898,Appartement à vendre Lot Safaa au quartier zoubir,580000.0,"['76 m²', '2 Pièces', '1 Chambre', '1 Salle de bain', 'Bon état', '20-30 ans', '3ème étage']",7,76.0,2.0,1.0,1.0,Bon état,3.0,25
Villas & maisons de luxe Casablanca,Hermitage à Casablanca,33.57089936469496,-7.620348930358887,Villa dans une rue calme,8800000.0,"['880 m²', '10 Pièces', '4 Chambres', '3 Salles de bains', 'À rénover', '20-30 ans']",6,880.0,10.0,4.0,3.0,À rénover,3.0,25
Villas & maisons de luxe Casablanca,Racine Extension à Casablanca,33.56170473792227,-7.630379283521052,Villa à fort potentiel,7980000.0,"['420 m²', '7 Pièces', '4 Chambres', '2 Salles de bains', 'À rénover', '20-30 ans']",6,420.0,7.0,4.0,2.0,À rénover,3.0,25
Villas & maisons de luxe Casablanca,Ain Diab à Casablanca,33.58630932470067,-7.671375274658203,Villa à Paranfa,20631000.0,"['1058 m²', '9 Pièces', '4 Chambres', '4 Salles de bains', 'À rénover', '20-30 ans']",6,1058.0,9.0,4.0,4.0,À rénover,3.0,25
Villas & maisons de luxe Casablanca,Aïn Sebaâ à Casablanca,33.56170473792227,-7.630379283521052,Villa de luxe à vendre à Aïn Sebaâ. Surface totale 631 m².,8834000.0,['631 m²'],4,631.0,4.682934712346477,2.9211172498465316,2.306532663316583,Bon état,3.0,15
Appartements Casablanca,Al Qods à Casablanca,33.557167523684654,-7.59829044342041,Vente d'un bel appartement à Al Qods,4558824.761494253,"['74 m²', '3 Pièces', '2 Chambres', '1 Salle de bain', 'Bon état', '2ème étage']",6,74.0,3.0,2.0,1.0,Bon état,2.0,15
Villas & maisons de luxe Casablanca,Ain Diab à Casablanca,33.58630932470067,-7.671375274658203,Villa haut standing piscine vue sur mer,45000.0,"['667 m²', '5 Pièces', '4 Chambres', '3 Salles de bains']",4,667.0,5.0,4.0,2.306532663316583,Bon état,3.0,15
Appartements Casablanca,Al Hadika à Casablanca,33.577507819590124,-7.511675961376966,Superbe appartement à vendre à ryad alHadika. 2 pièces. Antenne parabolique et sécurité,4558824.761494253,"['70 m²', '2 Pièces', '2 Chambres', '1 Salle de bain', 'Bon état', '5-10 ans', '2ème étage']",7,70.0,2.0,2.0,1.0,Bon état,2.0,7
Appartements Casablanca,Casablanca Finance City à Casablanca,33.564963472203374,-7.657341957092143,SUPERBE Appartement dans un ECRIN de VERDURE,2350000.0,"['104 m²', '3 Pièces', '2 Chambres', '2 Salles de bains', 'Bon état']",5,104.0,3.0,2.0,2.0,Bon état,3.0,15
Appartements Casablanca,Sidi Maarouf à Casablanca,33.56170473792227,-7.630379283521052,Superbe appartement à vendre à Sidi Maarouf. Superficie 49 m²,500000.0,"['49 m²', '3 Pièces', '2 Chambres', '1 Salle de bain', 'Bon état', '5-10 ans', '1er étage']",7,49.0,3.0,2.0,1.0,Bon état,1.0,7
Appartements Casablanca,Hay Tasahol à Casablanca,33.603227186334585,-7.644596584059343,Appartement à l'achat à Bd Bourgogne. 3 pièces. Grande terrasse,630000.0,"['83 m²', '3 Pièces', '2 Chambres', '1 Salle de bain', 'À rénover', '20-30 ans', '4ème étage']",7,83.0,3.0,2.0,1.0,À rénover,4.0,25
Maisons Casablanca,Hay M'barka à Casablanca,33.61412166800913,-7.502221187403421,Très belle maison en vente à Hay M'barka. Surface totale 220 m². Terrasse et jardin,4558824.761494253,"['220 m²', '6 Pièces', '4 Chambres', '3 Salles de bains', 'Bon état', '30-50 ans']",6,220.0,6.0,4.0,3.0,Bon état,3.0,40
Appartements Casablanca,Les princesses à Casablanca,33.56170473792227,-7.630379283521052,Les princesses vente appartement terrasse,1950000.0,"['160 m²', '5 Pièces', '3 Chambres', '2 Salles de bains', 'Bon état']",5,160.0,5.0,3.0,2.0,Bon état,3.0,15
Appartements Casablanca,Casablanca Finance City à Casablanca,33.56170473792227,-7.630379283521052,Cfc vente appartement terrasse,2300000.0,"['120 m²', '3 Pièces', '2 Chambres', '2 Salles de bains', 'Nouveau']",5,120.0,3.0,2.0,2.0,Nouveau,3.0,15
Appartements Casablanca,Californie à Casablanca,33.56170473792227,-7.630379283521052,Somptueux appartement en vente à Californie,2500000.0,"['144 m²', '5 Pièces', '3 Chambres', '2 Salles de bains', 'Bon état', '1-5 ans', '5ème étage']",7,144.0,5.0,3.0,2.0,Bon état,5.0,3
Appartements Casablanca,Sidi Moumen à Casablanca,33.56170473792227,-7.630379283521052,Appartement à l'achat à Sidi Moumen. Surface de 59 m²,480000.0,"['59 m²', '3 Pièces', '2 Chambres', '1 Salle de bain', 'Bon état', '1er étage']",6,59.0,3.0,2.0,1.0,Bon état,1.0,15
Appartements Casablanca,Oulfa à Casablanca,33.56170473792227,-7.630379283521052,Superbe appartement à vendre à Oulfa. 2 chambres agréables. Parking et ascenseur,1350000.0,"['129 m²', '4 Pièces', '2 Chambres', '2 Salles de bains', 'Bon état', '20-30 ans', '2ème étage']",7,129.0,4.0,2.0,2.0,Bon état,2.0,25
Appartements Casablanca,Roches Noires à Casablanca,33.59907140752743,-7.587089538574219,Appartements luxueux en plein coeur de Casablanca,930000.0,"['105 m²', '4 Pièces', '2 Chambres', '1 Salle de bain', 'Bon état', '5-10 ans', '3ème étage']",7,105.0,4.0,2.0,1.0,Bon état,3.0,7
Appartements Casablanca,Sidi Maarouf à Casablanca,33.51821300640254,-7.644338607788086,Appartement meublé sans vis à via,1600000.0,"['103 m²', '4 Pièces', '3 Chambres', '2 Salles de bains', 'Bon état', '1-5 ans', '2ème étage']",7,103.0,4.0,3.0,2.0,Bon état,2.0,3
Appartements Casablanca,Oulfa à Casablanca,33.55627344791359,-7.67918586730957,Lotissement ACHARAF 2 Imm 4 App 24 OULFA,4558824.761494253,"['46 m²', '3 Pièces', '2 Chambres', '1 Salle de bain', 'Bon état', '5-10 ans', '3ème étage']",7,46.0,3.0,2.0,1.0,Bon état,3.0,7
Appartements Casablanca,La Gironde à Casablanca,33.56170473792227,-7.630379283521052,"Appartement à la vente, 90 m2, la Gironde",1150000.0,"['90 m²', '4 Pièces', '3 Chambres', '2 Salles de bains', 'Bon état']",5,90.0,4.0,3.0,2.0,Bon état,3.0,15
Appartements Casablanca,Ain Diab à Casablanca,33.58630932470067,-7.671375274658203,Studio De Charme Avec Terrasse Plein Sud 5 em etage,1100000.0,"['62 m²', '2 Pièces', '1 Chambre', '1 Salle de bain', 'Bon état', '1-5 ans', '5ème étage']",7,62.0,2.0,1.0,1.0,Bon état,5.0,3
Villas & maisons de luxe Casablanca,El Manar - El Hank à Casablanca,33.60689931379632,-7.652578353881836,Magnifique Maison Orientée Plein Sud,7700000.0,"['475 m²', '7 Pièces', '5 Chambres', '4 Salles de bains', 'Bon état', '10-20 ans']",6,475.0,7.0,5.0,4.0,Bon état,3.0,15
Appartements Casablanca,Maârif Extension à Casablanca,33.57987394514173,-7.646827697753906,Appartement en vente à Maârif Extension. 3 belles chambres. Terrasse et ascenseur,1550000.0,"['100 m²', '7 Pièces', '3 Chambres', '2 Salles de bains', 'Bon état', '5-10 ans', '4ème étage']",7,100.0,7.0,3.0,2.0,Bon état,4.0,7
Appartements Casablanca,Franceville à Casablanca,33.56170473792227,-7.630379283521052,Appartement en vente à Franceville. Superficie 128 m². Avec ascenseur et terrasse,2200000.0,"['128 m²', '8 Pièces', '3 Chambres', '2 Salles de bains', 'Bon état', '5-10 ans', '4ème étage']",7,128.0,8.0,3.0,2.0,Bon état,4.0,7
Appartements Casablanca,Al Qods à Casablanca,33.557167523684654,-7.59829044342041,Vente d'un bel appartement à Al Qods. 2 grandes pièces. Service de concierge et climatisation,870000.0,"['100 m²', '5 Pièces', '3 Chambres', '2 Salles de bains', 'Bon état']",5,100.0,5.0,3.0,2.0,Bon état,3.0,15
Appartements Casablanca,Californie à Casablanca,33.53595755299843,-7.625627517700195,Appartement à vendre à Californie. 4 chambres agréables. Salon traditionnel et porte blindée,5500000.0,"['256 m²', '8 Pièces', '4 Chambres', '4 Salles de bains', 'Bon état', '5-10 ans']",6,256.0,8.0,4.0,4.0,Bon état,3.0,7
Appartements Casablanca,Val Fleury à Casablanca,33.57519011717882,-7.636785507202148,Vente d'un bel appartement à Val Fleury. Superficie 220 m². Chauffage central et porte blindée,3100000.0,"['220 m²', '9 Pièces', '3 Chambres', '3 Salles de bains', 'Bon état', '10-20 ans', '3ème étage']",7,220.0,9.0,3.0,3.0,Bon état,3.0,15
Appartements Casablanca,Al Qods à Casablanca,33.57544227068509,-7.569580078125,Appartement à vendre,950000.0,"['91 m²', '4 Pièces', '2 Chambres', '2 Salles de bains', 'Bon état', '10-20 ans', '2ème étage']",7,91.0,4.0,2.0,2.0,Bon état,2.0,15
Appartements Casablanca,Ain Borja à Casablanca,33.58652382908706,-7.586703300476074,A vendre un appartement à ain borja,1058000.0,"['92 m²', '5 Pièces', '2 Chambres', '2 Salles de bains', 'Bon état', '5-10 ans', '1er étage']",7,92.0,5.0,2.0,2.0,Bon état,1.0,7
Appartements Casablanca,Al Qods à Casablanca,33.61472650938991,-7.485895156860323,Bel appart res bagdad 85/m asc parking,810000.0,"['85 m²', '4 Pièces', '3 Chambres', '2 Salles de bains', 'Bon état', '5-10 ans', '3ème étage']",7,85.0,4.0,3.0,2.0,Bon état,3.0,7
Appartements Casablanca,Oulfa à Casablanca,33.56170473792227,-7.630379283521052,Bel appartement à vendre à Oulfa. 3 pièces confortables,300000.0,"['50 m²', '3 Pièces', '2 Chambres', '1 Salle de bain', 'Bon état']",5,50.0,3.0,2.0,1.0,Bon état,3.0,15
Maisons Casablanca,Hay Lalla Meriem à Casablanca,33.559848692145394,-7.552062509915316,Très belle maison en vente à Hay Lalla Meriem. Surface de 48 m².,550000.0,"['48 m²', '2 Pièces', '5 Chambres', '2 Salles de bains', 'Bon état', '10-20 ans']",6,48.0,2.0,5.0,2.0,Bon état,3.0,15
Appartements Casablanca,Hay Zobir à Casablanca,33.583556471073265,-7.579107284545898,Appartement à vendre Lot Safaa au quartier zoubir,580000.0,"['76 m²', '2 Pièces', '1 Chambre', '1 Salle de bain', 'Bon état', '20-30 ans', '3ème étage']",7,76.0,2.0,1.0,1.0,Bon état,3.0,25
Villas & maisons de luxe Casablanca,Hermitage à Casablanca,33.57089936469496,-7.620348930358887,Villa dans une rue calme,8800000.0,"['880 m²', '10 Pièces', '4 Chambres', '3 Salles de bains', 'À rénover', '20-30 ans']",6,880.0,10.0,4.0,3.0,À rénover,3.0,25
Villas & maisons de luxe Casablanca,Racine Extension à Casablanca,33.59056356209817,-7.640819549560547,Villa à fort potentiel,7980000.0,"['420 m²', '7 Pièces', '4 Chambres', '2 Salles de bains', 'À rénover', '20-30 ans']",6,420.0,7.0,4.0,2.0,À rénover,3.0,25
Villas & maisons de luxe Casablanca,Ain Diab à Casablanca,33.58630932470067,-7.671375274658203,Villa à Paranfa,20631000.0,"['1058 m²', '9 Pièces', '4 Chambres', '4 Salles de bains', 'À rénover', '20-30 ans']",6,1058.0,9.0,4.0,4.0,À rénover,3.0,25
Villas & maisons de luxe Casablanca,Aïn Sebaâ à Casablanca,33.56170473792227,-7.630379283521052,Villa de luxe à vendre à Aïn Sebaâ. Surface totale 631 m².,8834000.0,['631 m²'],4,631.0,4.682934712346477,2.9211172498465316,2.306532663316583,Bon état,3.0,15
Appartements Casablanca,Al Qods à Casablanca,33.557167523684654,-7.59829044342041,Vente d'un bel appartement à Al Qods,4558824.761494253,"['74 m²', '3 Pièces', '2 Chambres', '1 Salle de bain', 'Bon état', '2ème étage']",6,74.0,3.0,2.0,1.0,Bon état,2.0,15
Villas & maisons de luxe Casablanca,Ain Diab à Casablanca,33.58630932470067,-7.671375274658203,Villa haut standing piscine vue sur mer,45000.0,"['667 m²', '5 Pièces', '4 Chambres', '3 Salles de bains']",4,667.0,5.0,4.0,2.306532663316583,Bon état,3.0,15
Appartements Casablanca,Al Hadika à Casablanca,33.577507819590124,-7.511675961376966,Superbe appartement à vendre à ryad alHadika. 2 pièces. Antenne parabolique et sécurité,4558824.761494253,"['70 m²', '2 Pièces', '2 Chambres', '1 Salle de bain', 'Bon état', '5-10 ans', '2ème étage']",7,70.0,2.0,2.0,1.0,Bon état,2.0,7
Appartements Casablanca,Casablanca Finance City à Casablanca,33.564963472203374,-7.657341957092143,SUPERBE Appartement dans un ECRIN de VERDURE,2350000.0,"['104 m²', '3 Pièces', '2 Chambres', '2 Salles de bains', 'Bon état']",5,104.0,3.0,2.0,2.0,Bon état,3.0,15
Appartements Casablanca,Sidi Maarouf à Casablanca,33.56170473792227,-7.630379283521052,Superbe appartement à vendre à Sidi Maarouf. Superficie 49 m²,500000.0,"['49 m²', '3 Pièces', '2 Chambres', '1 Salle de bain', 'Bon état', '5-10 ans', '1er étage']",7,49.0,3.0,2.0,1.0,Bon état,1.0,7
Appartements Casablanca,Hay Tasahol à Casablanca,33.603227186334585,-7.644596584059343,Appartement à l'achat à Bd Bourgogne. 3 pièces. Grande terrasse,630000.0,"['83 m²', '3 Pièces', '2 Chambres', '1 Salle de bain', 'À rénover', '20-30 ans', '4ème étage']",7,83.0,3.0,2.0,1.0,À rénover,4.0,25
Maisons Casablanca,Hay M'barka à Casablanca,33.61412166800913,-7.502221187403421,Très belle maison en vente à Hay M'barka. Surface totale 220 m². Terrasse et jardin,4558824.761494253,"['220 m²', '6 Pièces', '4 Chambres', '3 Salles de bains', 'Bon état', '30-50 ans']",6,220.0,6.0,4.0,3.0,Bon état,3.0,40
Villas & maisons de luxe Casablanca,Ain Diab à Casablanca,33.56170473792227,-7.630379283521052,Vente Villa Quartier Ain Diab Casablanca,8500000.0,"['477 m²', '7 Pièces', '5 Chambres', '4 Salles de bains', 'Bon état', '5-10 ans']",6,477.0,7.0,5.0,4.0,Bon état,3.0,7
Villas & maisons de luxe Casablanca,Ain Diab à Casablanca,33.58630932470067,-7.671375274658203,Villa**AinDIAB ((( proche MoroccoMALL )))),16000000.0,"['1050 m²', '6 Pièces', '4 Chambres', '5 Salles de bains', 'Nouveau', '1-5 ans']",6,1050.0,6.0,4.0,5.0,Nouveau,3.0,3
Appartements Casablanca,Moulay Youssef à Casablanca,33.59692665165899,-7.634639739990234,Bel appartement,1100000.0,"['72 m²', '3 Pièces', '2 Chambres', '2 Salles de bains', 'Bon état', '5-10 ans', '4ème étage']",7,72.0,3.0,2.0,2.0,Bon état,4.0,7
Appartements Casablanca,Oulfa à Casablanca,33.56170473792227,-7.630379283521052,Vend appartement à Oulfa. Superficie 84 m²,700000.0,"['84 m²', '6 Pièces', '4 Chambres', '1 Salle de bain', 'Bon état', '10-20 ans', '3ème étage']",7,84.0,6.0,4.0,1.0,Bon état,3.0,15
Appartements Casablanca,Maârif à Casablanca,33.58692250790358,-7.642201520205958,Duplex 215m2 à Racine Boissy d'anglas 4 chambres,4300000.0,"['215 m²', '4 Pièces', '4 Chambres', '2 Salles de bains', 'À rénover', '20-30 ans', '2ème étage']",7,215.0,4.0,4.0,2.0,À rénover,2.0,25
Appartements Casablanca,Racine à Casablanca,33.58922587814363,-7.636410130789471,Appartement 256m2 à Racine,4300000.0,"['256 m²', '4 Pièces', '3 Chambres', '1 Salle de bain', 'À rénover', '20-30 ans', '2ème étage']",7,256.0,4.0,3.0,1.0,À rénover,2.0,25
Villas & maisons de luxe Casablanca,Anfa à Casablanca,33.56170473792227,-7.630379283521052,Villa vue sur mer depuis le rdc a anfa 4 chambres,16500000.0,"['680 m²', '10 Pièces', '4 Chambres', '5 Salles de bains', 'Nouveau']",5,680.0,10.0,4.0,5.0,Nouveau,3.0,15
Appartements Casablanca,Lissasfa à Casablanca,33.52837363589382,-7.679100036621094,Immeuble moyen gamme,4558824.761494253,"['54 m²', '3 Pièces', '2 Chambres', '1 Salle de bain', 'Nouveau', '3ème étage']",6,54.0,3.0,2.0,1.0,Nouveau,3.0,15
Appartements Casablanca,Mers Sultan à Casablanca,33.57955216356586,-7.611980438232422,Vente d'un app dans un immeuble de 5 propriétaires,3500000.0,"['222 m²', '3 Pièces', '3 Chambres', '3 Salles de bains', 'Bon état', '10-20 ans', '5ème étage']",7,222.0,3.0,3.0,3.0,Bon état,5.0,15
Villas & maisons de luxe Casablanca,Anfa à Casablanca,33.56170473792227,-7.630379283521052,"Villa à vendre, Polo",2800000.0,"['178 m²', '8 Pièces', '7 Chambres', '3 Salles de bains', 'À rénover', '50-70 ans']",6,178.0,8.0,7.0,3.0,À rénover,3.0,60
Appartements Casablanca,Maârif à Casablanca,33.56170473792227,-7.630379283521052,Studio meublé à Maarif,950000.0,"['58 m²', '2 Pièces', '1 Chambre', '1 Salle de bain', 'Bon état', '5-10 ans', '4ème étage']",7,58.0,2.0,1.0,1.0,Bon état,4.0,7
Appartements Casablanca,Nassim 1 à Casablanca,33.52288116185687,-7.659067860766896,Appartement à vendre à Nassim 1.3 grandes pièces. Avec ascenseur et espace vert,4558824.761494253,"['59 m²', '3 Pièces', '2 Chambres', '2 Salles de bains', 'Bon état', '10-20 ans', '1er étage']",7,59.0,3.0,2.0,2.0,Bon état,1.0,15
Appartements Casablanca,Mers Sultan à Casablanca,33.56170473792227,-7.630379283521052,Appartement à l'achat à Mers Sultan. Surface totale 56 m². Ascenseur et places de parking.,4558824.761494253,"['56 m²', '2 Pièces', '1 Chambre', '2 Salles de bains', 'Nouveau', '1-5 ans', '1er étage']",7,56.0,2.0,1.0,2.0,Nouveau,1.0,3
Appartements Casablanca,Les Hôpitaux à Casablanca,33.58027617042447,-7.617344856262179,Bel appartement à vendre Quartier des hôpitaux,1490000.0,"['116 m²', '7 Pièces', '3 Chambres', '2 Salles de bains', 'Bon état', '10-20 ans', '4ème étage']",7,116.0,7.0,3.0,2.0,Bon état,4.0,15
Appartements Casablanca,Nassim 1 à Casablanca,33.52050282991188,-7.662792205810547,Appartement à vendre,1680000.0,"['105 m²', '3 Pièces', '3 Chambres', '2 Salles de bains', 'Bon état', '5-10 ans', '5ème étage']",7,105.0,3.0,3.0,2.0,Bon état,5.0,7
Appartements Casablanca,Maârif Extension à Casablanca,33.57987394514173,-7.646827697753906,Appartement de haut standing à vendre Maarif,3200000.0,"['220 m²', '5 Pièces', '3 Chambres', '2 Salles de bains', 'Bon état', '1er étage']",6,220.0,5.0,3.0,2.0,Bon état,1.0,15
Appartements Casablanca,Racine à Casablanca,33.592458238962855,-7.648158073425293,Splendide appart de haut standing à vendre Racine,2450000.0,"['164 m²', '4 Pièces', '2 Chambres', '2 Salles de bains', 'Bon état', '4ème étage']",6,164.0,4.0,2.0,2.0,Bon état,4.0,15
Appartements Casablanca,Racine à Casablanca,33.56170473792227,-7.630379283521052,Luxieux a moliere,3600000.0,"['183 m²', '4 Pièces', '3 Chambres', '2 Salles de bains']",4,183.0,4.0,3.0,2.306532663316583,Bon état,3.0,15
Appartements Casablanca,Moulay Youssef à Casablanca,33.60392372082286,-7.633169889450215,Appartement haut standing à 2mn de la marina,1050000.0,"['74 m²', '4 Pièces', '2 Chambres', '1 Salle de bain', 'Bon état', '5-10 ans', '3ème étage']",7,74.0,4.0,2.0,1.0,Bon état,3.0,7
Appartements Casablanca,Beausite à Casablanca,33.59933541146033,-7.532393730506754,Appartement à vendre à Beausite. 4 belles chambres. Belle terrasse et jardin.,1097600.0,"['98 m²', '1 Pièce', '4 Chambres', '2 Salles de bains', 'Nouveau']",6,98.0,4.682934712346477,4.0,2.0,Nouveau,3.0,15
Appartements Casablanca,La Floride à Casablanca,33.53745355724901,-7.673379400000016,Appartement à vendre à La Floride. 2 chambres. Porte blindée et système de double vitrage,590000.0,"['70 m²', '2 Pièces', '2 Chambres', '1 Salle de bain', 'À rénover', '10-20 ans', '3ème étage']",7,70.0,2.0,2.0,1.0,À rénover,3.0,15
Appartements Casablanca,Californie à Casablanca,33.56170473792227,-7.630379283521052,Vend appartement à Californie. Surface de 153 m². Terrasse,1260000.0,"['153 m²', '6 Pièces', '2 Chambres', '2 Salles de bains', 'Bon état', '1-5 ans', '2ème étage']",7,153.0,6.0,2.0,2.0,Bon état,2.0,3
Appartements Casablanca,Ain Chock à Casablanca,33.53726530537312,-7.616041045279275,"Superbe appartement à vendre à Ain Chock. Superficie 106 m². Salon Marocain, sécurité",1500000.0,"['106 m²', '1 Pièce', '3 Chambres', '2 Salles de bains', 'Nouveau', '1-5 ans', '1er étage']",8,106.0,4.682934712346477,3.0,2.0,Nouveau,3.0,3
Appartements Casablanca,Val Fleury à Casablanca,33.57486837112334,-7.635280548804218,Opportunité Très intéressante à saisir vite,2250000.0,"['200 m²', '5 Pièces', '3 Chambres', '2 Salles de bains', 'Bon état', '5-10 ans']",6,200.0,5.0,3.0,2.0,Bon état,3.0,7
Appartements Casablanca,Palmier à Casablanca,33.56170473792227,-7.630379283521052,Vente Appartement Quartier Palmier Casablanca,2320000.0,"['145 m²', '6 Pièces', '3 Chambres', '2 Salles de bains', 'Bon état', '3ème étage']",6,145.0,6.0,3.0,2.0,Bon état,3.0,15
Appartements Casablanca,Oulfa à Casablanca,33.547117579470296,-7.675495147705078,Appt 73m2 Casablanca,729000.0,"['73 m²', '3 Pièces', '2 Chambres', '1 Salle de bain', 'Bon état', '10-20 ans', '2ème étage']",7,73.0,3.0,2.0,1.0,Bon état,2.0,15
Appartements Casablanca,Palmier à Casablanca,33.58378470034323,-7.628594001086725,Appartement à l'achat à Palmier. Sans vis à vis,3700000.0,"['265 m²', '5 Pièces', '3 Chambres', '3 Salles de bains', 'Bon état', '10-20 ans', '6ème étage']",7,265.0,5.0,3.0,3.0,Bon état,6.0,15
Appartements Casablanca,Triangle d'Or à Casablanca,33.59361111159584,-7.64297068119032,Bel appartement au Triangle d'or avec terrasse,3000000.0,"['175 m²', '5 Pièces', '3 Chambres', '3 Salles de bains', 'Nouveau', '20-30 ans', '1er étage']",7,175.0,5.0,3.0,3.0,Nouveau,1.0,25
Appartements Casablanca,Hay Chrifa à Casablanca,33.56170473792227,-7.630379283521052,Vente d'un bel appartement à Hay Chrifa. Superficie 130 m². Garage,4558824.761494253,"['130 m²', '1 Pièce', '3 Chambres', '2 Salles de bains', 'Bon état', '10-20 ans', '3ème étage']",8,130.0,4.682934712346477,3.0,2.0,Bon état,3.0,15
Appartements Casablanca,Triangle d'Or à Casablanca,33.5893123375811,-7.635712623596333,Joii appartement en hauteur à Triangle d'or,2200000.0,"['138 m²', '3 Pièces', '2 Chambres', '3 Salles de bains', 'Bon état', '20-30 ans']",6,138.0,3.0,2.0,3.0,Bon état,3.0,25
Appartements Casablanca,Oulfa à Casablanca,33.56170473792227,-7.630379283521052,Bel appartement à vendre à Oulfa. 2 belles chambres. Salon traditionnel et système d'antenne parabolique,4558824.761494253,"['84 m²', '4 Pièces', '2 Chambres', '1 Salle de bain', 'Bon état', '4ème étage']",6,84.0,4.0,2.0,1.0,Bon état,4.0,15
Villas & maisons de luxe Casablanca,Derb Ghalef à Casablanca,33.56170473792227,-7.630379283521052,Villa à vendre à Derb Ghalef,4558824.761494253,"['390 m²', '12 Pièces', '7 Chambres', '4 Salles de bains', 'À rénover']",5,390.0,12.0,7.0,4.0,À rénover,3.0,15
Appartements Casablanca,Ain Chock à Casablanca,33.56170473792227,-7.630379283521052,Appartement bien sécurisé sur BD TAH,690000.0,"['75 m²', '3 Pièces', '2 Chambres', '1 Salle de bain', 'Bon état', '4ème étage']",6,75.0,3.0,2.0,1.0,Bon état,4.0,15
Appartements Casablanca,Maârif Extension à Casablanca,33.57987394514173,-7.646827697753906,"Appartement à la vente, 100 m2, Maarif extension",1550000.0,"['100 m²', '4 Pièces', '2 Chambres', '1 Salle de bain', 'Bon état', '3ème étage']",6,100.0,4.0,2.0,1.0,Bon état,3.0,15
Appartements Casablanca,Gauthier à Casablanca,33.58891909184207,-7.628674507141113,Luxe dernier etage terrasse vue sur casablanca,5000000.0,"['290 m²', '5 Pièces', '3 Chambres', '4 Salles de bains', 'Nouveau', '1-5 ans', '10ème étage']",7,290.0,5.0,3.0,4.0,Nouveau,10.0,3
Appartements Casablanca,Derb Ghalef à Casablanca,33.56170473792227,-7.630379283521052,"Appartement à l'achat à Derb Ghalef. 2 pièces. Salon Marocain, sécurité",4558824.761494253,"['127 m²', '2 Pièces', '3 Chambres', '2 Salles de bains', 'Bon état', '10-20 ans', '1er étage']",7,127.0,2.0,3.0,2.0,Bon état,1.0,15
Appartements Casablanca,Casablanca Marina à Casablanca,33.56170473792227,-7.630379283521052,Luxueux Appartement 2 chambres à la Marina Casa,3200000.0,"['113 m²', '3 Pièces', '2 Chambres', '2 Salles de bains', 'Bon état', '1-5 ans']",6,113.0,3.0,2.0,2.0,Bon état,3.0,3
Appartements Casablanca,Ain Diab à Casablanca,33.60398138007997,-7.640221752226353,Luxueux Appartement 74m2 à vendre à la Marina Casa,2150000.0,"['74 m²', '2 Pièces', '1 Chambre', '2 Salles de bains', 'Bon état', '1-5 ans']",6,74.0,2.0,1.0,2.0,Bon état,3.0,3
Villas & maisons de luxe Casablanca,Ain Diab à Casablanca,33.58630932470067,-7.671375274658203,"Vente villa 540m2 4chambres avec piscine Ain Diab, Casablanca",10000000.0,"['540 m²', '4 Chambres', '4 Salles de bains']",4,540.0,4.682934712346477,4.0,2.306532663316583,Bon état,3.0,15
Appartements Casablanca,Beauséjour à Casablanca,33.56647651722588,-7.649579304386521,Bel appartement à vendre à Beauséjour. 2 grandes pièces. Antenne parabolique et sécurité,1350000.0,"['107 m²', '2 Pièces', '2 Chambres', '2 Salles de bains', 'Bon état', '10-20 ans', '2ème étage']",7,107.0,2.0,2.0,2.0,Bon état,2.0,15
Appartements Casablanca,Bourgogne Ouest à Casablanca,33.56170473792227,-7.630379283521052,Appartement à vendre à bourgogne Casablanca. sans vis à vis 2 pièces confortables. Parking et balcon,1500000.0,"['99 m²', '4 Pièces', '2 Chambres', '2 Salles de bains', 'Bon état', '10-20 ans', '4ème étage']",7,99.0,4.0,2.0,2.0,Bon état,4.0,15
Villas & maisons de luxe Casablanca,Riviera à Casablanca,33.56783540611906,-7.641506195068388,Villa à vendre à boulevard Ghandi,9690000.0,"['510 m²', '2 Pièces', '2 Chambres', '2 Salles de bains', 'Bon état']",5,510.0,2.0,2.0,2.0,Bon état,3.0,15
Appartements Casablanca,Oulfa à Casablanca,33.56170473792227,-7.630379283521052,Vend appartement à Oulfa. 5 grandes pièces. Salon traditionnel,4800000.0,"['121 m²', '5 Pièces', '3 Chambres', '2 Salles de bains', 'Bon état', '10-20 ans', '2ème étage']",7,121.0,5.0,3.0,2.0,Bon état,2.0,15
Appartements Casablanca,Ain Borja à Casablanca,33.56601837448065,-7.595522403717041,Appartement 101 m à vendre casablanca,1200000.0,"['101 m²', '5 Pièces', '3 Chambres', '2 Salles de bains', 'Bon état', '5-10 ans']",6,101.0,5.0,3.0,2.0,Bon état,3.0,7
Maisons Casablanca,Sidi Maarouf à Casablanca,33.53648640355496,-7.652326845123412,Très belle maison en vente à Sidi Maarouf. 3 pièces confortables. Salon Marocain et antenne parabolique,1950000.0,"['200 m²', '3 Pièces', '4 Chambres', '2 Salles de bains', 'Bon état', '5-10 ans']",6,200.0,3.0,4.0,2.0,Bon état,3.0,7
Maisons Casablanca,Hay M'barka à Casablanca,32.34023266790936,-7.437744140625,Maison à vendre bien ensoleillé orientation est,2100000.0,"['77 m²', '10 Pièces', '4 Chambres', '3 Salles de bains', 'Bon état', '20-30 ans']",6,77.0,10.0,4.0,3.0,Bon état,3.0,25
Appartements Casablanca,Racine à Casablanca,33.56170473792227,-7.630379283521052,Bel appartement en vente au Triangle d'or!,2800000.0,"['150 m²', '5 Pièces', '3 Chambres', '4 Salles de bains', 'Bon état', '10-20 ans', '3ème étage']",7,150.0,5.0,3.0,4.0,Bon état,3.0,15
Appartements Casablanca,Triangle d'Or à Casablanca,33.582734173084866,-7.675838470458984,Bel appart en vente au Triangle d'Or au Racine,2450000.0,"['140 m²', '7 Pièces', '2 Chambres', '2 Salles de bains', 'Bon état', '10-20 ans', '2ème étage']",7,140.0,7.0,2.0,2.0,Bon état,2.0,15
Appartements Casablanca,Oulfa à Casablanca,33.56170473792227,-7.630379283521052,"Superbe appartement à vendre à Oulfa. Superficie 50 m². Salon Marocain, sécurité",4558824.761494253,"['50 m²', '3 Pièces', '2 Chambres', '1 Salle de bain', 'Bon état', '1-5 ans', '2ème étage']",7,50.0,3.0,2.0,1.0,Bon état,2.0,3
Appartements Casablanca,Sidi El Khadir à Casablanca,33.565635825833354,-7.693772202535257,Bel appartement à vendre lotissement Skilia hay hassani. 3 belles chambres. Grand salon,1200000.0,"['129 m²', '4 Pièces', '3 Chambres', '2 Salles de bains', 'Bon état', '5-10 ans', '2ème étage']",7,129.0,4.0,3.0,2.0,Bon état,2.0,7
Appartements Casablanca,Oulfa à Casablanca,33.56170473792227,-7.630379283521052,Appartement haut standing sans avance a Res. Rania,608000.0,"['76 m²', '3 Pièces', '2 Chambres', '2 Salles de bains', 'Nouveau', ""Moins d'un an"", '3ème étage']",7,76.0,3.0,2.0,2.0,Nouveau,3.0,0
Appartements Casablanca,El Manar - El Hank à Casablanca,33.60554296345457,-7.655153274536047,Appartement à vendre Bourgogne sans vis à vis,3060000.0,"['122 m²', '4 Pièces', '3 Chambres', '2 Salles de bains', 'Nouveau', ""Moins d'un an"", '5ème étage']",7,122.0,4.0,3.0,2.0,Nouveau,5.0,0
Appartements Casablanca,Maârif Extension à Casablanca,33.56170473792227,-7.630379283521052,Appartement entièrement rénové à vendre sur Maarif,1760000.0,"['119 m²', '6 Pièces', '3 Chambres', '2 Salles de bains', 'Bon état', '4ème étage']",6,119.0,6.0,3.0,2.0,Bon état,4.0,15
Appartements Casablanca,Gauthier à Casablanca,33.56170473792227,-7.630379283521052,"Bel Appartement 75 m² à la vente, Gauthier, Casa",2200000.0,"['75 m²', '3 Pièces', '2 Chambres', '1 Salle de bain', 'Bon état']",5,75.0,3.0,2.0,1.0,Bon état,3.0,15
Appartements Casablanca,Triangle d'Or à Casablanca,33.56170473792227,-7.630379283521052,"Appartement 126 m² à vendre, Triangle d'Or, Casa",2100000.0,"['126 m²', '4 Pièces', '2 Chambres', '2 Salles de bains', 'Bon état']",5,126.0,4.0,2.0,2.0,Bon état,3.0,15
Appartements Casablanca,Les Hôpitaux à Casablanca,33.57797899192462,-7.62000560760498,Duplex 221 m2 à Casablanca,2873000.0,"['221 m²', '6 Pièces', '3 Chambres', '3 Salles de bains', 'À rénover', '20-30 ans', '1er étage']",7,221.0,6.0,3.0,3.0,À rénover,1.0,25
Appartements Casablanca,Bourgogne Ouest à Casablanca,33.598304662993705,-7.644252777099609,Bourgogne vente studio 75 m² dhs,800000.0,"['75 m²', '2 Pièces', '1 Chambre', '1 Salle de bain', 'Bon état', '6ème étage']",6,75.0,2.0,1.0,1.0,Bon état,6.0,15
Appartements Casablanca,Hay Hakam à Casablanca,33.58291740320635,-7.57586181163785,Appartement 72 m² au 4 ème étage à ain borja,640000.0,"['72 m²', '3 Pièces', '2 Chambres', '1 Salle de bain', 'Bon état', '4ème étage']",6,72.0,3.0,2.0,1.0,Bon état,4.0,15
Appartements Casablanca,Californie à Casablanca,33.53595755299843,-7.625627517700195,Luxueux appartement meublé à Californie,3200000.0,"['193 m²', '4 Pièces', '3 Chambres', '2 Salles de bains', 'Bon état', '1-5 ans', '2ème étage']",7,193.0,4.0,3.0,2.0,Bon état,2.0,3
Appartements Casablanca,Anassi à Casablanca,33.56170473792227,-7.630379283521052,Agence Immobilière 2015 spécialiste en immobilier,360000.0,"['60 m²', '3 Pièces', '2 Chambres', '1 Salle de bain', 'Bon état', '10-20 ans', '1er étage']",7,60.0,3.0,2.0,1.0,Bon état,1.0,15
Appartements Casablanca,Anassi à Casablanca,33.56170473792227,-7.630379283521052,Bel Appartement à vendre situé au quartier anassi,420000.0,"['64 m²', '3 Pièces', '2 Chambres', '1 Salle de bain', 'Bon état', '10-20 ans']",6,64.0,3.0,2.0,1.0,Bon état,3.0,15
Appartements Casablanca,CIL (Hay Salam) à Casablanca,33.57243690885356,-7.657556533813477,Appartement spacieux 3 chambres à Mazola,1450000.0,"['120 m²', '4 Pièces', '3 Chambres', '2 Salles de bains', 'Bon état', '10-20 ans', '3ème étage']",7,120.0,4.0,3.0,2.0,Bon état,3.0,15
Appartements Casablanca,Gauthier à Casablanca,33.56170473792227,-7.630379283521052,Spacieux appartement a gauthier,3400000.0,"['229 m²', '6 Pièces', '3 Chambres', '2 Salles de bains']",4,229.0,6.0,3.0,2.306532663316583,Bon état,3.0,15
Villas & maisons de luxe Casablanca,Anfa à Casablanca,33.596175974504256,-7.657470703125,Villa moderne anfa sup,30000000.0,"['733 m²', '4 Chambres', '3 Salles de bains']",4,733.0,4.682934712346477,4.0,2.306532663316583,Bon état,3.0,15
Appartements Casablanca,Racine à Casablanca,33.56170473792227,-7.630379283521052,"Appartement à vendre, Racine",3800000.0,"['150 m²', '5 Pièces', '3 Chambres', '2 Salles de bains', 'Bon état', '3ème étage']",6,150.0,5.0,3.0,2.0,Bon état,3.0,15
Appartements Casablanca,Beausite à Casablanca,33.59935020000002,-7.532672200000007,Vente des appartements moyen standing ain sbaa,960000.0,"['80 m²', '4 Pièces', '3 Chambres', '2 Salles de bains', 'Nouveau', ""Moins d'un an"", '1er étage']",7,80.0,4.0,3.0,2.0,Nouveau,1.0,0
Appartements Casablanca,Lissasfa à Casablanca,33.56170473792227,-7.630379283521052,Appartemet en vente,330000.0,"['50 m²', '3 Pièces', '2 Chambres', '1 Salle de bain', 'Bon état', '5-10 ans', '4ème étage']",7,50.0,3.0,2.0,1.0,Bon état,4.0,7
Appartements Casablanca,Les Hôpitaux à Casablanca,33.57797899192462,-7.62000560760498,Quartier les hôpitaux vente appartement terrasse,2100000.0,"['189 m²', '5 Pièces', '3 Chambres', '2 Salles de bains', 'Bon état']",5,189.0,5.0,3.0,2.0,Bon état,3.0,15
Appartements Casablanca,Anfa à Casablanca,33.56170473792227,-7.630379283521052,"Un programme Inédit, Luxueuses demeures, Magnifiques Villas à Vendre à Anfa Casablanca",6900000.0,"['299 m²', '7 Pièces', '5 Chambres', '4 Salles de bains', 'Nouveau']",5,299.0,7.0,5.0,4.0,Nouveau,3.0,15
Appartements Casablanca,Oulfa à Casablanca,33.124596,-7.857645,Belle opportunite a saisir,900000.0,"['87 m²', '4 Pièces', '2 Chambres', '1 Salle de bain', 'Bon état', '10-20 ans', '2ème étage']",7,87.0,4.0,2.0,1.0,Bon état,2.0,15
Appartements Casablanca,Beausite à Casablanca,33.59949737969273,-7.532148114527928,Bel appartement à vendre à Beausite. 3 belles chambres. Places de parking et terrasse.,960000.0,"['80 m²', '2 Pièces', '3 Chambres', '2 Salles de bains', 'Nouveau']",5,80.0,2.0,3.0,2.0,Nouveau,3.0,15
Appartements Casablanca,Val Fleury à Casablanca,33.573043281949346,-7.638294278327692,Bel appartement de 200m2 au quartier Val fleuri,2250000.0,"['200 m²', '5 Pièces', '3 Chambres', '2 Salles de bains', 'Bon état', '5-10 ans', '1er étage']",7,200.0,5.0,3.0,2.0,Bon état,1.0,7
Appartements Casablanca,La Gironde à Casablanca,33.58505803848486,-7.601637840270996,Appartement Haut standing au centre casa,4558824.761494253,"['94 m²', '5 Pièces', '3 Chambres', '2 Salles de bains', 'Bon état', '10-20 ans', '4ème étage']",7,94.0,5.0,3.0,2.0,Bon état,4.0,15
Appartements Casablanca,Les Hôpitaux à Casablanca,33.56170473792227,-7.630379283521052,Vente d'un joli Studio de 45m2,760000.0,"['45 m²', '2 Pièces', '1 Chambre', '1 Salle de bain', 'À rénover', '5-10 ans', '3ème étage']",7,45.0,2.0,1.0,1.0,À rénover,3.0,7
Appartements Casablanca,Les Hôpitaux à Casablanca,33.57797899192462,-7.62000560760498,Bon investissement: Studio Neuf THS Q. Les Hôpitaux,700000.0,"['39 m²', '1 Pièce', '1 Chambre', '1 Salle de bain', 'Bon état', ""Moins d'un an""]",7,39.0,4.682934712346477,1.0,1.0,Bon état,3.0,0
Appartements Casablanca,Belvédère à Casablanca,33.5895625839363,-7.59678840637207,Studio 51m² en vente a belvédère Casablanca,750000.0,"['51 m²', '2 Pièces', '1 Chambre', '1 Salle de bain', 'Nouveau', ""Moins d'un an"", '1er étage']",7,51.0,2.0,1.0,1.0,Nouveau,1.0,0
Appartements Casablanca,Les Hôpitaux à Casablanca,33.57797899192462,-7.62000560760498,Vente d'un bel appartement à Les Hôpitaux. 2 chambres agréables. Ascenseur et stationnement,1250000.0,"['91 m²', '3 Pièces', '2 Chambres', '2 Salles de bains', 'Bon état', '10-20 ans', '3ème étage']",7,91.0,3.0,2.0,2.0,Bon état,3.0,15
Appartements Casablanca,Bourgogne Ouest à Casablanca,33.598304662993705,-7.644252777099609,Vente bel appartement oriente Est Ouest Bourgogne,1480000.0,"['120 m²', '3 Pièces', '2 Chambres', '2 Salles de bains', '3ème étage']",5,120.0,3.0,2.0,2.0,Bon état,3.0,15
Appartements Casablanca,Beauséjour à Casablanca,33.568610876168464,-7.648673057556152,Grand Appartement 3 Chambres à Beauséjour Neuf et Moderne,2000000.0,"['194 m²', '4 Pièces', '3 Chambres', '2 Salles de bains', '1er étage']",5,194.0,4.0,3.0,2.0,Bon état,1.0,15
Appartements Casablanca,Casablanca,33.57601248704883,-7.603912353515625,Appartement sans vis à vis,1600000.0,"['93 m²', '3 Pièces', '2 Chambres', '1 Salle de bain', '3ème étage']",5,93.0,3.0,2.0,1.0,Bon état,3.0,15
Maisons Casablanca,Derb Salama à Casablanca,33.55736421911234,-7.574129104614258,Maison a vendre 116m² / rdc + 2garages + terrasse,1300000.0,"['116 m²', '4 Pièces', '3 Chambres', '1 Salle de bain', 'À rénover', '20-30 ans']",6,116.0,4.0,3.0,1.0,À rénover,3.0,25
Appartements Casablanca,Palmier à Casablanca,33.56170473792227,-7.630379283521052,Appartement à vendre,1560000.0,"['110 m²', '4 Pièces', '3 Chambres', '2 Salles de bains', 'Bon état', '10-20 ans', '2ème étage']",7,110.0,4.0,3.0,2.0,Bon état,2.0,15
Appartements Casablanca,Roches Noires à Casablanca,33.59907140752743,-7.587089538574219,Appartement en vente à Roches Noires. 2 pièces. Ascenseur et garage,4558824.761494253,"['86 m²', '3 Pièces', '2 Chambres', '1 Salle de bain', 'Bon état', '10-20 ans', '2ème étage']",7,86.0,3.0,2.0,1.0,Bon état,2.0,15
Appartements Casablanca,Sidi Moumen à Casablanca,33.56170473792227,-7.630379283521052,Superbe appartement à vendre à Sidi Moumen. 3 belles chambres. Places de stationnement et terrasse,4558824.761494253,"['100 m²', '4 Pièces', '3 Chambres', '1 Salle de bain', 'Nouveau', '1-5 ans', '1er étage']",7,100.0,4.0,3.0,1.0,Nouveau,1.0,3
Appartements Casablanca,CIL (Hay Salam) à Casablanca,33.56170473792227,-7.630379283521052,Appartement à vendre au CIL,1350000.0,"['106 m²', '3 Pièces', '2 Chambres', '2 Salles de bains', 'Bon état']",5,106.0,3.0,2.0,2.0,Bon état,3.0,15
Appartements Casablanca,Derb Omar à Casablanca,33.5918862654264,-7.6146090030670734,Opportunité à saisir en plein Centre Ville,1680000.0,"['106 m²', '3 Pièces', '2 Chambres', '1 Salle de bain', 'Bon état', '1-5 ans', '5ème étage']",7,106.0,3.0,2.0,1.0,Bon état,5.0,3
Appartements Casablanca,Triangle d'Or à Casablanca,33.582734173084866,-7.675838470458984,Appt de 86 m2 à vendre Bd. Abdellatif Ben Kaddour,1590000.0,"['86 m²', '3 Pièces', '2 Chambres', '1 Salle de bain', 'Bon état', '10-20 ans', '3ème étage']",7,86.0,3.0,2.0,1.0,Bon état,3.0,15
Appartements Casablanca,Belvédère à Casablanca,33.56170473792227,-7.630379283521052,Bel Logement Quartier Belvédère,680000.0,"['45 m²', '4 Pièces', '1 Chambre', '1 Salle de bain', 'Nouveau', '1-5 ans', '4ème étage']",7,45.0,4.0,1.0,1.0,Nouveau,4.0,3
Appartements Casablanca,Les Hôpitaux à Casablanca,33.56170473792227,-7.630379283521052,Appartement TRIPLEX unique à 2 MARS 577 m²,4800000.0,"['577 m²', '7 Pièces', '5 Chambres', '3 Salles de bains', 'Bon état', '20-30 ans', '4ème étage']",7,577.0,7.0,5.0,3.0,Bon état,4.0,25
Appartements Casablanca,Hay Moulay Abdellah à Casablanca,33.56170473792227,-7.630379283521052,Appartement à vendre à Hay nizak,900000.0,"['75 m²', '2 Pièces', '2 Chambres', '1 Salle de bain', 'Bon état', '10-20 ans']",6,75.0,2.0,2.0,1.0,Bon état,3.0,15
Appartements Casablanca,Beausite à Casablanca,33.5403931206837,-7.586510181427002,Bel appartement a vendre,900000.0,"['80 m²', '3 Pièces', '2 Chambres', '1 Salle de bain', 'Bon état', '2ème étage']",6,80.0,3.0,2.0,1.0,Bon état,2.0,15
Villas & maisons de luxe Casablanca,Sidi Maarouf à Casablanca,33.56170473792227,-7.630379283521052,Villa bien ensoleillee angle tres bon etat,5000000.0,"['550 m²', '3 Chambres', '2 Salles de bains', 'Bon état']",5,550.0,4.682934712346477,3.0,2.0,Bon état,3.0,15
Appartements Casablanca,Bernoussi à Casablanca,33.60765980038504,-7.505960305115622,Bel appartement à vendre à Casablanca. 1 belle chambre. Jardin.,3300000.0,"['46 m²', '2 Pièces', '1 Chambre', '1 Salle de bain', 'Bon état', '5-10 ans', '1er étage']",7,46.0,2.0,1.0,1.0,Bon état,1.0,7
Appartements Casablanca,Bourgogne Ouest à Casablanca,33.56170473792227,-7.630379283521052,"Appartement sans vis à vis à vendre, Bourgogne",2000000.0,"['104 m²', '4 Pièces', '3 Chambres', '2 Salles de bains', 'Bon état', '5ème étage']",6,104.0,4.0,3.0,2.0,Bon état,5.0,15
Appartements Casablanca,Maârif à Casablanca,33.56170473792227,-7.630379283521052,Bel appartement à vendre à Maârif. 1 belle chambre. Ascenseur et garage,820000.0,"['43 m²', '4 Pièces', '1 Chambre', '1 Salle de bain', 'Bon état', '5-10 ans', '1er étage']",7,43.0,4.0,1.0,1.0,Bon état,1.0,7
Appartements Casablanca,Belvédère à Casablanca,33.56170473792227,-7.630379283521052,APPARTEMENT A VENDRE MEUBLE 68m2 LA GIRONDE,810000.0,"['68 m²', '2 Pièces', '1 Chambre', '1 Salle de bain', 'Bon état', '10-20 ans', '4ème étage']",7,68.0,2.0,1.0,1.0,Bon état,4.0,15
Appartements Casablanca,Les princesses à Casablanca,33.57154299116339,-7.636313438415527,Vente joli appartement 178m² Les Princesses,2900000.0,"['178 m²', '5 Pièces', '3 Chambres', '3 Salles de bains', 'Bon état']",5,178.0,5.0,3.0,3.0,Bon état,3.0,15
Appartements Casablanca,Maârif Extension à Casablanca,33.56170473792227,-7.630379283521052,"Appartement à vendre, Maarif Extension",2000000.0,"['100 m²', '3 Pièces', '2 Chambres', '2 Salles de bains', 'Bon état', '4ème étage']",6,100.0,3.0,2.0,2.0,Bon état,4.0,15
Appartements Casablanca,Anfa à Casablanca,33.596175974504256,-7.657470703125,Appartement 179 m2 à vendre 2 Mars / QDH,2400000.0,"['179 m²', '6 Pièces', '2 Chambres', '3 Salles de bains', 'Bon état', '20-30 ans', '20ème étage']",7,179.0,6.0,2.0,3.0,Bon état,20.0,25
Appartements Casablanca,Lissasfa à Casablanca,33.56170473792227,-7.630379283521052,Appartemet en vente,330000.0,"['50 m²', '3 Pièces', '2 Chambres', '1 Salle de bain', 'Bon état', '5-10 ans', '4ème étage']",7,50.0,3.0,2.0,1.0,Bon état,4.0,7
Appartements Casablanca,Les Hôpitaux à Casablanca,33.57797899192462,-7.62000560760498,Quartier les hôpitaux vente appartement terrasse,2100000.0,"['189 m²', '5 Pièces', '3 Chambres', '2 Salles de bains', 'Bon état']",5,189.0,5.0,3.0,2.0,Bon état,3.0,15
Appartements Casablanca,Anfa à Casablanca,33.56170473792227,-7.630379283521052,"Un programme Inédit, Luxueuses demeures, Magnifiques Villas à Vendre à Anfa Casablanca",6900000.0,"['299 m²', '7 Pièces', '5 Chambres', '4 Salles de bains', 'Nouveau']",5,299.0,7.0,5.0,4.0,Nouveau,3.0,15
Appartements Casablanca,Oulfa à Casablanca,33.124596,-7.857645,Belle opportunite a saisir,900000.0,"['87 m²', '4 Pièces', '2 Chambres', '1 Salle de bain', 'Bon état', '10-20 ans', '2ème étage']",7,87.0,4.0,2.0,1.0,Bon état,2.0,15
Appartements Casablanca,Beausite à Casablanca,33.59949737969273,-7.532148114527928,Bel appartement à vendre à Beausite. 3 belles chambres. Places de parking et terrasse.,960000.0,"['80 m²', '2 Pièces', '3 Chambres', '2 Salles de bains', 'Nouveau']",5,80.0,2.0,3.0,2.0,Nouveau,3.0,15
Appartements Casablanca,Val Fleury à Casablanca,33.573043281949346,-7.638294278327692,Bel appartement de 200m2 au quartier Val fleuri,2250000.0,"['200 m²', '5 Pièces', '3 Chambres', '2 Salles de bains', 'Bon état', '5-10 ans', '1er étage']",7,200.0,5.0,3.0,2.0,Bon état,1.0,7
Appartements Casablanca,La Gironde à Casablanca,33.58505803848486,-7.601637840270996,Appartement Haut standing au centre casa,4558824.761494253,"['94 m²', '5 Pièces', '3 Chambres', '2 Salles de bains', 'Bon état', '10-20 ans', '4ème étage']",7,94.0,5.0,3.0,2.0,Bon état,4.0,15
Appartements Casablanca,Les Hôpitaux à Casablanca,33.56170473792227,-7.630379283521052,Vente d'un joli Studio de 45m2,760000.0,"['45 m²', '2 Pièces', '1 Chambre', '1 Salle de bain', 'À rénover', '5-10 ans', '3ème étage']",7,45.0,2.0,1.0,1.0,À rénover,3.0,7
Appartements Casablanca,Les Hôpitaux à Casablanca,33.57797899192462,-7.62000560760498,Bon investissement: Studio Neuf THS Q. Les Hôpitaux,700000.0,"['39 m²', '1 Pièce', '1 Chambre', '1 Salle de bain', 'Bon état', ""Moins d'un an""]",7,39.0,4.682934712346477,1.0,1.0,Bon état,3.0,0
Appartements Casablanca,Belvédère à Casablanca,33.56170473792227,-7.630379283521052,Studio 51m² en vente a belvédère Casablanca,750000.0,"['51 m²', '2 Pièces', '1 Chambre', '1 Salle de bain', 'Nouveau', ""Moins d'un an"", '1er étage']",7,51.0,2.0,1.0,1.0,Nouveau,1.0,0
Appartements Casablanca,Les Hôpitaux à Casablanca,33.57797899192462,-7.62000560760498,Vente d'un bel appartement à Les Hôpitaux. 2 chambres agréables. Ascenseur et stationnement,1250000.0,"['91 m²', '3 Pièces', '2 Chambres', '2 Salles de bains', 'Bon état', '10-20 ans', '3ème étage']",7,91.0,3.0,2.0,2.0,Bon état,3.0,15
Appartements Casablanca,Bourgogne Ouest à Casablanca,33.56170473792227,-7.630379283521052,Vente bel appartement oriente Est Ouest Bourgogne,1480000.0,"['120 m²', '3 Pièces', '2 Chambres', '2 Salles de bains', '3ème étage']",5,120.0,3.0,2.0,2.0,Bon état,3.0,15
Appartements Casablanca,Beauséjour à Casablanca,33.56170473792227,-7.630379283521052,Grand Appartement 3 Chambres à Beauséjour Neuf et Moderne,2000000.0,"['194 m²', '4 Pièces', '3 Chambres', '2 Salles de bains', '1er étage']",5,194.0,4.0,3.0,2.0,Bon état,1.0,15
Appartements Casablanca,Casablanca,33.57601248704883,-7.603912353515625,Appartement sans vis à vis,1600000.0,"['93 m²', '3 Pièces', '2 Chambres', '1 Salle de bain', '3ème étage']",5,93.0,3.0,2.0,1.0,Bon état,3.0,15
Maisons Casablanca,Derb Salama à Casablanca,33.55736421911234,-7.574129104614258,Maison a vendre 116m² / rdc + 2garages + terrasse,1300000.0,"['116 m²', '4 Pièces', '3 Chambres', '1 Salle de bain', 'À rénover', '20-30 ans']",6,116.0,4.0,3.0,1.0,À rénover,3.0,25
Appartements Casablanca,Palmier à Casablanca,33.56170473792227,-7.630379283521052,Appartement à vendre,1560000.0,"['110 m²', '4 Pièces', '3 Chambres', '2 Salles de bains', 'Bon état', '10-20 ans', '2ème étage']",7,110.0,4.0,3.0,2.0,Bon état,2.0,15
Appartements Casablanca,Roches Noires à Casablanca,33.59907140752743,-7.587089538574219,Appartement en vente à Roches Noires. 2 pièces. Ascenseur et garage,4558824.761494253,"['86 m²', '3 Pièces', '2 Chambres', '1 Salle de bain', 'Bon état', '10-20 ans', '2ème étage']",7,86.0,3.0,2.0,1.0,Bon état,2.0,15
Appartements Casablanca,Sidi Moumen à Casablanca,33.56170473792227,-7.630379283521052,Superbe appartement à vendre à Sidi Moumen. 3 belles chambres. Places de stationnement et terrasse,4558824.761494253,"['100 m²', '4 Pièces', '3 Chambres', '1 Salle de bain', 'Nouveau', '1-5 ans', '1er étage']",7,100.0,4.0,3.0,1.0,Nouveau,1.0,3
Appartements Casablanca,CIL (Hay Salam) à Casablanca,33.56170473792227,-7.630379283521052,Appartement à vendre au CIL,1350000.0,"['106 m²', '3 Pièces', '2 Chambres', '2 Salles de bains', 'Bon état']",5,106.0,3.0,2.0,2.0,Bon état,3.0,15
Appartements Casablanca,Derb Omar à Casablanca,33.5918862654264,-7.6146090030670734,Opportunité à saisir en plein Centre Ville,1680000.0,"['106 m²', '3 Pièces', '2 Chambres', '1 Salle de bain', 'Bon état', '1-5 ans', '5ème étage']",7,106.0,3.0,2.0,1.0,Bon état,5.0,3
Appartements Casablanca,Triangle d'Or à Casablanca,33.56170473792227,-7.630379283521052,Appt de 86 m2 à vendre Bd. Abdellatif Ben Kaddour,1590000.0,"['86 m²', '3 Pièces', '2 Chambres', '1 Salle de bain', 'Bon état', '10-20 ans', '3ème étage']",7,86.0,3.0,2.0,1.0,Bon état,3.0,15
Appartements Casablanca,Belvédère à Casablanca,33.5895625839363,-7.59678840637207,Bel Logement Quartier Belvédère,680000.0,"['45 m²', '4 Pièces', '1 Chambre', '1 Salle de bain', 'Nouveau', '1-5 ans', '4ème étage']",7,45.0,4.0,1.0,1.0,Nouveau,4.0,3
Appartements Casablanca,Les Hôpitaux à Casablanca,33.57797899192462,-7.62000560760498,Appartement TRIPLEX unique à 2 MARS 577 m²,4800000.0,"['577 m²', '7 Pièces', '5 Chambres', '3 Salles de bains', 'Bon état', '20-30 ans', '4ème étage']",7,577.0,7.0,5.0,3.0,Bon état,4.0,25
Appartements Casablanca,Hay Moulay Abdellah à Casablanca,33.57077421454666,-7.535097599029541,Appartement à vendre à Hay nizak,900000.0,"['75 m²', '2 Pièces', '2 Chambres', '1 Salle de bain', 'Bon état', '10-20 ans']",6,75.0,2.0,2.0,1.0,Bon état,3.0,15
Appartements Casablanca,Beausite à Casablanca,33.5403931206837,-7.586510181427002,Bel appartement a vendre,900000.0,"['80 m²', '3 Pièces', '2 Chambres', '1 Salle de bain', 'Bon état', '2ème étage']",6,80.0,3.0,2.0,1.0,Bon état,2.0,15
Villas & maisons de luxe Casablanca,Sidi Maarouf à Casablanca,33.56170473792227,-7.630379283521052,Villa bien ensoleillee angle tres bon etat,5000000.0,"['550 m²', '3 Chambres', '2 Salles de bains', 'Bon état']",5,550.0,4.682934712346477,3.0,2.0,Bon état,3.0,15
Appartements Casablanca,Bernoussi à Casablanca,33.60765980038504,-7.505960305115622,Bel appartement à vendre à Casablanca. 1 belle chambre. Jardin.,3300000.0,"['46 m²', '2 Pièces', '1 Chambre', '1 Salle de bain', 'Bon état', '5-10 ans', '1er étage']",7,46.0,2.0,1.0,1.0,Bon état,1.0,7
Appartements Casablanca,Bourgogne Ouest à Casablanca,33.598304662993705,-7.644252777099609,"Appartement sans vis à vis à vendre, Bourgogne",2000000.0,"['104 m²', '4 Pièces', '3 Chambres', '2 Salles de bains', 'Bon état', '5ème étage']",6,104.0,4.0,3.0,2.0,Bon état,5.0,15
Appartements Casablanca,Maârif à Casablanca,33.58602331802259,-7.636442184448242,Bel appartement à vendre à Maârif. 1 belle chambre. Ascenseur et garage,820000.0,"['43 m²', '4 Pièces', '1 Chambre', '1 Salle de bain', 'Bon état', '5-10 ans', '1er étage']",7,43.0,4.0,1.0,1.0,Bon état,1.0,7
Appartements Casablanca,Belvédère à Casablanca,33.5895625839363,-7.59678840637207,APPARTEMENT A VENDRE MEUBLE 68m2 LA GIRONDE,810000.0,"['68 m²', '2 Pièces', '1 Chambre', '1 Salle de bain', 'Bon état', '10-20 ans', '4ème étage']",7,68.0,2.0,1.0,1.0,Bon état,4.0,15
Appartements Casablanca,Les princesses à Casablanca,33.56170473792227,-7.630379283521052,Vente joli appartement 178m² Les Princesses,2900000.0,"['178 m²', '5 Pièces', '3 Chambres', '3 Salles de bains', 'Bon état']",5,178.0,5.0,3.0,3.0,Bon état,3.0,15
Appartements Casablanca,Maârif Extension à Casablanca,33.57987394514173,-7.646827697753906,"Appartement à vendre, Maarif Extension",2000000.0,"['100 m²', '3 Pièces', '2 Chambres', '2 Salles de bains', 'Bon état', '4ème étage']",6,100.0,3.0,2.0,2.0,Bon état,4.0,15
Appartements Casablanca,Anfa à Casablanca,33.596175974504256,-7.657470703125,Appartement 179 m2 à vendre 2 Mars / QDH,2400000.0,"['179 m²', '6 Pièces', '2 Chambres', '3 Salles de bains', 'Bon état', '20-30 ans', '20ème étage']",7,179.0,6.0,2.0,3.0,Bon état,20.0,25
Appartements Casablanca,Californie à Casablanca,33.53708719986123,-7.602100068596542,Appartement de 153m² en vente Résidence Emerald,4558824.761494253,"['153 m²', '4 Pièces', '3 Chambres', '2 Salles de bains', 'Nouveau']",5,153.0,4.0,3.0,2.0,Nouveau,3.0,15
Appartements Casablanca,Californie à Casablanca,33.53708719986123,-7.602100068596542,Appartement de 146m² en vente Résidence Emerald,4558824.761494253,"['146 m²', '4 Pièces', '3 Chambres', '2 Salles de bains', 'Nouveau']",5,146.0,4.0,3.0,2.0,Nouveau,3.0,15
Appartements Casablanca,Californie à Casablanca,33.53708719986123,-7.602100068596542,Appartement de 141m² en vente Résidence Emerald,4558824.761494253,"['141 m²', '4 Pièces', '3 Chambres', '2 Salles de bains']",4,141.0,4.0,3.0,2.306532663316583,Bon état,3.0,15
Appartements Casablanca,Ain Diab à Casablanca,33.56170473792227,-7.630379283521052,En Exclusivité Appartement Vue Mer Direct,4300000.0,"['230 m²', '4 Pièces', '3 Chambres', '3 Salles de bains', 'Bon état', '1-5 ans', '1er étage']",7,230.0,4.0,3.0,3.0,Bon état,1.0,3
Appartements Casablanca,Al Azhar à Casablanca,33.56170473792227,-7.630379283521052,Vend appartement à Al Azhar. Superficie 69 m². Sécurisé 24/24,4558824.761494253,"['69 m²', '4 Pièces', '3 Chambres', '1 Salle de bain', 'Bon état', '5-10 ans', '4ème étage']",7,69.0,4.0,3.0,1.0,Bon état,4.0,7
Appartements Casablanca,Bourgogne Ouest à Casablanca,33.59757223920457,-7.643994819357147,Magnifique appartement à Bourgogne à vendre,1950000.0,"['131 m²', '5 Pièces', '3 Chambres', '2 Salles de bains', 'Bon état', '5-10 ans', '4ème étage']",7,131.0,5.0,3.0,2.0,Bon état,4.0,7
Appartements Casablanca,Aïn Sebaâ à Casablanca,33.56170473792227,-7.630379283521052,Appartement en vente à Aïn Sebaâ. Surface totale 56 m². Grand balcon,380000.0,"['56 m²', '1 Pièce', '2 Chambres', '2 Salles de bains', 'Bon état', '10-20 ans', '3ème étage']",8,56.0,4.682934712346477,2.0,2.0,Bon état,3.0,15
Appartements Casablanca,Palmier à Casablanca,33.56170473792227,-7.630379283521052,Apt 169 m² sans vis à vis 3 chambres Palmiers,3200000.0,"['169 m²', '4 Pièces', '3 Chambres', '2 Salles de bains', 'Bon état', '5-10 ans', '3ème étage']",7,169.0,4.0,3.0,2.0,Bon état,3.0,7
Appartements Casablanca,Oasis à Casablanca,33.56170473792227,-7.630379283521052,Appartement à vendre à socrate,1950000.0,"['136 m²', '10 Pièces', '3 Chambres', '2 Salles de bains', 'Bon état', '5-10 ans', '2ème étage']",7,136.0,10.0,3.0,2.0,Bon état,2.0,7
Appartements Casablanca,Val Fleury à Casablanca,33.57519011717882,-7.636785507202148,Très joli appartement de 164m2,2650000.0,"['164 m²', '5 Pièces', '3 Chambres', '2 Salles de bains', 'Bon état', '10-20 ans', '12ème étage']",7,164.0,5.0,3.0,2.0,Bon état,12.0,15
Appartements Casablanca,Palmier à Casablanca,33.56170473792227,-7.630379283521052,"Appartement 100 m² à vendre, Palmiers, Casablanca",1800000.0,"['100 m²', '5 Pièces', '3 Chambres', '2 Salles de bains', 'Bon état']",5,100.0,5.0,3.0,2.0,Bon état,3.0,15
Appartements Casablanca,Maârif Extension à Casablanca,33.57987394514173,-7.646827697753906,"Appartement 108 m² à vendre, Maârif Extension",2100000.0,"['108 m²', '5 Pièces', '3 Chambres', '2 Salles de bains', 'Bon état']",5,108.0,5.0,3.0,2.0,Bon état,3.0,15
Appartements Casablanca,Les Crêtes à Casablanca,33.56170473792227,-7.630379283521052,Appartement en plein californie,3180000.0,"['216 m²', '4 Pièces', '4 Chambres', '3 Salles de bains', 'Bon état', '10-20 ans', '2ème étage']",7,216.0,4.0,4.0,3.0,Bon état,2.0,15
Villas & maisons de luxe Casablanca,Polo à Casablanca,33.56170473792227,-7.630379283521052,Villa 805 m² 5 chambres Polo / Les crêtes,8400000.0,"['805 m²', '4 Pièces', '4 Chambres', '3 Salles de bains', 'Bon état', '10-20 ans']",6,805.0,4.0,4.0,3.0,Bon état,3.0,15
Villas & maisons de luxe Casablanca,Oasis à Casablanca,33.56170473792227,-7.630379283521052,"Belle Villa 935 m² à vendre, Oasis, Casablanca",10800000.0,"['935 m²', '12 Pièces', '7 Chambres', '8 Salles de bains', 'Bon état']",5,935.0,12.0,7.0,8.0,Bon état,3.0,15
Villas & maisons de luxe Casablanca,Tantonville à Casablanca,33.56632232698248,-7.619233131408691,Opportunité d'une Très Belle Villa en vente quartie,5300000.0,"['378 m²', '6 Pièces', '4 Chambres', '3 Salles de bains', 'Bon état', '10-20 ans']",6,378.0,6.0,4.0,3.0,Bon état,3.0,15
Appartements Casablanca,Belvédère à Casablanca,33.5895625839363,-7.59678840637207,Appartement en vente à Belvédère. 2 chambres. Parking et terrasse,1150000.0,"['141 m²', '3 Pièces', '2 Chambres', '2 Salles de bains', 'Bon état', '5-10 ans', '2ème étage']",7,141.0,3.0,2.0,2.0,Bon état,2.0,7
Appartements Casablanca,Oasis à Casablanca,33.56170473792227,-7.630379283521052,Oasis vente studio vide terrasse 53 m²,1200000.0,"['53 m²', '2 Pièces', '1 Chambre', '1 Salle de bain', 'Bon état']",5,53.0,2.0,1.0,1.0,Bon état,3.0,15
Appartements Casablanca,Oulfa à Casablanca,33.55369715892981,-7.6845304,Appartement à l'achat à Oulfa. 3 grandes pièces. Salon traditionnel et système d'antenne parabolique,4558824.761494253,"['99 m²', '3 Pièces', '2 Chambres', '1 Salle de bain', 'Bon état', '10-20 ans', '1er étage']",7,99.0,3.0,2.0,1.0,Bon état,1.0,15
Appartements Casablanca,Ain Diab Extension à Casablanca,33.56170473792227,-7.630379283521052,Appartement Haut standing sans vis a vis à vendre,4100000.0,"['164 m²', '5 Pièces', '2 Chambres', '3 Salles de bains', 'Bon état']",5,164.0,5.0,2.0,3.0,Bon état,3.0,15
Appartements Casablanca,Ain Chock à Casablanca,33.56170473792227,-7.630379283521052,Appartement à vendre à Ain Chock,660000.0,"['65 m²', '2 Pièces', '2 Chambres', '1 Salle de bain', 'Bon état']",5,65.0,2.0,2.0,1.0,Bon état,3.0,15
Villas & maisons de luxe Casablanca,Californie à Casablanca,33.53595755299843,-7.625627517700195,Californie vente luxueuse villa jardin piscine,12000000.0,"['860 m²', '5 Pièces', '4 Chambres', '3 Salles de bains', 'Bon état']",5,860.0,5.0,4.0,3.0,Bon état,3.0,15
Appartements Casablanca,Anfa à Casablanca,33.56170473792227,-7.630379283521052,Appartement 2 chambres Anfa,2190000.0,"['131 m²', '3 Pièces', '2 Chambres', '2 Salles de bains', 'À rénover', '10-20 ans', '4ème étage']",7,131.0,3.0,2.0,2.0,À rénover,4.0,15
Villas & maisons de luxe Casablanca,Californie à Casablanca,33.53595755299843,-7.625627517700195,Villa à vendre de 1400m² a californie,4558824.761494253,"['1400 m²', '8 Pièces', '5 Chambres', '6 Salles de bains', 'Bon état', '5-10 ans']",6,1400.0,8.0,5.0,6.0,Bon état,3.0,7
Appartements Casablanca,Aïn Sebaâ à Casablanca,33.611688641154686,-7.538852691650391,Très bel appartement à vendre à AIN SEBAA,935000.0,"['89 m²', '3 Pièces', '2 Chambres', '2 Salles de bains', 'Nouveau', ""Moins d'un an"", '2ème étage']",7,89.0,3.0,2.0,2.0,Nouveau,2.0,0
Appartements Casablanca,Aïn Sebaâ à Casablanca,33.56170473792227,-7.630379283521052,Très beau studio à vendre à AIN SEBAA,550000.0,"['50 m²', '2 Pièces', '1 Chambre', '1 Salle de bain', 'Nouveau', ""Moins d'un an"", '2ème étage']",7,50.0,2.0,1.0,1.0,Nouveau,2.0,0
Appartements Casablanca,Triangle d'Or à Casablanca,33.582734173084866,-7.675838470458984,TRIANGLE D'OR Appartement 4 chambres terrasse,5000000.0,"['269 m²', '6 Pièces', '5 Chambres', '4 Salles de bains', 'Bon état', '5-10 ans', '5ème étage']",7,269.0,6.0,5.0,4.0,Bon état,5.0,7
Appartements Casablanca,Burger à Casablanca,33.56170473792227,-7.630379283521052,Appartement à vendre à Casablanca. Superficie 128 m². Parking et ascenseur,1650000.0,"['128 m²', '4 Pièces', '3 Chambres', '2 Salles de bains', 'Bon état', '10-20 ans', '3ème étage']",7,128.0,4.0,3.0,2.0,Bon état,3.0,15
Appartements Casablanca,Racine Extension à Casablanca,33.56170473792227,-7.630379283521052,Appartement à vendre à Casablanca. Surface de 190 m². Salon et antenne parabolique,3800000.0,"['190 m²', '5 Pièces', '4 Chambres', '2 Salles de bains', 'Bon état', '5-10 ans', '2ème étage']",7,190.0,5.0,4.0,2.0,Bon état,2.0,7
Villas & maisons de luxe Casablanca,Ain Diab Extension à Casablanca,33.57828475497005,-7.696003355682791,Magnifique villa a vendre a proximite de sindibdad,10000000.0,"['600 m²', '6 Pièces', '3 Chambres', '5 Salles de bains', 'Bon état']",5,600.0,6.0,3.0,5.0,Bon état,3.0,15
Appartements Casablanca,Racine à Casablanca,33.592458238962855,-7.648158073425293,Vente d'un bel appartement à Casablanca. 4 belles chambres. Ascenseur et places de parking,4500000.0,"['205 m²', '4 Pièces', '3 Chambres', '2 Salles de bains', 'Nouveau']",5,205.0,4.0,3.0,2.0,Nouveau,3.0,15
Appartements Casablanca,Les Hôpitaux à Casablanca,33.56170473792227,-7.630379283521052,Vente d'un bel appartement sup 128 m hab à Casa. 5 pièces. Places de parking et terrasse,1730000.0,"['128 m²', '5 Pièces', '3 Chambres', '2 Salles de bains', 'Bon état', '10-20 ans', '5ème étage']",7,128.0,5.0,3.0,2.0,Bon état,5.0,15
Appartements Casablanca,Racine à Casablanca,33.58738184129984,-7.642364501953068,Appartement 190m2 Haut standing à Racine,3800000.0,"['190 m²', '5 Pièces', '3 Chambres', '3 Salles de bains', 'Bon état', '10-20 ans', '4ème étage']",7,190.0,5.0,3.0,3.0,Bon état,4.0,15
Appartements Casablanca,Centre Ville à Casablanca,33.56170473792227,-7.630379283521052,Appartement à vendre,1600000.0,"['135 m²', '4 Pièces', '3 Chambres', '1 Salle de bain', 'Bon état', '10-20 ans', '1er étage']",7,135.0,4.0,3.0,1.0,Bon état,1.0,15
Appartements Casablanca,Sidi Maarouf à Casablanca,33.56170473792227,-7.630379283521052,Bel appartement 123m² moyen standing à Sidi Maarouf,1300000.0,"['123 m²', '4 Pièces', '2 Chambres', '2 Salles de bains', 'Bon état', '1er étage']",6,123.0,4.0,2.0,2.0,Bon état,1.0,15
Maisons Casablanca,Sidi Maarouf à Casablanca,33.51821300640254,-7.644338607788086,Belle maison triplex meublé à Sidi Maarouf florida,2950000.0,"['303 m²', '5 Pièces', '5 Chambres', '5 Salles de bains', 'Nouveau', '5-10 ans']",6,303.0,5.0,5.0,5.0,Nouveau,3.0,7
Appartements Casablanca,Derb Omar à Casablanca,33.54895956065648,-7.581671476364136,Appartement en bon etat a Mohamed Smiha,1100000.0,"['94 m²', '3 Pièces', '2 Chambres', '1 Salle de bain', 'Bon état', '10-20 ans', '4ème étage']",7,94.0,3.0,2.0,1.0,Bon état,4.0,15
Maisons Casablanca,Hay Mohammadi à Casablanca,33.5849865358673,-7.561383247375488,Maison a vendre,1450000.0,"['65 m²', '8 Pièces', '6 Chambres', '3 Salles de bains', 'Bon état', '10-20 ans']",6,65.0,8.0,6.0,3.0,Bon état,3.0,15
Appartements Casablanca,Hay Alhoda à Casablanca,33.56170473792227,-7.630379283521052,"Bel appartement à vendre à Hay Alhoda. Surface de 66 m². Salon typique marocain, résidence sécurisée.",240000.0,"['66 m²', '6 Pièces', '4 Chambres', '2 Salles de bains', 'Bon état', '10-20 ans', '2ème étage']",7,66.0,6.0,4.0,2.0,Bon état,2.0,15
Appartements Casablanca,Foncière à Casablanca,33.59181166287659,-7.604663799999997,Superbe appartement à vendre à Foncière. 3 chambres agréables. Parking et terrasse,4558824.761494253,"['173 m²', '4 Pièces', '3 Chambres', '2 Salles de bains', 'Bon état', '10-20 ans', '5ème étage']",7,173.0,4.0,3.0,2.0,Bon état,5.0,15
Appartements Casablanca,Val Fleury à Casablanca,33.57519011717882,-7.636785507202148,Apt 200 m² 3 chambres terrasse neuf ensoleillé,2250000.0,"['200 m²', '4 Pièces', '3 Chambres', '2 Salles de bains', 'Nouveau', '5-10 ans']",6,200.0,4.0,3.0,2.0,Nouveau,3.0,7
Villas & maisons de luxe Casablanca,Californie à Casablanca,33.53595755299843,-7.625627517700195,Villa 1000 m² Californie 6 chambres plein sud,13500000.0,"['1000 m²', '9 Pièces', '6 Chambres', '5 Salles de bains', 'Bon état', '10-20 ans']",6,1000.0,9.0,6.0,5.0,Bon état,3.0,15
Appartements Casablanca,Oulfa à Casablanca,33.56170473792227,-7.630379283521052,Appt standing a Oulfa casa,4558824.761494253,"['75 m²', '1 Pièce', '2 Chambres', '1 Salle de bain', 'Bon état', '5-10 ans', '3ème étage']",8,75.0,4.682934712346477,2.0,1.0,Bon état,3.0,7
Appartements Casablanca,Maârif Extension à Casablanca,33.57989784048601,-7.65011491253972,Affaire à saisir: vente appartement maarif ext,790000.0,"['99 m²', '3 Pièces', '2 Chambres', '2 Salles de bains', 'Bon état', '10-20 ans', '5ème étage']",7,99.0,3.0,2.0,2.0,Bon état,5.0,15
Appartements Casablanca,Bourgogne Est à Casablanca,33.597217826874385,-7.636989842327893,Vente d'un studio de haut standing,1250000.0,"['51 m²', '2 Pièces', '1 Chambre', '1 Salle de bain', 'Bon état', '1-5 ans', '4ème étage']",7,51.0,2.0,1.0,1.0,Bon état,4.0,3
Appartements Casablanca,Ain Diab à Casablanca,33.56170473792227,-7.630379283521052,Studio a vendre 58m2 a Ain Diab,880000.0,"['58 m²', '2 Pièces', '1 Chambre', '1 Salle de bain', 'Bon état', '10-20 ans', '7ème étage']",7,58.0,2.0,1.0,1.0,Bon état,7.0,15
Appartements Casablanca,Gauthier à Casablanca,33.58891909184207,-7.628674507141113,Magnifique Appartement à vendre sur Gauthier,4200000.0,"['244 m²', '5 Pièces', '3 Chambres', '2 Salles de bains', 'Bon état', '6ème étage']",6,244.0,5.0,3.0,2.0,Bon état,6.0,15
Appartements Casablanca,Oulfa à Casablanca,33.55627344791359,-7.67918586730957,Appartement à vendre à Oulfa. 2 chambres. Salon marocain traditionnel,450000.0,"['60 m²', '4 Pièces', '2 Chambres', '1 Salle de bain', 'Bon état', '5-10 ans', '1er étage']",7,60.0,4.0,2.0,1.0,Bon état,1.0,7
Appartements Casablanca,Racine à Casablanca,33.592458238962855,-7.648158073425293,Appartement quasi neuf rond point des sports,2990000.0,"['143 m²', '4 Pièces', '3 Chambres', '2 Salles de bains', 'Bon état', '2ème étage']",6,143.0,4.0,3.0,2.0,Bon état,2.0,15
Appartements Casablanca,Riviera à Casablanca,33.56163776372238,-7.64124870300293,Riviera vente appartement 117 m²,2225000.0,"['117 m²', '4 Pièces', '3 Chambres', '2 Salles de bains', 'Nouveau']",5,117.0,4.0,3.0,2.0,Nouveau,3.0,15
Appartements Casablanca,La Gironde à Casablanca,33.56170473792227,-7.630379283521052,Appartement 97m 1,1350000.0,"['97 m²', '4 Pièces', '2 Chambres', '2 Salles de bains', 'Bon état', '10-20 ans', '5ème étage']",7,97.0,4.0,2.0,2.0,Bon état,5.0,15
Villas & maisons de luxe Casablanca,Sidi Maarouf à Casablanca,33.51821300640254,-7.644338607788086,Sidi maarouf vente villa 3 niveaux jardin,4500000.0,"['440 m²', '5 Pièces', '4 Chambres', '3 Salles de bains', 'Bon état']",5,440.0,5.0,4.0,3.0,Bon état,3.0,15
Appartements Casablanca,Al Azhar à Casablanca,33.53413318087815,-7.591981887817383,Superbe appartement à vendre à Al Azhar. Surface totale 70 m². Internet,4558824.761494253,"['70 m²', '4 Pièces', '3 Chambres', '1 Salle de bain', 'Bon état', '5-10 ans', '4ème étage']",7,70.0,4.0,3.0,1.0,Bon état,4.0,7
Appartements Casablanca,Sidi Maarouf à Casablanca,33.50905310624185,-7.671375274658203,Appartement 80m2 haut standing à Casaview,1130000.0,"['80 m²', '3 Pièces', '2 Chambres', '2 Salles de bains', 'Nouveau', '1-5 ans', '3ème étage']",7,80.0,3.0,2.0,2.0,Nouveau,3.0,3
Appartements Casablanca,Plateau (Al Batha) à Casablanca,33.570434520372444,-7.639446258544922,Appartement à Maarif à vendre prix négociable,4558824.761494253,"['118 m²', '5 Pièces', '2 Chambres', '2 Salles de bains', 'Bon état', '20-30 ans', '4ème étage']",7,118.0,5.0,2.0,2.0,Bon état,4.0,25
Appartements Casablanca,Aïn Sebaâ à Casablanca,33.56170473792227,-7.630379283521052,Appartement à l'achat à Aïn Sebaâ. Surface totale 64 m². Jardin et garage,680000.0,"['64 m²', '2 Pièces', '1 Chambre', '1 Salle de bain', 'Nouveau', '5-10 ans', '3ème étage']",7,64.0,2.0,1.0,1.0,Nouveau,3.0,7
Maisons Casablanca,Hay Hassani à Casablanca,32.34023266790936,-7.437744140625,Maison à l'achat à Sidi Rahhal . Superficie 240 m². Espace vert.,500000.0,"['240 m²', '3 Pièces', '2 Chambres', '1 Salle de bain', 'Bon état', '5-10 ans']",6,240.0,3.0,2.0,1.0,Bon état,3.0,7
Appartements Casablanca,Palmier à Casablanca,33.580946541729524,-7.629060745239258,"Appartement 170 m² à vendre, Palmiers, Casablanca",3060000.0,"['170 m²', '5 Pièces', '3 Chambres', '2 Salles de bains', 'Bon état']",5,170.0,5.0,3.0,2.0,Bon état,3.0,15
Appartements Casablanca,Triangle d'Or à Casablanca,33.56170473792227,-7.630379283521052,"Appartement 227 m² à vendre, Triangle d'or, Casa",3600000.0,"['227 m²', '4 Pièces', '3 Chambres', '2 Salles de bains', 'Bon état']",5,227.0,4.0,3.0,2.0,Bon état,3.0,15
Appartements Casablanca,CIL (Hay Salam) à Casablanca,33.56170473792227,-7.630379283521052,"Appartement 164 m² à vendre, CIL, Casablanca",2700000.0,"['164 m²', '4 Pièces', '2 Chambres', '2 Salles de bains', 'Bon état']",5,164.0,4.0,2.0,2.0,Bon état,3.0,15
Appartements Casablanca,Maârif Extension à Casablanca,33.56170473792227,-7.630379283521052,Appartement à vendre à Maârif Extension. Surface totale 124 m²,4558824.761494253,"['124 m²', '4 Pièces', '3 Chambres', '2 Salles de bains', 'Bon état', '4ème étage']",6,124.0,4.0,3.0,2.0,Bon état,4.0,15
Villas & maisons de luxe Casablanca,Californie à Casablanca,33.539159054141194,-7.626593112945557,Belle villa dans le beau Californie,15500000.0,"['1025 m²', '7 Pièces', '4 Chambres', '5 Salles de bains', 'Nouveau', '10-20 ans']",6,1025.0,7.0,4.0,5.0,Nouveau,3.0,15
Appartements Casablanca,Gauthier à Casablanca,33.56170473792227,-7.630379283521052,Gauthier plein soleil sans vis a vis,3300000.0,"['165 m²', '4 Pièces', '3 Chambres', '2 Salles de bains']",4,165.0,4.0,3.0,2.306532663316583,Bon état,3.0,15
Villas & maisons de luxe Casablanca,Casablanca,33.56170473792227,-7.630379283521052,Villa d'exception en plein bld Kennedy de 1800 m2 a la vente,40000000.0,"['1800 m²', '1 Chambre', '1 Salle de bain']",4,1800.0,4.682934712346477,1.0,2.306532663316583,Bon état,3.0,15
Appartements Casablanca,Racine Extension à Casablanca,33.592582403591734,-7.6451316685696895,Vente d'un bel appartement à Racine Extension. Surface totale 191 M2,4558824.761494253,"['191 m²', '4 Pièces', '3 Chambres', '2 Salles de bains', 'Bon état', '10-20 ans', '3ème étage']",7,191.0,4.0,3.0,2.0,Bon état,3.0,15
Appartements Casablanca,Tantonville à Casablanca,33.56851254131791,-7.618857622146635,Appartement à Vendre à Tantonville,1450000.0,"['81 m²', '3 Pièces', '2 Chambres', '1 Salle de bain', 'Bon état', '10-20 ans', '2ème étage']",7,81.0,3.0,2.0,1.0,Bon état,2.0,15
Appartements Casablanca,Triangle d'Or à Casablanca,33.5883438817745,-7.64025238635088,Bel Appartement à Vendre au Triangle d'Or,1900000.0,"['91 m²', '4 Pièces', '2 Chambres', '2 Salles de bains', 'Bon état', '5-10 ans', '1er étage']",7,91.0,4.0,2.0,2.0,Bon état,1.0,7
Appartements Casablanca,Les Hôpitaux à Casablanca,33.57279674943844,-7.621335491369223,Bel Appartement à Vendre au Quartier des Hôpitaux,1100000.0,"['79 m²', '3 Pièces', '2 Chambres', '1 Salle de bain', 'Bon état', '10-20 ans', '2ème étage']",7,79.0,3.0,2.0,1.0,Bon état,2.0,15
Appartements Casablanca,Oasis à Casablanca,33.554560898275575,-7.63934072826018,Appartements Neufs à Vendre à l'Oasis,1900000.0,"['80 m²', '3 Pièces', '2 Chambres', '2 Salles de bains', 'Nouveau', ""Moins d'un an""]",6,80.0,3.0,2.0,2.0,Nouveau,3.0,0
Appartements Casablanca,Les Hôpitaux à Casablanca,33.56170473792227,-7.630379283521052,Bel Appartement à Vendre au Quartier des Hôpitaux,1500000.0,"['111 m²', '4 Pièces', '3 Chambres', '2 Salles de bains', 'Bon état', '10-20 ans', '4ème étage']",7,111.0,4.0,3.0,2.0,Bon état,4.0,15
Appartements Casablanca,La Gironde à Casablanca,33.58505803848486,-7.601637840270996,Bel Appartement à Vendre à la Gironde,1500000.0,"['100 m²', '4 Pièces', '2 Chambres', '2 Salles de bains', 'Bon état', '10-20 ans', '5ème étage']",7,100.0,4.0,2.0,2.0,Bon état,5.0,15
Villas & maisons de luxe Casablanca,Habbous à Casablanca,33.54729641431625,-7.580845355987549,Vente villa,5400000.0,"['420 m²', '5 Pièces', '4 Chambres', '2 Salles de bains', 'À rénover', '30-50 ans']",6,420.0,5.0,4.0,2.0,À rénover,3.0,40
Appartements Casablanca,Val Fleury à Casablanca,33.57519011717882,-7.636785507202148,Appt val fleuri 139m 3 ch,1950000.0,"['139 m²', '3 Pièces', '3 Chambres', '2 Salles de bains', 'Bon état', '5-10 ans', '3ème étage']",7,139.0,3.0,3.0,2.0,Bon état,3.0,7
Appartements Casablanca,Maârif à Casablanca,33.58602331802259,-7.636442184448242,Grand Appartement 3 chambres en Vente à Côte du quartier Racine,3200000.0,"['256 m²', '4 Pièces', '3 Chambres', '2 Salles de bains', 'Bon état', '4ème étage']",6,256.0,4.0,3.0,2.0,Bon état,4.0,15
Appartements Casablanca,Ain Chock à Casablanca,33.53557181183434,-7.61507990198956,"Superbe appartement à vendre à Ain Chock. 4 grandes pièces. Salon Marocain, sécurité",1680000.0,"['105 m²', '4 Pièces', '2 Chambres', '2 Salles de bains', 'Nouveau', ""Moins d'un an"", '2ème étage']",7,105.0,4.0,2.0,2.0,Nouveau,2.0,0
Appartements Casablanca,Les princesses à Casablanca,33.57154299116339,-7.636313438415527,Appartement à l'achat à Les princesses. Superficie 68 m². Antenne parabolique et sécurité.,1200000.0,"['68 m²', '3 Pièces', '1 Chambre', '1 Salle de bain', 'Nouveau', ""Moins d'un an"", '1er étage']",7,68.0,3.0,1.0,1.0,Nouveau,1.0,0
Appartements Casablanca,Benjdia à Casablanca,33.5838525,-7.61191500000001,Bel appart. Porte blindée et résidence sécurisée,1310000.0,"['107 m²', '4 Pièces', '3 Chambres', '2 Salles de bains', 'Bon état', '5-10 ans', '1er étage']",7,107.0,4.0,3.0,2.0,Bon état,1.0,7
Appartements Casablanca,Gauthier à Casablanca,33.58891909184207,-7.628674507141113,"Vend appartement à Gauthier. Surface totale 79 m². Résidence avec concierge, climatisation générale",1500000.0,"['79 m²', '3 Pièces', '2 Chambres', '1 Salle de bain', 'Bon état', '10-20 ans', '8ème étage']",7,79.0,3.0,2.0,1.0,Bon état,8.0,15
Appartements Casablanca,Oulfa à Casablanca,33.56170473792227,-7.630379283521052,Appartement a vendre à PERLE OULFA,997000.0,"['95 m²', '5 Pièces', '3 Chambres', '1 Salle de bain', 'Bon état', '1-5 ans', '1er étage']",7,95.0,5.0,3.0,1.0,Bon état,1.0,3
Appartements Casablanca,Sidi Moumen à Casablanca,33.58770359367981,-7.524046897888184,Bel Appartement à vendre,570000.0,"['77 m²', '4 Pièces', '2 Chambres', '1 Salle de bain', 'Bon état', '1-5 ans', '2ème étage']",7,77.0,4.0,2.0,1.0,Bon état,2.0,3
Villas & maisons de luxe Casablanca,Oasis à Casablanca,33.56170473792227,-7.630379283521052,Villa a vendre oasis 930 m2,9500000.0,"['930 m²', '8 Pièces', '5 Chambres', '4 Salles de bains', 'À rénover']",5,930.0,8.0,5.0,4.0,À rénover,3.0,15
Appartements Casablanca,Hay Zobir à Casablanca,33.583556471073265,-7.579107284545898,"Appartement à vendre à Kasba Amine 1,3 grandes pièces. Cuisine entièrement équipée",340000.0,"['55 m²', '3 Pièces', '2 Chambres', '1 Salle de bain', 'Bon état', '5-10 ans', '1er étage']",7,55.0,3.0,2.0,1.0,Bon état,1.0,7
Appartements Casablanca,Triangle d'Or à Casablanca,33.582734173084866,-7.675838470458984,"Appartement à vendre, 86 m2, Triangle d'or",1700000.0,"['86 m²', '3 Pièces', '2 Chambres', '2 Salles de bains', 'Bon état', '5ème étage']",6,86.0,3.0,2.0,2.0,Bon état,5.0,15
Appartements Casablanca,Al Qods à Casablanca,33.62191857632938,-7.484062357880845,Appartement à vendre,1000000.0,"['94 m²', '3 Pièces', '2 Chambres', '2 Salles de bains', 'Bon état', '5-10 ans', '1er étage']",7,94.0,3.0,2.0,2.0,Bon état,1.0,7
Appartements Casablanca,Ain Chock à Casablanca,33.5382124876372,-7.603125117940664,Appartement à vendre à ainchoq,530000.0,"['60 m²', '3 Pièces', '2 Chambres', '1 Salle de bain', 'Bon état', '5-10 ans', '3ème étage']",7,60.0,3.0,2.0,1.0,Bon état,3.0,7
Villas & maisons de luxe Casablanca,Casablanca,33.56170473792227,-7.630379283521052,"Villa à vendre 300m2 CIL, Casablanca",5500000.0,"['300 m²', '3 Chambres', '3 Salles de bains']",4,300.0,4.682934712346477,3.0,2.306532663316583,Bon état,3.0,15
Appartements Casablanca,Belvédère à Casablanca,33.5895625839363,-7.59678840637207,Appartement à vendre quartier ABDELMOUMEN,1580000.0,"['110 m²', '4 Pièces', '2 Chambres', '1 Salle de bain', 'Nouveau', '5-10 ans']",6,110.0,4.0,2.0,1.0,Nouveau,3.0,7
Appartements Casablanca,Maârif à Casablanca,33.56170473792227,-7.630379283521052,Appartement en vente à Maârif. Surface totale 101 m². Cuisine bien équipée,4558824.761494253,"['101 m²', '4 Pièces', '3 Chambres', '2 Salles de bains', 'Bon état', '20-30 ans', '2ème étage']",7,101.0,4.0,3.0,2.0,Bon état,2.0,25
Appartements Casablanca,Ferme Bretonne (Hay Arraha) à Casablanca,33.5608510182527,-7.647085189819336,❗️Appartement style americain sans vis a vis,2500000.0,"['132 m²', '3 Pièces', '2 Chambres', '3 Salles de bains', 'Nouveau', ""Moins d'un an"", '3ème étage']",7,132.0,3.0,2.0,3.0,Nouveau,3.0,0
Appartements Casablanca,Les Hôpitaux à Casablanca,33.56170473792227,-7.630379283521052,Appartement à vendre à Les Hôpitaux. 3 chambres.,1400000.0,"['105 m²', '2 Pièces', '3 Chambres', '2 Salles de bains', 'Bon état']",5,105.0,2.0,3.0,2.0,Bon état,3.0,15
Appartements Casablanca,Bourgogne Ouest à Casablanca,33.56170473792227,-7.630379283521052,Appartement à la vente à bourgoge,1200000.0,"['82 m²', '3 Pièces', '2 Chambres', '1 Salle de bain', 'À rénover', '10-20 ans', '2ème étage']",7,82.0,3.0,2.0,1.0,À rénover,2.0,15
Appartements Casablanca,La Gironde à Casablanca,33.58505803848486,-7.601637840270996,Bel appartement à vendre à La Gironde. 3 chambres. Ascenseur et terrasse,1240000.0,"['103 m²', '5 Pièces', '3 Chambres', '2 Salles de bains', 'Bon état', '5-10 ans', '9ème étage']",7,103.0,5.0,3.0,2.0,Bon état,9.0,7
Appartements Casablanca,Al Azhar à Casablanca,33.56170473792227,-7.630379283521052,"Vente d'un bel appartement à Al Azhar. 4 grandes pièces. Porte blindée, salon marocain",4558824.761494253,"['104 m²', '4 Pièces', '3 Chambres', '1 Salle de bain', 'Bon état', '10-20 ans', '3ème étage']",7,104.0,4.0,3.0,1.0,Bon état,3.0,15
Appartements Casablanca,Nassim 1 à Casablanca,33.608936597504766,-7.623438835144043,Bel appartement vendre sidi maarouf Nassim 3 chambres Terrasse et jardin,1270000.0,"['115 m²', '5 Pièces', '3 Chambres', '2 Salles de bains', 'Bon état', '5-10 ans', '1er étage']",7,115.0,5.0,3.0,2.0,Bon état,1.0,7
Appartements Casablanca,Oulfa à Casablanca,33.55627344791359,-7.67918586730957,Vente appartement à fath 3 route errahma casa,300000.0,"['54 m²', '3 Pièces', '2 Chambres', '1 Salle de bain', 'Bon état', '1-5 ans', '4ème étage']",7,54.0,3.0,2.0,1.0,Bon état,4.0,3
Appartements Casablanca,Maârif Extension à Casablanca,33.57987394514173,-7.646827697753906,Vend appartement à Maârif Extension. Surface de 112 m². Ascenseur et stationnement,1450000.0,"['112 m²', '4 Pièces', '2 Chambres', '1 Salle de bain', 'Bon état', '2ème étage']",6,112.0,4.0,2.0,1.0,Bon état,2.0,15
Appartements Casablanca,Bourgogne Ouest à Casablanca,33.56170473792227,-7.630379283521052,Appartement et Annexe à vendre 164 m² à Bourgogne,2700000.0,"['164 m²', '6 Pièces', '3 Chambres', '2 Salles de bains', 'Bon état']",5,164.0,6.0,3.0,2.0,Bon état,3.0,15
Maisons Casablanca,Hay Mohammadi à Casablanca,33.58613950834981,-7.561860680580054,Maison à Hay mohammadi,4558824.761494253,"['288 m²', '10 Pièces', '6 Chambres', '4 Salles de bains', 'Bon état']",5,288.0,10.0,6.0,4.0,Bon état,3.0,15
Appartements Casablanca,CIL (Hay Salam) à Casablanca,33.573075874911275,-7.653558292372679,Bel appartement dans une résidence fermée au Cil,1650000.0,"['111 m²', '3 Pièces', '2 Chambres', '2 Salles de bains', 'Bon état', '30-50 ans']",6,111.0,3.0,2.0,2.0,Bon état,3.0,40
Villas & maisons de luxe Casablanca,Nassim 1 à Casablanca,33.532320995816875,-7.654714788488292,Maison de haut standing à vendre à Nassim 1.8 grandes pièces. Piscine et air conditionné,9500000.0,"['500 m²', '8 Pièces', '5 Chambres', '4 Salles de bains', 'Bon état']",5,500.0,8.0,5.0,4.0,Bon état,3.0,15
Appartements Casablanca,Californie à Casablanca,33.53595755299843,-7.625627517700195,Vente appartement californie sans vis à vis,1750000.0,"['125 m²', '5 Pièces', '3 Chambres', '2 Salles de bains', 'Nouveau', '1-5 ans', '1er étage']",7,125.0,5.0,3.0,2.0,Nouveau,1.0,3
Villas & maisons de luxe Casablanca,Oulfa à Casablanca,33.56170473792227,-7.630379283521052,Villa Oulfa Neuve A Vendre,3950000.0,"['400 m²', '7 Pièces', '4 Chambres', '4 Salles de bains', 'Bon état', '1-5 ans']",6,400.0,7.0,4.0,4.0,Bon état,3.0,3
Appartements Casablanca,Bernoussi à Casablanca,33.610187537328144,-7.506923675537109,Appartement à l'achat à Bernoussi. 3 chambres agréables. Espace vert.,400000.0,"['74 m²', '4 Pièces', '3 Chambres', '1 Salle de bain', 'Bon état', '5-10 ans', '4ème étage']",7,74.0,4.0,3.0,1.0,Bon état,4.0,7
Appartements Casablanca,Bourgogne Ouest à Casablanca,33.598304662993705,-7.644252777099609,Vente d'un magnifique appartement à Bourgogne,2089000.0,"['137 m²', '8 Pièces', '3 Chambres', '3 Salles de bains', 'Bon état', '10-20 ans', '5ème étage']",7,137.0,8.0,3.0,3.0,Bon état,5.0,15
Appartements Casablanca,Roches Noires à Casablanca,33.56170473792227,-7.630379283521052,Appartement 75m² Roches noires 880 KDh,880000.0,"['75 m²', '3 Pièces', '2 Chambres', '1 Salle de bain', 'Bon état', '10-20 ans', '1er étage']",7,75.0,3.0,2.0,1.0,Bon état,1.0,15
Appartements Casablanca,Belvédère à Casablanca,33.5895625839363,-7.59678840637207,Appartement 66m² Belvédère 720 KDh,720000.0,"['66 m²', '2 Pièces', '1 Chambre', '2 Salles de bains', 'Bon état', '1-5 ans']",6,66.0,2.0,1.0,2.0,Bon état,3.0,3
Appartements Casablanca,Belvédère à Casablanca,33.5889190918421,-7.62867450714111,Appartement 88 m² Belvédère TRAM 78 U,780000.0,"['88 m²', '3 Pièces', '2 Chambres', '1 Salle de bain', 'Bon état', '10-20 ans', '4ème étage']",7,88.0,3.0,2.0,1.0,Bon état,4.0,15
Appartements Casablanca,Maârif Extension à Casablanca,33.5948533369538,-7.61876106262207,Appartement 63m² Maarif Romandie 700 KDh,700000.0,"['63 m²', '3 Pièces', '2 Chambres', '1 Salle de bain', 'Bon état', '30-50 ans', '2ème étage']",7,63.0,3.0,2.0,1.0,Bon état,2.0,40
Appartements Casablanca,Bourgogne Ouest à Casablanca,33.56170473792227,-7.630379283521052,"Appartement terrasse 124m² Bourgogne 1,34 Mdh",1340000.0,"['124 m²', '3 Pièces', '2 Chambres', '2 Salles de bains', 'Bon état', '10-20 ans', '1er étage']",7,124.0,3.0,2.0,2.0,Bon état,1.0,15
Appartements Casablanca,Anassi à Casablanca,33.56170473792227,-7.630379283521052,Vente appartement de 3 chambres anassi,500000.0,"['69 m²', '4 Pièces', '3 Chambres', '2 Salles de bains', 'Bon état', '10-20 ans']",6,69.0,4.0,3.0,2.0,Bon état,3.0,15
Appartements Casablanca,Sidi Maarouf à Casablanca,33.56170473792227,-7.630379283521052,Appartement de vente à sidi maarouf,420000.0,"['59 m²', '3 Pièces', '2 Chambres', '1 Salle de bain', 'Bon état', '10-20 ans', '1er étage']",7,59.0,3.0,2.0,1.0,Bon état,1.0,15
Appartements Casablanca,Maârif Extension à Casablanca,33.56170473792227,-7.630379283521052,Bonne affaire à ne pas rater appartement Avendre,1030000.0,"['100 m²', '3 Pièces', '2 Chambres', '2 Salles de bains', 'Bon état', '5-10 ans', '3ème étage']",7,100.0,3.0,2.0,2.0,Bon état,3.0,7
Appartements Casablanca,Beauséjour à Casablanca,33.56170473792227,-7.630379283521052,agréable apprt en vente et location beauséjour98m²,1200000.0,"['98 m²', '2 Pièces', '2 Chambres', '1 Salle de bain', 'Bon état', ""Moins d'un an""]",6,98.0,2.0,2.0,1.0,Bon état,3.0,0
Appartements Casablanca,Racine à Casablanca,33.56170473792227,-7.630379283521052,Racine belle adresse sans vis a vis,2100000.0,"['113 m²', '4 Pièces', '3 Chambres', '2 Salles de bains']",4,113.0,4.0,3.0,2.306532663316583,Bon état,3.0,15
Appartements Casablanca,Hay Al Amal à Casablanca,33.56170473792227,-7.630379283521052,Superbe appartement à vendre à Hay Al Amal. 1 belle chambre,1600.0,"['33 m²', '1 Pièce', '1 Chambre', '1 Salle de bain', 'Bon état', '20-30 ans', '3ème étage']",8,33.0,4.682934712346477,1.0,1.0,Bon état,3.0,25
Appartements Casablanca,Nassim 2 à Casablanca,33.602109720369974,-7.626743316650391,Appartement à vendre,1450000.0,"['143 m²', '5 Pièces', '3 Chambres', '2 Salles de bains', 'Nouveau', '1-5 ans', '2ème étage']",7,143.0,5.0,3.0,2.0,Nouveau,2.0,3
Appartements Casablanca,Gauthier à Casablanca,33.56170473792227,-7.630379283521052,Appartement à l'achat à Gauthier,3000000.0,"['155 m²', '5 Pièces', '3 Chambres', '2 Salles de bains', 'Bon état']",5,155.0,5.0,3.0,2.0,Bon état,3.0,15
Appartements Casablanca,Racine à Casablanca,33.56170473792227,-7.630379283521052,Magnifique appartement à vendre à Racine de 160m²,3950000.0,"['160 m²', '7 Pièces', '3 Chambres', '3 Salles de bains', 'Nouveau', '3ème étage']",6,160.0,7.0,3.0,3.0,Nouveau,3.0,15
Appartements Casablanca,Ferme Bretonne (Hay Arraha) à Casablanca,33.5722938826452,-7.67884254455566,"Appartement 82m² Ferme Bretone 1,13 MDH",1130000.0,"['82 m²', '3 Pièces', '2 Chambres', '2 Salles de bains', 'Nouveau', '1-5 ans', '3ème étage']",7,82.0,3.0,2.0,2.0,Nouveau,3.0,3
Appartements Casablanca,Racine à Casablanca,33.592458238962855,-7.648158073425293,Incroyable Appartement à vendre sur Racine,5100000.0,"['275 m²', '8 Pièces', '3 Chambres', '3 Salles de bains', 'Bon état', '2ème étage']",6,275.0,8.0,3.0,3.0,Bon état,2.0,15
Appartements Casablanca,Gauthier à Casablanca,33.58891909184207,-7.628674507141113,Studio 64m² Gauthier 950 KDh,950000.0,"['64 m²', '1 Pièce', '1 Chambre', '1 Salle de bain', 'Bon état', '10-20 ans', '1er étage']",8,64.0,4.682934712346477,1.0,1.0,Bon état,3.0,15
Appartements Casablanca,Racine à Casablanca,33.56170473792227,-7.630379283521052,Magnifique appartement à vendre à Racine de 160m²,3150000.0,"['160 m²', '7 Pièces', '3 Chambres', '3 Salles de bains', 'Bon état', '10-20 ans', '3ème étage']",7,160.0,7.0,3.0,3.0,Bon état,3.0,15
Villas & maisons de luxe Casablanca,Anfa Supérieur à Casablanca,33.58714946383476,-7.662556171417208,VENTE VILLA MODERNE ANFA SUPÉRIEUR,24000000.0,"['805 m²', '6 Pièces', '4 Chambres', '3 Salles de bains', 'Bon état', '5-10 ans']",6,805.0,6.0,4.0,3.0,Bon état,3.0,7
Appartements Casablanca,Ferme Bretonne (Hay Arraha) à Casablanca,33.56170473792227,-7.630379283521052,"Appartement 59 m² à vendre, Ferme Bretonne, Casa",1200000.0,"['59 m²', '2 Pièces', '1 Chambre', '1 Salle de bain', 'Bon état']",5,59.0,2.0,1.0,1.0,Bon état,3.0,15
Appartements Casablanca,Ferme Bretonne (Hay Arraha) à Casablanca,33.56170473792227,-7.630379283521052,"Appartement 107 m² à vendre, Ferme Bretonne, Casa",2086500.0,"['107 m²', '4 Pièces', '3 Chambres', '2 Salles de bains', 'Bon état', '3ème étage']",6,107.0,4.0,3.0,2.0,Bon état,3.0,15
Appartements Casablanca,Beauséjour à Casablanca,33.56163776372238,-7.64124870300293,a vendre joli appartement 96 m2 route eljadida,1300000.0,"['96 m²', '1 Pièce', '2 Chambres', '2 Salles de bains', 'Nouveau', ""Moins d'un an"", '4ème étage']",8,96.0,4.682934712346477,2.0,2.0,Nouveau,3.0,0
Appartements Casablanca,Les Hôpitaux à Casablanca,33.56170473792227,-7.630379283521052,A vendre grande appartement 210 m2 les hopitaux,2500000.0,"['210 m²', '5 Pièces', '3 Chambres', '2 Salles de bains', 'Bon état', '10-20 ans', '1er étage']",7,210.0,5.0,3.0,2.0,Bon état,1.0,15
Appartements Casablanca,Mers Sultan à Casablanca,33.57955216356586,-7.611980438232422,A vendre très joli appartement de 158m2,2500000.0,"['158 m²', '5 Pièces', '3 Chambres', '2 Salles de bains', 'Bon état', '10-20 ans', '4ème étage']",7,158.0,5.0,3.0,2.0,Bon état,4.0,15
Appartements Casablanca,Maârif à Casablanca,33.58602331802259,-7.636442184448242,a vendre joli appartement 101 m2 maarif,1150000.0,"['101 m²', '1 Pièce', '3 Chambres', '2 Salles de bains', 'Bon état', '20-30 ans', '2ème étage']",8,101.0,4.682934712346477,3.0,2.0,Bon état,3.0,25
Appartements Casablanca,Les princesses à Casablanca,33.54399075754889,-7.616410168650106,a vendre joli appartement neuf de 116 m2 les princesses,2100000.0,"['116 m²', '3 Pièces', '3 Chambres', '2 Salles de bains', 'Nouveau', ""Moins d'un an"", '4ème étage']",7,116.0,3.0,3.0,2.0,Nouveau,4.0,0
Appartements Casablanca,Franceville à Casablanca,33.56170473792227,-7.630379283521052,A vendre appartement 115 m2 france ville,1610000.0,"['115 m²', '4 Pièces', '3 Chambres', '2 Salles de bains', 'Bon état', '10-20 ans', '4ème étage']",7,115.0,4.0,3.0,2.0,Bon état,4.0,15
Appartements Casablanca,Belvédère à Casablanca,33.56170473792227,-7.630379283521052,Appartement 95 m2 belevédere,1100000.0,"['95 m²', '3 Pièces', '2 Chambres', '2 Salles de bains', 'Bon état', '10-20 ans', '2ème étage']",7,95.0,3.0,2.0,2.0,Bon état,2.0,15
Appartements Casablanca,Belvédère à Casablanca,33.56170473792227,-7.630379283521052,Très joli appartement de 134 m2 bd résistance,1850000.0,"['134 m²', '1 Pièce', '3 Chambres', '2 Salles de bains', 'Bon état', '10-20 ans', '5ème étage']",8,134.0,4.682934712346477,3.0,2.0,Bon état,3.0,15
Maisons Casablanca,Hay Mohammadi à Casablanca,33.59077805590753,-7.572541236877441,Maison vendre,3000000.0,"['158 m²', '1 Pièce', '15 Chambres', '5 Salles de bains', 'Bon état', '30-50 ans']",7,158.0,4.682934712346477,15.0,5.0,Bon état,3.0,40
Appartements Casablanca,Maârif Extension à Casablanca,33.57154299116339,-7.636313438415527,Studio à vendre à les Princesses,1200000.0,"['56 m²', '2 Pièces', '1 Chambre', '1 Salle de bain', 'Bon état', '5-10 ans', '4ème étage']",7,56.0,2.0,1.0,1.0,Bon état,4.0,7
Appartements Casablanca,Bourgogne Est à Casablanca,33.56170473792227,-7.630379283521052,Appartement spacieux 3 chambres à bourgone,1650000.0,"['118 m²', '4 Pièces', '3 Chambres', '2 Salles de bains', 'Bon état', '10-20 ans', '2ème étage']",7,118.0,4.0,3.0,2.0,Bon état,2.0,15
Appartements Casablanca,Maârif Extension à Casablanca,33.56170473792227,-7.630379283521052,Appt a vendre a biranzarran sup 126 m hab 3 ch,1850000.0,"['126 m²', '4 Pièces', '3 Chambres', '2 Salles de bains', 'Bon état', '5-10 ans']",6,126.0,4.0,3.0,2.0,Bon état,3.0,7
Appartements Casablanca,Maârif à Casablanca,33.56170473792227,-7.630379283521052,Appartement à vendre à Casablanca,1120000.0,"['81 m²', '4 Pièces', '2 Chambres', '2 Salles de bains', 'Bon état', '5ème étage']",6,81.0,4.0,2.0,2.0,Bon état,5.0,15
Appartements Casablanca,Val Fleury à Casablanca,33.57519011717882,-7.636785507202148,Appt a vendre a val fleuri sup 124 avec 2 ch et terrasse,1590000.0,"['124 m²', '3 Pièces', '2 Chambres', '1 Salle de bain', 'Bon état', '5-10 ans', '1er étage']",7,124.0,3.0,2.0,1.0,Bon état,1.0,7
Appartements Casablanca,Les princesses à Casablanca,33.57154299116339,-7.636313438415527,Studios neufs à vendre,1000000.0,"['42 m²', '2 Pièces', '1 Chambre', '1 Salle de bain', 'Nouveau', ""Moins d'un an"", '5ème étage']",7,42.0,2.0,1.0,1.0,Nouveau,5.0,0
Appartements Casablanca,Gauthier à Casablanca,33.56170473792227,-7.630379283521052,Duplex de 113 m2 à vendre à Gauthier,2050000.0,"['113 m²', '4 Pièces', '2 Chambres', '2 Salles de bains', 'Bon état', '10-20 ans', '5ème étage']",7,113.0,4.0,2.0,2.0,Bon état,5.0,15
Villas & maisons de luxe Casablanca,Ain Diab Extension à Casablanca,33.56170473792227,-7.630379283521052,Magnifique villa à AIN DIAB. 5 chambres.vue mer,7100000.0,"['365 m²', '10 Pièces', '5 Chambres', '3 Salles de bains', 'Bon état', '5-10 ans']",6,365.0,10.0,5.0,3.0,Bon état,3.0,7
Appartements Casablanca,Les princesses à Casablanca,33.57662032061265,-7.650861740112305,Appartement haut standing,4500000.0,"['261 m²', '5 Pièces', '3 Chambres', '2 Salles de bains', 'Bon état', '10-20 ans']",6,261.0,5.0,3.0,2.0,Bon état,3.0,15
Appartements Casablanca,Californie à Casablanca,33.56170473792227,-7.630379283521052,"Bel Appart 3 ch Californie, 95 m² Bon prix",960000.0,"['95 m²', '5 Pièces', '3 Chambres', '1 Salle de bain', 'Bon état', '5-10 ans', '4ème étage']",7,95.0,5.0,3.0,1.0,Bon état,4.0,7
Appartements Casablanca,Hay Hassani à Casablanca,33.57229388264518,-7.678842544555664,Appartement 124m à vendre,1500000.0,"['124 m²', '3 Pièces', '3 Chambres', '2 Salles de bains', 'Bon état', '10-20 ans', '2ème étage']",7,124.0,3.0,3.0,2.0,Bon état,2.0,15
Appartements Casablanca,Val Fleury à Casablanca,33.57519011717882,-7.636785507202148,Studio et appartement à la vente Val fleury,1200000.0,"['55 m²', '3 Pièces', '1 Chambre', '1 Salle de bain', 'Nouveau', ""Moins d'un an"", '2ème étage']",7,55.0,3.0,1.0,1.0,Nouveau,2.0,0
Appartements Casablanca,Oulfa à Casablanca,33.55627344791359,-7.67918586730957,Appartement propre,660000.0,"['72 m²', '4 Pièces', '2 Chambres', '2 Salles de bains', 'Bon état']",5,72.0,4.0,2.0,2.0,Bon état,3.0,15
Appartements Casablanca,Centre Ville à Casablanca,33.59485333695376,-7.61876106262207,Appartement duplex centre ville,450000.0,"['40 m²', '3 Pièces', '2 Chambres', '1 Salle de bain', 'Bon état', '20-30 ans', '1er étage']",7,40.0,3.0,2.0,1.0,Bon état,1.0,25
Maisons Casablanca,Sidi Maarouf à Casablanca,33.51821300640254,-7.644338607788086,Maison à acheter à Sidi Maarouf. 7 grandes pièces. Antenne parabolique et sécurité,2200000.0,"['80 m²', '7 Pièces', '5 Chambres', '2 Salles de bains', 'Bon état']",5,80.0,7.0,5.0,2.0,Bon état,3.0,15
Appartements Casablanca,Oulfa à Casablanca,33.56170473792227,-7.630379283521052,Appartement 97m à résidence Prestige aloulfa,1100000.0,"['97 m²', '3 Pièces', '3 Chambres', '2 Salles de bains', 'Bon état', '5-10 ans', '2ème étage']",7,97.0,3.0,3.0,2.0,Bon état,2.0,7
Appartements Casablanca,Moulay Youssef à Casablanca,33.57311,-7.58984,Bel appartement Boulevard Moulay Youssef,3725000.0,"['146 m²', '4 Pièces', '3 Chambres', '3 Salles de bains', '4ème étage']",5,146.0,4.0,3.0,3.0,Bon état,4.0,15
Appartements Casablanca,Palmier à Casablanca,33.56170473792227,-7.630379283521052,Appartement bien située quartier palmier 143m,17000.0,"['143 m²', '4 Pièces', '3 Chambres', '3 Salles de bains', 'Nouveau', '5-10 ans', '2ème étage']",7,143.0,4.0,3.0,3.0,Nouveau,2.0,7
Appartements Casablanca,Les Hôpitaux à Casablanca,33.57797899192462,-7.62000560760498,Bel appartement sans vis à vis sur 2 Mars,2100000.0,"['196 m²', '4 Pièces', '3 Chambres', '2 Salles de bains', 'Bon état', '10-20 ans', '4ème étage']",7,196.0,4.0,3.0,2.0,Bon état,4.0,15
Appartements Casablanca,Maârif à Casablanca,33.58602331802259,-7.636442184448242,Bel appartement avec une terrasse au Maarif,1220000.0,"['75 m²', '3 Pièces', '2 Chambres', '1 Salle de bain', 'Bon état', '5-10 ans', '5ème étage']",7,75.0,3.0,2.0,1.0,Bon état,5.0,7
Appartements Casablanca,Anfa à Casablanca,33.596175974504256,-7.657470703125,Splendide appartement HS à vendre,950000.0,"['46 m²', '2 Pièces', '1 Chambre', '1 Salle de bain', 'Bon état', '5-10 ans', '4ème étage']",7,46.0,2.0,1.0,1.0,Bon état,4.0,7
Appartements Casablanca,La Gironde à Casablanca,33.58505803848486,-7.601637840270996,Bel appartement HS à vendre à la Gironde,830000.0,"['83 m²', '3 Pièces', '2 Chambres', '1 Salle de bain', 'Bon état', '5-10 ans', '5ème étage']",7,83.0,3.0,2.0,1.0,Bon état,5.0,7
Appartements Casablanca,Californie à Casablanca,33.53595755299843,-7.625627517700195,Appartement en vente à Californie. Surface totale 120m². Parking et terrasse,1400000.0,"['120 m²', '8 Pièces', '3 Chambres', '1 Salle de bain', 'Bon état', '10-20 ans', '3ème étage']",7,120.0,8.0,3.0,1.0,Bon état,3.0,15
Appartements Casablanca,Hay Lmkansa à Casablanca,33.53461794634182,-7.577340136608512,Superbe appartement à vendre à Casablanca. 2 chambres. Espaces verts et ascenseur,800000.0,"['73 m²', '3 Pièces', '2 Chambres', '1 Salle de bain', 'Bon état', '10-20 ans', '2ème étage']",7,73.0,3.0,2.0,1.0,Bon état,2.0,15
Appartements Casablanca,Oulfa à Casablanca,32.34023266790936,-7.437744140625,Appartement en Vente à Casablanca,720000.0,"['102 m²', '5 Pièces', '3 Chambres', '1 Salle de bain', 'Bon état', '2ème étage']",6,102.0,5.0,3.0,1.0,Bon état,2.0,15
Appartements Casablanca,Californie à Casablanca,33.53595755299843,-7.625627517700195,Appartement à vendre à CALIFORNIE avec terrasse,2000000.0,"['149 m²', '4 Pièces', '2 Chambres', '2 Salles de bains', 'Nouveau', '1-5 ans']",6,149.0,4.0,2.0,2.0,Nouveau,3.0,3
Villas & maisons de luxe Casablanca,Californie à Casablanca,33.53595755299843,-7.625627517700195,Villa à vendre à Californie isolée,7800000.0,"['440 m²', '8 Pièces', '4 Chambres', '3 Salles de bains', 'Nouveau', '5-10 ans']",6,440.0,8.0,4.0,3.0,Nouveau,3.0,7
Appartements Casablanca,Belvédère à Casablanca,33.5895625839363,-7.59678840637207,Appartement à vendre a bélvédére,1000100.0,"['71 m²', '3 Pièces', '2 Chambres', '2 Salles de bains', 'Nouveau', '1-5 ans', '3ème étage']",7,71.0,3.0,2.0,2.0,Nouveau,3.0,3
Appartements Casablanca,Racine à Casablanca,33.588124603653,-7.644016742706214,"Chic Appartement en vente sur Racine, Anfa",7000000.0,"['350 m²', '7 Pièces', '3 Chambres', '3 Salles de bains', 'Nouveau', '1-5 ans', '1er étage']",7,350.0,7.0,3.0,3.0,Nouveau,1.0,3
Appartements Casablanca,Gauthier à Casablanca,33.56170473792227,-7.630379283521052,Moderne appartement à vendre sur Gauthier,3150000.0,"['138 m²', '6 Pièces', '2 Chambres', '2 Salles de bains', 'Nouveau', '6ème étage']",6,138.0,6.0,2.0,2.0,Nouveau,6.0,15
Appartements Casablanca,Casablanca Finance City à Casablanca,33.5585265011327,-7.605092525482178,MAGNIFIQUE DUPLEX SUR CFC de 206m²,6200000.0,"['206 m²', '10 Pièces', '3 Chambres', '3 Salles de bains', 'Nouveau', '1-5 ans', '8ème étage']",7,206.0,10.0,3.0,3.0,Nouveau,8.0,3
Appartements Casablanca,Belvédère à Casablanca,33.5895625839363,-7.59678840637207,Très joli appartement de 134 m2 bd résistance,1850000.0,"['134 m²', '1 Pièce', '3 Chambres', '2 Salles de bains', 'Bon état', '10-20 ans', '5ème étage']",8,134.0,4.682934712346477,3.0,2.0,Bon état,3.0,15
Maisons Casablanca,Hay Mohammadi à Casablanca,33.59077805590753,-7.572541236877441,Maison vendre,3000000.0,"['158 m²', '1 Pièce', '15 Chambres', '5 Salles de bains', 'Bon état', '30-50 ans']",7,158.0,4.682934712346477,15.0,5.0,Bon état,3.0,40
Appartements Casablanca,Maârif Extension à Casablanca,33.57154299116339,-7.636313438415527,Studio à vendre à les Princesses,1200000.0,"['56 m²', '2 Pièces', '1 Chambre', '1 Salle de bain', 'Bon état', '5-10 ans', '4ème étage']",7,56.0,2.0,1.0,1.0,Bon état,4.0,7
Appartements Casablanca,Bourgogne Est à Casablanca,33.591064046823725,-7.556705474853516,Appartement spacieux 3 chambres à bourgone,1650000.0,"['118 m²', '4 Pièces', '3 Chambres', '2 Salles de bains', 'Bon état', '10-20 ans', '2ème étage']",7,118.0,4.0,3.0,2.0,Bon état,2.0,15
Appartements Casablanca,Maârif Extension à Casablanca,33.56170473792227,-7.630379283521052,Appt a vendre a biranzarran sup 126 m hab 3 ch,1850000.0,"['126 m²', '4 Pièces', '3 Chambres', '2 Salles de bains', 'Bon état', '5-10 ans']",6,126.0,4.0,3.0,2.0,Bon état,3.0,7
Appartements Casablanca,Maârif à Casablanca,33.58602331802259,-7.636442184448242,Appartement à vendre à Casablanca,1120000.0,"['81 m²', '4 Pièces', '2 Chambres', '2 Salles de bains', 'Bon état', '5ème étage']",6,81.0,4.0,2.0,2.0,Bon état,5.0,15
Appartements Casablanca,Val Fleury à Casablanca,33.56170473792227,-7.630379283521052,Appt a vendre a val fleuri sup 124 avec 2 ch et terrasse,1590000.0,"['124 m²', '3 Pièces', '2 Chambres', '1 Salle de bain', 'Bon état', '5-10 ans', '1er étage']",7,124.0,3.0,2.0,1.0,Bon état,1.0,7
Appartements Casablanca,Les princesses à Casablanca,33.56170473792227,-7.630379283521052,Studios neufs à vendre,1000000.0,"['42 m²', '2 Pièces', '1 Chambre', '1 Salle de bain', 'Nouveau', ""Moins d'un an"", '5ème étage']",7,42.0,2.0,1.0,1.0,Nouveau,5.0,0
Appartements Casablanca,Gauthier à Casablanca,33.56170473792227,-7.630379283521052,Duplex de 113 m2 à vendre à Gauthier,2050000.0,"['113 m²', '4 Pièces', '2 Chambres', '2 Salles de bains', 'Bon état', '10-20 ans', '5ème étage']",7,113.0,4.0,2.0,2.0,Bon état,5.0,15
Villas & maisons de luxe Casablanca,Ain Diab Extension à Casablanca,33.56170473792227,-7.630379283521052,Magnifique villa à AIN DIAB. 5 chambres.vue mer,7100000.0,"['365 m²', '10 Pièces', '5 Chambres', '3 Salles de bains', 'Bon état', '5-10 ans']",6,365.0,10.0,5.0,3.0,Bon état,3.0,7
Appartements Casablanca,Les princesses à Casablanca,33.57662032061265,-7.650861740112305,Appartement haut standing,4500000.0,"['261 m²', '5 Pièces', '3 Chambres', '2 Salles de bains', 'Bon état', '10-20 ans']",6,261.0,5.0,3.0,2.0,Bon état,3.0,15
Appartements Casablanca,Californie à Casablanca,33.53595755299843,-7.625627517700195,"Bel Appart 3 ch Californie, 95 m² Bon prix",960000.0,"['95 m²', '5 Pièces', '3 Chambres', '1 Salle de bain', 'Bon état', '5-10 ans', '4ème étage']",7,95.0,5.0,3.0,1.0,Bon état,4.0,7
Appartements Casablanca,Hay Hassani à Casablanca,33.57229388264518,-7.678842544555664,Appartement 124m à vendre,1500000.0,"['124 m²', '3 Pièces', '3 Chambres', '2 Salles de bains', 'Bon état', '10-20 ans', '2ème étage']",7,124.0,3.0,3.0,2.0,Bon état,2.0,15
Appartements Casablanca,Val Fleury à Casablanca,33.57519011717882,-7.636785507202148,Studio et appartement à la vente Val fleury,1200000.0,"['55 m²', '3 Pièces', '1 Chambre', '1 Salle de bain', 'Nouveau', ""Moins d'un an"", '2ème étage']",7,55.0,3.0,1.0,1.0,Nouveau,2.0,0
Appartements Casablanca,Oulfa à Casablanca,33.56170473792227,-7.630379283521052,Appartement propre,660000.0,"['72 m²', '4 Pièces', '2 Chambres', '2 Salles de bains', 'Bon état']",5,72.0,4.0,2.0,2.0,Bon état,3.0,15
Appartements Casablanca,Centre Ville à Casablanca,33.56170473792227,-7.630379283521052,Appartement duplex centre ville,450000.0,"['40 m²', '3 Pièces', '2 Chambres', '1 Salle de bain', 'Bon état', '20-30 ans', '1er étage']",7,40.0,3.0,2.0,1.0,Bon état,1.0,25
Maisons Casablanca,Sidi Maarouf à Casablanca,33.56170473792227,-7.630379283521052,Maison à acheter à Sidi Maarouf. 7 grandes pièces. Antenne parabolique et sécurité,2200000.0,"['80 m²', '7 Pièces', '5 Chambres', '2 Salles de bains', 'Bon état']",5,80.0,7.0,5.0,2.0,Bon état,3.0,15
Appartements Casablanca,Oulfa à Casablanca,33.55627344791359,-7.67918586730957,Appartement 97m à résidence Prestige aloulfa,1100000.0,"['97 m²', '3 Pièces', '3 Chambres', '2 Salles de bains', 'Bon état', '5-10 ans', '2ème étage']",7,97.0,3.0,3.0,2.0,Bon état,2.0,7
Appartements Casablanca,Moulay Youssef à Casablanca,33.57311,-7.58984,Bel appartement Boulevard Moulay Youssef,3725000.0,"['146 m²', '4 Pièces', '3 Chambres', '3 Salles de bains', '4ème étage']",5,146.0,4.0,3.0,3.0,Bon état,4.0,15
Appartements Casablanca,Palmier à Casablanca,33.56170473792227,-7.630379283521052,Appartement bien située quartier palmier 143m,17000.0,"['143 m²', '4 Pièces', '3 Chambres', '3 Salles de bains', 'Nouveau', '5-10 ans', '2ème étage']",7,143.0,4.0,3.0,3.0,Nouveau,2.0,7
Appartements Casablanca,Les Hôpitaux à Casablanca,33.57797899192462,-7.62000560760498,Bel appartement sans vis à vis sur 2 Mars,2100000.0,"['196 m²', '4 Pièces', '3 Chambres', '2 Salles de bains', 'Bon état', '10-20 ans', '4ème étage']",7,196.0,4.0,3.0,2.0,Bon état,4.0,15
Appartements Casablanca,Maârif à Casablanca,33.58602331802259,-7.636442184448242,Bel appartement avec une terrasse au Maarif,1220000.0,"['75 m²', '3 Pièces', '2 Chambres', '1 Salle de bain', 'Bon état', '5-10 ans', '5ème étage']",7,75.0,3.0,2.0,1.0,Bon état,5.0,7
Appartements Casablanca,Anfa à Casablanca,33.56170473792227,-7.630379283521052,Splendide appartement HS à vendre,950000.0,"['46 m²', '2 Pièces', '1 Chambre', '1 Salle de bain', 'Bon état', '5-10 ans', '4ème étage']",7,46.0,2.0,1.0,1.0,Bon état,4.0,7
Appartements Casablanca,La Gironde à Casablanca,33.58505803848486,-7.601637840270996,Bel appartement HS à vendre à la Gironde,830000.0,"['83 m²', '3 Pièces', '2 Chambres', '1 Salle de bain', 'Bon état', '5-10 ans', '5ème étage']",7,83.0,3.0,2.0,1.0,Bon état,5.0,7
Appartements Casablanca,Californie à Casablanca,33.53595755299843,-7.625627517700195,Appartement en vente à Californie. Surface totale 120m². Parking et terrasse,1400000.0,"['120 m²', '8 Pièces', '3 Chambres', '1 Salle de bain', 'Bon état', '10-20 ans', '3ème étage']",7,120.0,8.0,3.0,1.0,Bon état,3.0,15
Appartements Casablanca,Hay Lmkansa à Casablanca,33.53461794634182,-7.577340136608512,Superbe appartement à vendre à Casablanca. 2 chambres. Espaces verts et ascenseur,800000.0,"['73 m²', '3 Pièces', '2 Chambres', '1 Salle de bain', 'Bon état', '10-20 ans', '2ème étage']",7,73.0,3.0,2.0,1.0,Bon état,2.0,15
Appartements Casablanca,Oulfa à Casablanca,32.34023266790936,-7.437744140625,Appartement en Vente à Casablanca,720000.0,"['102 m²', '5 Pièces', '3 Chambres', '1 Salle de bain', 'Bon état', '2ème étage']",6,102.0,5.0,3.0,1.0,Bon état,2.0,15
Appartements Casablanca,Californie à Casablanca,33.53595755299843,-7.625627517700195,Appartement à vendre à CALIFORNIE avec terrasse,2000000.0,"['149 m²', '4 Pièces', '2 Chambres', '2 Salles de bains', 'Nouveau', '1-5 ans']",6,149.0,4.0,2.0,2.0,Nouveau,3.0,3
Villas & maisons de luxe Casablanca,Californie à Casablanca,33.56170473792227,-7.630379283521052,Villa à vendre à Californie isolée,7800000.0,"['440 m²', '8 Pièces', '4 Chambres', '3 Salles de bains', 'Nouveau', '5-10 ans']",6,440.0,8.0,4.0,3.0,Nouveau,3.0,7
Appartements Casablanca,Belvédère à Casablanca,33.56170473792227,-7.630379283521052,Appartement à vendre a bélvédére,1000100.0,"['71 m²', '3 Pièces', '2 Chambres', '2 Salles de bains', 'Nouveau', '1-5 ans', '3ème étage']",7,71.0,3.0,2.0,2.0,Nouveau,3.0,3
Appartements Casablanca,Racine à Casablanca,33.588124603653,-7.644016742706214,"Chic Appartement en vente sur Racine, Anfa",7000000.0,"['350 m²', '7 Pièces', '3 Chambres', '3 Salles de bains', 'Nouveau', '1-5 ans', '1er étage']",7,350.0,7.0,3.0,3.0,Nouveau,1.0,3
Appartements Casablanca,Gauthier à Casablanca,33.58891909184207,-7.628674507141113,Moderne appartement à vendre sur Gauthier,3150000.0,"['138 m²', '6 Pièces', '2 Chambres', '2 Salles de bains', 'Nouveau', '6ème étage']",6,138.0,6.0,2.0,2.0,Nouveau,6.0,15
Appartements Casablanca,Casablanca Finance City à Casablanca,33.5585265011327,-7.605092525482178,MAGNIFIQUE DUPLEX SUR CFC de 206m²,6200000.0,"['206 m²', '10 Pièces', '3 Chambres', '3 Salles de bains', 'Nouveau', '1-5 ans', '8ème étage']",7,206.0,10.0,3.0,3.0,Nouveau,8.0,3
Appartements Casablanca,Triangle d'Or à Casablanca,33.582734173084866,-7.675838470458984,Bel Appartement à Vendre sur Triangle D'or,5400000.0,"['373 m²', '6 Pièces', '3 Chambres', '3 Salles de bains', 'Bon état', '1er étage']",6,373.0,6.0,3.0,3.0,Bon état,1.0,15
Appartements Casablanca,Plateau (Al Batha) à Casablanca,33.57154299116339,-7.636313438415527,Moderne Appartement à vendre sur Palmier de 130m²,2350000.0,"['130 m²', '4 Pièces', '3 Chambres', '2 Salles de bains', 'Bon état', '1-5 ans', '4ème étage']",7,130.0,4.0,3.0,2.0,Bon état,4.0,3
Appartements Casablanca,Maârif à Casablanca,33.586434452324205,-7.636935710906954,Bel Appartement en vente sur Boulevard Massira,4900000.0,"['188 m²', '7 Pièces', '3 Chambres', '2 Salles de bains', 'Bon état', '5-10 ans', '4ème étage']",7,188.0,7.0,3.0,2.0,Bon état,4.0,7
Appartements Casablanca,Maârif Extension à Casablanca,33.57987394514173,-7.646827697753906,Bel Appartement à vendre su Bd Ghandi,1850000.0,"['105 m²', '3 Pièces', '2 Chambres', '2 Salles de bains', 'Bon état', '5ème étage']",6,105.0,3.0,2.0,2.0,Bon état,5.0,15
Appartements Casablanca,Les princesses à Casablanca,33.56170473792227,-7.630379283521052,Bel appartement à vendre sur les Princesses,1650000.0,"['100 m²', '3 Pièces', '2 Chambres', '2 Salles de bains', 'Bon état', '1er étage']",6,100.0,3.0,2.0,2.0,Bon état,1.0,15
Villas & maisons de luxe Casablanca,CIL (Hay Salam) à Casablanca,33.57135705693796,-7.658865451812574,Belle maison à vendre à proximité du CIL,4500000.0,"['286 m²', '9 Pièces', '3 Chambres', '3 Salles de bains', 'Bon état']",5,286.0,9.0,3.0,3.0,Bon état,3.0,15
Appartements Casablanca,Californie à Casablanca,33.56170473792227,-7.630379283521052,Appartement de luxe à vendre á Jnane Californie,2950000.0,"['171 m²', '5 Pièces', '3 Chambres', '3 Salles de bains', 'Bon état']",5,171.0,5.0,3.0,3.0,Bon état,3.0,15
Appartements Casablanca,Bernoussi à Casablanca,33.56170473792227,-7.630379283521052,Apt à vendre à Bernoussi. Superficie 84 m²,400000.0,"['84 m²', '3 Pièces', '2 Chambres', '1 Salle de bain', 'Bon état', '5-10 ans', '1er étage']",7,84.0,3.0,2.0,1.0,Bon état,1.0,7
Appartements Casablanca,Sidi Maarouf à Casablanca,33.51821300640254,-7.644338607788086,Superbe appartement à vendre à Sidi Maarouf. Superficie 62 m². Salon Marocain et antenne parabolique,660000.0,"['62 m²', '3 Pièces', '2 Chambres', '1 Salle de bain', 'Bon état', '10-20 ans', '2ème étage']",7,62.0,3.0,2.0,1.0,Bon état,2.0,15
Appartements Casablanca,Bernoussi à Casablanca,33.610187537328144,-7.506923675537109,Superbe appartement à vendre à Bernoussi. 1 Pièce. Salon traditionnel et système d'antenne parabolique,650000.0,"['84 m²', '4 Pièces', '3 Chambres', '2 Salles de bains', 'Bon état', '5-10 ans', '3ème étage']",7,84.0,4.0,3.0,2.0,Bon état,3.0,7
Villas & maisons de luxe Casablanca,Anfa à Casablanca,33.596175974504256,-7.657470703125,Vente villa triplex 320m² avec jardin Val d'anfa,6300000.0,"['360 m²', '7 Pièces', '3 Chambres', '4 Salles de bains', 'Bon état']",5,360.0,7.0,3.0,4.0,Bon état,3.0,15
Appartements Casablanca,Californie à Casablanca,33.53595755299843,-7.625627517700195,Appartement à vendre 89 m,1250000.0,"['89 m²', '3 Pièces', '2 Chambres', '2 Salles de bains', 'Bon état', '5-10 ans', '4ème étage']",7,89.0,3.0,2.0,2.0,Bon état,4.0,7
Appartements Casablanca,Les princesses à Casablanca,33.56170473792227,-7.630379283521052,Appartement à l'achat à Les princesses. 2 chambres agréables. Ascenseur et garage,1250000.0,"['80 m²', '6 Pièces', '2 Chambres', '2 Salles de bains', 'Bon état', '10-20 ans', '3ème étage']",7,80.0,6.0,2.0,2.0,Bon état,3.0,15
Appartements Casablanca,Hay Alhoda à Casablanca,33.56170473792227,-7.630379283521052,Vend appartement à Hay Alhoda. Superficie 40 m². Garage privé.,4558824.761494253,"['40 m²', '1 Pièce', '1 Chambre', '1 Salle de bain', 'Bon état', '10-20 ans']",7,40.0,4.682934712346477,1.0,1.0,Bon état,3.0,15
Appartements Casablanca,Aïn Sebaâ à Casablanca,33.56170473792227,-7.630379283521052,Appartement 76 m² en vente à Aïn Sebaâ. 2 chambres,750000.0,"['76 m²', '6 Pièces', '2 Chambres', '2 Salles de bains', 'Nouveau', ""Moins d'un an"", '4ème étage']",7,76.0,6.0,2.0,2.0,Nouveau,4.0,0
Appartements Casablanca,Aïn Sebaâ à Casablanca,33.56170473792227,-7.630379283521052,"Appartement 110m² en vente, Résidence En-Nour",1050000.0,"['110 m²', '6 Pièces', '2 Chambres', '2 Salles de bains', 'Nouveau', ""Moins d'un an"", '1er étage']",7,110.0,6.0,2.0,2.0,Nouveau,1.0,0
Appartements Casablanca,Aïn Sebaâ à Casablanca,33.56170473792227,-7.630379283521052,"Appartement 89m² en vente, 2 chambres à Ain Sebaa",934500.0,"['89 m²', '6 Pièces', '2 Chambres', '2 Salles de bains', 'Nouveau', ""Moins d'un an"", '2ème étage']",7,89.0,6.0,2.0,2.0,Nouveau,2.0,0
Appartements Casablanca,Aïn Sebaâ à Casablanca,33.56170473792227,-7.630379283521052,"Appartement 100m² en vente, Résidence En-Nour",934500.0,"['100 m²', '6 Pièces', '2 Chambres', '2 Salles de bains', 'Nouveau', '3ème étage']",6,100.0,6.0,2.0,2.0,Nouveau,3.0,15
Appartements Casablanca,Aïn Sebaâ à Casablanca,33.56170473792227,-7.630379283521052,"Studio 56m² en vente, Résidence En-Nour",616000.0,"['56 m²', '3 Pièces', '1 Chambre', '1 Salle de bain', 'Nouveau', ""Moins d'un an"", '1er étage']",7,56.0,3.0,1.0,1.0,Nouveau,1.0,0
Appartements Casablanca,Aïn Sebaâ à Casablanca,33.613068914837,-7.525504278639175,"Studio de 70m² en vente, Résidence En-Nour",770000.0,"['70 m²', '4 Pièces', '1 Chambre', '2 Salles de bains', 'Nouveau', ""Moins d'un an"", '1er étage']",7,70.0,4.0,1.0,2.0,Nouveau,1.0,0
Appartements Casablanca,Aïn Sebaâ à Casablanca,33.613068914837,-7.525504278639175,"Studio de 65m² en vente, Résidence En-Nour",693000.0,"['65 m²', '3 Pièces', '1 Chambre', '1 Salle de bain', 'Nouveau', ""Moins d'un an"", '1er étage']",7,65.0,3.0,1.0,1.0,Nouveau,1.0,0
Appartements Casablanca,Les Hôpitaux à Casablanca,33.57797899192462,-7.62000560760498,Bel appartement totalement rénové,1900000.0,"['156 m²', '5 Pièces', '3 Chambres', '2 Salles de bains', 'Bon état', '20-30 ans']",6,156.0,5.0,3.0,2.0,Bon état,3.0,25
Villas & maisons de luxe Casablanca,Ain Diab à Casablanca,33.56170473792227,-7.630379283521052,Villa**AINDIAB (((( proche Club CHURCHILL )))),30000000.0,"['2100 m²', '8 Pièces', '5 Chambres', '5 Salles de bains', 'Bon état', '10-20 ans']",6,2100.0,8.0,5.0,5.0,Bon état,3.0,15
Villas & maisons de luxe Casablanca,Ain Diab à Casablanca,33.56170473792227,-7.630379283521052,Villa**AINDIAB ((( R+3 Commerciale- Vue MER ))),50000000.0,"['1250 m²', '7 Pièces', '5 Chambres', '6 Salles de bains', 'À rénover', '5-10 ans']",6,1250.0,7.0,5.0,6.0,À rénover,3.0,7
Appartements Casablanca,Oulfa à Casablanca,33.55627344791359,-7.67918586730957,Bel appartement à vendre à Oulfa. 2 façades sans vis à vis vis,1350000.0,"['124 m²', '7 Pièces', '3 Chambres', '2 Salles de bains', 'Bon état', '3ème étage']",6,124.0,7.0,3.0,2.0,Bon état,3.0,15
Appartements Casablanca,Racine à Casablanca,33.56170473792227,-7.630379283521052,Mise en vente d'un joli studio,1550000.0,"['75 m²', '2 Pièces', '1 Chambre', '2 Salles de bains', 'Nouveau', '1-5 ans', '1er étage']",7,75.0,2.0,1.0,2.0,Nouveau,1.0,3
Appartements Casablanca,Val Fleury à Casablanca,33.57519011717882,-7.636785507202148,Val fleury vente appartement terrasse 243 m²,2950000.0,"['243 m²', '4 Pièces', '3 Chambres', '2 Salles de bains', 'Bon état']",5,243.0,4.0,3.0,2.0,Bon état,3.0,15
Appartements Casablanca,Aïn Sebaâ à Casablanca,33.6075647709842,-7.523328640995089,2 appartements fusionnés 150m2 globale habitable,1520000.0,"['150 m²', '7 Pièces', '5 Chambres', '3 Salles de bains', 'Bon état', '5-10 ans', '1er étage']",7,150.0,7.0,5.0,3.0,Bon état,1.0,7
Appartements Casablanca,Mers Sultan à Casablanca,33.57955216356586,-7.611980438232422,Vente d'un appartement double façade,3500000.0,"['222 m²', '3 Pièces', '3 Chambres', '3 Salles de bains', 'Bon état', '10-20 ans']",6,222.0,3.0,3.0,3.0,Bon état,3.0,15
Appartements Casablanca,Al Osra à Casablanca,33.53762376555752,-7.578839952019422,Appartment mchamsa f hay Al ousra,1200000.0,"['114 m²', '4 Pièces', '3 Chambres', '1 Salle de bain', 'Bon état', '10-20 ans', '15ème étage']",7,114.0,4.0,3.0,1.0,Bon état,15.0,15
Appartements Casablanca,Bourgogne Ouest à Casablanca,33.598304662993705,-7.644252777099609,Appartement a vendre bourgogne,950000.0,"['63 m²', '2 Pièces', '2 Chambres', '2 Salles de bains', 'Bon état', '10-20 ans', '3ème étage']",7,63.0,2.0,2.0,2.0,Bon état,3.0,15
Appartements Casablanca,Bernoussi à Casablanca,33.610187537328144,-7.506923675537109,Urgent vend Appartement à Bernoussi,750000.0,"['82 m²', '3 Pièces', '2 Chambres', '1 Salle de bain', 'Bon état', '10-20 ans', '3ème étage']",7,82.0,3.0,2.0,1.0,Bon état,3.0,15
Appartements Casablanca,Bourgogne Ouest à Casablanca,33.59325983203492,-7.637889029981096,Appartement a vendre racine,3100000.0,"['179 m²', '3 Pièces', '3 Chambres', '2 Salles de bains', 'Bon état', '5-10 ans', '4ème étage']",7,179.0,3.0,3.0,2.0,Bon état,4.0,7
Appartements Casablanca,Anfa à Casablanca,33.596175974504256,-7.657470703125,Appartement a vendre bourgogne,2200000.0,"['175 m²', '3 Pièces', '3 Chambres', '2 Salles de bains', 'Bon état', '20-30 ans', '4ème étage']",7,175.0,3.0,3.0,2.0,Bon état,4.0,25
Appartements Casablanca,Bourgogne Ouest à Casablanca,33.56170473792227,-7.630379283521052,Appartement a vendre bourgogne,770000.0,"['87 m²', '4 Pièces', '2 Chambres', '1 Salle de bain', 'Bon état', '20-30 ans', '4ème étage']",7,87.0,4.0,2.0,1.0,Bon état,4.0,25
Appartements Casablanca,Bourgogne Ouest à Casablanca,33.59479276318546,-7.642139200000003,Bel appartements à vendre beusejour,3200000.0,"['191 m²', '3 Pièces', '3 Chambres', '3 Salles de bains', 'Nouveau', '1-5 ans', '4ème étage']",7,191.0,3.0,3.0,3.0,Nouveau,4.0,3
Appartements Casablanca,Roches Noires à Casablanca,33.59837593341011,-7.580639942371761,Appartement a vendre roche noir,800000.0,"['107 m²', '2 Pièces', '2 Chambres', '1 Salle de bain', 'Bon état', '10-20 ans']",6,107.0,2.0,2.0,1.0,Bon état,3.0,15
Appartements Casablanca,Bourgogne Ouest à Casablanca,33.59882555451926,-7.6485278913803825,Vend appartement à Bourgogne Ouest. 2 chambres agréables. Ascenseur et places de parking,1330000.0,"['90 m²', '4 Pièces', '2 Chambres', '2 Salles de bains', 'Bon état', '5-10 ans', '2ème étage']",7,90.0,4.0,2.0,2.0,Bon état,2.0,7
Appartements Casablanca,Maârif Extension à Casablanca,33.56170473792227,-7.630379283521052,Appartement a vendre a residence el baida,4558824.761494253,"['160 m²', '6 Pièces', '4 Chambres', '2 Salles de bains', 'Bon état', '10-20 ans']",6,160.0,6.0,4.0,2.0,Bon état,3.0,15
Appartements Casablanca,Maârif Extension à Casablanca,33.56170473792227,-7.630379283521052,Appartement à vendre sur Maarif,1350000.0,"['103 m²', '3 Pièces', '2 Chambres', '2 Salles de bains', 'Bon état', '5-10 ans', '2ème étage']",7,103.0,3.0,2.0,2.0,Bon état,2.0,7
Appartements Casablanca,Ain Borja à Casablanca,33.56170473792227,-7.630379283521052,Vente d'un bel appartement à Ain Borja. Surface totale 64 m²,640000.0,"['64 m²', '3 Pièces', '1 Chambre', '1 Salle de bain', 'Bon état', '5-10 ans', '1er étage']",7,64.0,3.0,1.0,1.0,Bon état,1.0,7
Appartements Casablanca,Bernoussi à Casablanca,33.610187537328144,-7.506923675537109,Urgent vends Appartement à bersnoussi,750000.0,"['82 m²', '3 Pièces', '2 Chambres', '1 Salle de bain', 'Bon état', '10-20 ans', '3ème étage']",7,82.0,3.0,2.0,1.0,Bon état,3.0,15
Appartements Casablanca,Aïn Sebaâ à Casablanca,33.56170473792227,-7.630379283521052,Appartement bien ensoleillé au RDC élevé,580000.0,"['62 m²', '3 Pièces', '2 Chambres', '1 Salle de bain', 'Bon état', '10-20 ans']",6,62.0,3.0,2.0,1.0,Bon état,3.0,15
Appartements Casablanca,Tacharouk (Hay Al Walaa) à Casablanca,33.56170473792227,-7.630379283521052,Appartement en vente à Tacharouk (Hay Al Walaa). Superficie 70 m².,350000.0,"['70 m²', '3 Pièces', '3 Chambres', '2 Salles de bains', 'Bon état']",5,70.0,3.0,3.0,2.0,Bon état,3.0,15
Maisons Casablanca,Hay Tarik à Casablanca,33.569111488217,-7.553915977478027,Une maison R+2,1150000.0,"['81 m²', '6 Pièces', '3 Chambres', '3 Salles de bains', 'Bon état', '20-30 ans']",6,81.0,6.0,3.0,3.0,Bon état,3.0,25
Appartements Casablanca,Maârif à Casablanca,33.58602331802259,-7.636442184448242,Appartement à vendre au Maarif,1200000.0,"['80 m²', '8 Pièces', '2 Chambres', '1 Salle de bain', 'Bon état', '10-20 ans', '3ème étage']",7,80.0,8.0,2.0,1.0,Bon état,3.0,15
Appartements Casablanca,Gauthier à Casablanca,33.58891909184207,-7.628674507141113,Gauthier dernier etage soleil 3 ch sans vis a vis,2900000.0,"['175 m²', '4 Pièces', '3 Chambres', '2 Salles de bains', 'Bon état']",5,175.0,4.0,3.0,2.0,Bon état,3.0,15
Appartements Casablanca,Racine à Casablanca,33.56170473792227,-7.630379283521052,Haut standing en plein coeur de racine,3400000.0,"['143 m²', '4 Pièces', '3 Chambres', '2 Salles de bains']",4,143.0,4.0,3.0,2.306532663316583,Bon état,3.0,15
Villas & maisons de luxe Casablanca,Anfa à Casablanca,33.56170473792227,-7.630379283521052,Villa exceptionnelle,18000000.0,"['1079 m²', '4 Chambres', '2 Salles de bains']",4,1079.0,4.682934712346477,4.0,2.306532663316583,Bon état,3.0,15
Appartements Casablanca,Casablanca,33.56170473792227,-7.630379283521052,Lycee lyautey,850000.0,"['37 m²', '1 Chambre', '1 Salle de bain', '3ème étage']",5,37.0,4.682934712346477,1.0,1.0,Bon état,3.0,15
Appartements Casablanca,Bernoussi à Casablanca,33.56170473792227,-7.630379283521052,Appartement 66m² sakani,340000.0,"['66 m²', '3 Pièces', '1 Chambre', '1 Salle de bain', 'Bon état', '5-10 ans', '3ème étage']",7,66.0,3.0,1.0,1.0,Bon état,3.0,7
Villas & maisons de luxe Casablanca,Ain Diab à Casablanca,33.58630932470067,-7.671375274658203,Magnifique Villa à Vendre à Ain Diab Casablanca,44000000.0,"['2250 m²', '8 Pièces', '4 Chambres', '4 Salles de bains', 'Bon état']",5,2250.0,8.0,4.0,4.0,Bon état,3.0,15
Appartements Casablanca,Ferme Bretonne (Hay Arraha) à Casablanca,33.5608510182527,-7.647085189819336,Appartement à vendre sur la Ferme bretonne 99 m²,1850000.0,"['99 m²', '3 Pièces', '2 Chambres', '2 Salles de bains', 'Bon état']",5,99.0,3.0,2.0,2.0,Bon état,3.0,15
Appartements Casablanca,Maârif Extension à Casablanca,33.57987394514173,-7.646827697753906,Appartement en Vente de 99 m² à Maarif Extension,1450000.0,"['99 m²', '2 Pièces', '2 Chambres', '1 Salle de bain', 'Bon état', '3ème étage']",6,99.0,2.0,2.0,1.0,Bon état,3.0,15
Appartements Casablanca,Centre Ville à Casablanca,33.56170473792227,-7.630379283521052,Studios en vente de 45 m² au Centre de Ville,585000.0,"['45 m²', '1 Pièce', '1 Chambre', '1 Salle de bain', 'Nouveau']",6,45.0,4.682934712346477,1.0,1.0,Nouveau,3.0,15
Appartements Casablanca,Val Fleury à Casablanca,33.57519011717882,-7.636785507202148,Appartement à vendre de 180m2 au Quartier Val Fleury,2100000.0,"['180 m²', '5 Pièces', '3 Chambres', '2 Salles de bains', 'Bon état']",5,180.0,5.0,3.0,2.0,Bon état,3.0,15
Appartements Casablanca,Californie à Casablanca,33.53595755299843,-7.625627517700195,A vendre Apt 134 m² Jnane Californie,2100000.0,"['134 m²', '4 Pièces', '3 Chambres', '2 Salles de bains', 'Bon état', '5-10 ans', '3ème étage']",7,134.0,4.0,3.0,2.0,Bon état,3.0,7
Appartements Casablanca,Val Fleury à Casablanca,33.57519011717882,-7.636785507202148,Appartement 120m2 à vendre Quartier Val fleuri,1530000.0,"['120 m²', '3 Pièces', '3 Chambres', '2 Salles de bains', 'Bon état', '10-20 ans']",6,120.0,3.0,3.0,2.0,Bon état,3.0,15
Appartements Casablanca,Anfa à Casablanca,33.56170473792227,-7.630379283521052,Ravissant studio à vendre sur BD Mly Youssef,950000.0,"['46 m²', '2 Pièces', '1 Chambre', '1 Salle de bain', 'Bon état']",5,46.0,2.0,1.0,1.0,Bon état,3.0,15
Appartements Casablanca,Lissasfa à Casablanca,33.53280215676782,-7.685124699999989,"Vend appartement à Lissasfa. 1 Pièce. Salon traditionnel, antenne parabolique générale.",4558824.761494253,"['30 m²', '4 Pièces', '3 Chambres', '1 Salle de bain', 'Bon état', '10-20 ans', '3ème étage']",7,30.0,4.0,3.0,1.0,Bon état,3.0,15
Appartements Casablanca,Ain Borja à Casablanca,33.58732340000002,-7.577711899999997,Appartement à vendre à Ain Borja. 2 belles chambres. Ascenseur et stationnement,700000.0,"['77 m²', '3 Pièces', '2 Chambres', '1 Salle de bain', 'Bon état', '5-10 ans', '5ème étage']",7,77.0,3.0,2.0,1.0,Bon état,5.0,7
Appartements Casablanca,Racine à Casablanca,33.56170473792227,-7.630379283521052,Magnifique Appartement Racine Etage Eleve,3400000.0,"['195 m²', '4 Pièces', '3 Chambres', '2 Salles de bains', 'Bon état', '10-20 ans', '5ème étage']",7,195.0,4.0,3.0,2.0,Bon état,5.0,15
Appartements Casablanca,Palmier à Casablanca,33.580946541729524,-7.629060745239258,Appartement à vendre sur Palmier 172 m²,2600000.0,"['172 m²', '5 Pièces', '3 Chambres', '2 Salles de bains', 'Bon état']",5,172.0,5.0,3.0,2.0,Bon état,3.0,15
Appartements Casablanca,Oulfa à Casablanca,33.55627344791359,-7.67918586730957,Appartement 85 m a vendre en excellent etat,980000.0,"['85 m²', '3 Pièces', '2 Chambres', '1 Salle de bain', 'Bon état', '5-10 ans', '2ème étage']",7,85.0,3.0,2.0,1.0,Bon état,2.0,7
Appartements Casablanca,Tacharouk (Hay Al Walaa) à Casablanca,33.56170473792227,-7.630379283521052,Appartement en vente à Tacharouk (Hay Al Walaa). 3 chambres agréables.,350000.0,"['70 m²', '4 Pièces', '3 Chambres', '2 Salles de bains', 'Bon état', '3ème étage']",6,70.0,4.0,3.0,2.0,Bon état,3.0,15
Appartements Casablanca,Al Qods à Casablanca,33.557167523684654,-7.59829044342041,Appartement à l'achat à Al Qods. 2 chambres. Belle terrasse et jardin.,660000.0,"['72 m²', '3 Pièces', '2 Chambres', '1 Salle de bain', 'Bon état', '1-5 ans', '3ème étage']",7,72.0,3.0,2.0,1.0,Bon état,3.0,3
Appartements Casablanca,Racine Extension à Casablanca,33.59056356209817,-7.640819549560547,Vente d'un bel appartement à Racine Extension. 3 chambres. Parking et ascenseur,3000000.0,"['150 m²', '5 Pièces', '3 Chambres', '2 Salles de bains', 'Bon état', '10-20 ans', '1er étage']",7,150.0,5.0,3.0,2.0,Bon état,1.0,15
Appartements Casablanca,Ain Diab à Casablanca,33.56170473792227,-7.630379283521052,"Appartement à vendre à Anfa Place, 77 m2, Ain Diab",2650000.0,"['77 m²', '2 Pièces', '1 Chambre', '1 Salle de bain', 'Bon état', '2ème étage']",6,77.0,2.0,1.0,1.0,Bon état,2.0,15
Appartements Casablanca,Palmier à Casablanca,33.56170473792227,-7.630379283521052,Votre investissement de cœur au cœur de Casablanca,1300000.0,"['65 m²', '3 Pièces', '2 Chambres', '2 Salles de bains', 'Nouveau', ""Moins d'un an"", '4ème étage']",7,65.0,3.0,2.0,2.0,Nouveau,4.0,0
Appartements Casablanca,Hay Chrifa à Casablanca,33.53480913110469,-7.607971876858812,Appartement de 88m² à Hay Chrifa,960000.0,"['81 m²', '5 Pièces', '2 Chambres', '2 Salles de bains', 'Bon état', '2ème étage']",6,81.0,5.0,2.0,2.0,Bon état,2.0,15
Appartements Casablanca,Tantonville à Casablanca,33.56632232698248,-7.619233131408691,Appartement spacieux près de toutes commodités,1850000.0,"['160 m²', '5 Pièces', '3 Chambres', '3 Salles de bains', 'Bon état', '20-30 ans', '1er étage']",7,160.0,5.0,3.0,3.0,Bon état,1.0,25
Appartements Casablanca,La Gironde à Casablanca,33.58505803848486,-7.601637840270996,Appartements à vendre à la Gironde,850000.0,"['76 m²', '6 Pièces', '2 Chambres', '2 Salles de bains', 'Nouveau', ""Moins d'un an"", '2ème étage']",7,76.0,6.0,2.0,2.0,Nouveau,2.0,0
Villas & maisons de luxe Casablanca,Hay Hassani à Casablanca,33.56170473792227,-7.630379283521052,Villa de luxe à vendre à sidi rahhal dar bouazza Surface totale 350 m². Belle terrasse et jardin.,2250000.0,"['350 m²', '8 Pièces', '6 Chambres', '2 Salles de bains', 'Bon état', '5-10 ans']",6,350.0,8.0,6.0,2.0,Bon état,3.0,7
Maisons Casablanca,Beausite à Casablanca,33.56170473792227,-7.630379283521052,Maison 4 Niveaux. Cave + RDC; Café snack Plus 3,4999000.0,"['119 m²', '7 Pièces', '3 Chambres', '4 Salles de bains', 'Bon état', '10-20 ans']",6,119.0,7.0,3.0,4.0,Bon état,3.0,15
Appartements Casablanca,Al Qods à Casablanca,33.56170473792227,-7.630379283521052,Appartement a vendre a bernoussi,850000.0,"['95 m²', '3 Pièces', '2 Chambres', '1 Salle de bain', 'Bon état', '5-10 ans', '3ème étage']",7,95.0,3.0,2.0,1.0,Bon état,3.0,7
Appartements Casablanca,Ferme Bretonne (Hay Arraha) à Casablanca,33.56300115989288,-7.644096099999984,Appartement à vendre à Casablanca. 3 grandes pièces. Ascenseur et garage,1850000.0,"['102 m²', '3 Pièces', '3 Chambres', '2 Salles de bains', 'Bon état', '1-5 ans', '2ème étage']",7,102.0,3.0,3.0,2.0,Bon état,2.0,3
Appartements Casablanca,Aïn Sebaâ à Casablanca,33.60703465635644,-7.519663345742515,Vente d'un bel appartement à Aïn Sebaâ. Résidence Chabab,660000.0,"['74 m²', '4 Pièces', '3 Chambres', '1 Salle de bain', 'Bon état', '4ème étage']",6,74.0,4.0,3.0,1.0,Bon état,4.0,15
Appartements Casablanca,Gauthier à Casablanca,33.56170473792227,-7.630379283521052,Bel appartement à vendre à Gauthier. Parking et terrasse,2100000.0,"['125 m²', '3 Pièces', '3 Chambres', '2 Salles de bains', 'Nouveau']",5,125.0,3.0,3.0,2.0,Nouveau,3.0,15
Appartements Casablanca,Les Hôpitaux à Casablanca,33.57797899192462,-7.62000560760498,"Grand appartement, belle vue sur Casablanca",2100000.0,"['189 m²', '3 Pièces', '3 Chambres', '3 Salles de bains', 'Bon état', '10-20 ans', '10ème étage']",7,189.0,3.0,3.0,3.0,Bon état,10.0,15
Appartements Casablanca,Val Fleury à Casablanca,33.57537299463748,-7.637854836046188,Appartement à louer à Val Fleury. Superficie 124 m². Parking et jardin,7000.0,"['124 m²', '4 Pièces', '3 Chambres', '2 Salles de bains', 'Bon état', '10-20 ans', '3ème étage']",7,124.0,4.0,3.0,2.0,Bon état,3.0,15
Appartements Casablanca,Maârif à Casablanca,33.58602331802259,-7.636442184448242,Duplexe maarif 2 chambres grandes terrasses dernier étage,1490000.0,"['92 m²', '3 Pièces', '2 Chambres', '2 Salles de bains', 'Bon état', ""Moins d'un an"", '4ème étage']",7,92.0,3.0,2.0,2.0,Bon état,4.0,0
Appartements Casablanca,Roches Noires à Casablanca,33.56170473792227,-7.630379283521052,A vendre Appt roches noires,900000.0,"['96 m²', '3 Pièces', '2 Chambres', '2 Salles de bains', 'Bon état', '5-10 ans', '4ème étage']",7,96.0,3.0,2.0,2.0,Bon état,4.0,7
Appartements Casablanca,Bernoussi à Casablanca,33.56170473792227,-7.630379283521052,Bel appartement à vendre à Bernoussi. 2 belles chambres,380000.0,"['50 m²', '3 Pièces', '2 Chambres', '1 Salle de bain', 'Bon état', '5-10 ans', '4ème étage']",7,50.0,3.0,2.0,1.0,Bon état,4.0,7
Appartements Casablanca,Aïn Sebaâ à Casablanca,33.611688641154686,-7.538852691650391,"Superbe appartement à vendre à Aïn Sebaâ. 2 chambres. Salon traditionnel marocain, résidence sécurisée",4558824.761494253,"['60 m²', '3 Pièces', '2 Chambres', '1 Salle de bain', 'Bon état', '5-10 ans', '4ème étage']",7,60.0,3.0,2.0,1.0,Bon état,4.0,7
Appartements Casablanca,Casablanca Finance City à Casablanca,33.56170473792227,-7.630379283521052,"Appartement F3 en vente 109m², NEXT HOUSE CASA ANFA",2016500.0,"['109 m²', '3 Pièces', '2 Chambres', '2 Salles de bains', 'Nouveau']",5,109.0,3.0,2.0,2.0,Nouveau,3.0,15
Appartements Casablanca,Oulfa à Casablanca,33.56170473792227,-7.630379283521052,"Appartement de 110m² en vente, Dans le quartier Farah Cité Essalam EL OULFA",1260000.0,"['110 m²', '4 Pièces', '3 Chambres', '1 Salle de bain', 'Nouveau', ""Moins d'un an""]",6,110.0,4.0,3.0,1.0,Nouveau,3.0,0
Appartements Casablanca,Oulfa à Casablanca,33.53977830000001,-7.678951400000017,Appartement à vendre à Casablanca. 3 belles chambres. Système de parabole,1200000.0,"['143 m²', '6 Pièces', '3 Chambres', '1 Salle de bain', 'Bon état', '10-20 ans']",6,143.0,6.0,3.0,1.0,Bon état,3.0,15
Appartements Casablanca,Anassi à Casablanca,33.58768252651196,-7.499525492737519,"Vente d'un bel appartement à Anassi. 1 Pièce. Salon traditionnel, antenne parabolique générale.",380000.0,"['60 m²', '1 Pièce', '2 Chambres', '1 Salle de bain', 'Bon état', '5-10 ans', '3ème étage']",8,60.0,4.682934712346477,2.0,1.0,Bon état,3.0,7
Appartements Casablanca,Casablanca Finance City à Casablanca,33.5585265011327,-7.605092525482178,Vente Duplex T5 neuf exceptionnel avec terrasse Casa Anfa,6200000.0,"['257 m²', '5 Pièces', '4 Chambres', '3 Salles de bains', 'Nouveau', '1er étage']",6,257.0,5.0,4.0,3.0,Nouveau,1.0,15
Appartements Casablanca,Casablanca Finance City à Casablanca,33.5585265011327,-7.605092525482178,Vente appartement T3 neuf exceptionnel avec terrasse Casa Anfa,3025000.0,"['126 m²', '3 Pièces', '2 Chambres', '2 Salles de bains', 'Nouveau', '1er étage']",6,126.0,3.0,2.0,2.0,Nouveau,1.0,15
Maisons Casablanca,La Floride à Casablanca,33.56170473792227,-7.630379283521052,Triplex à vendre meublé à Sidi Maarouf Florida,2800000.0,"['303 m²', '7 Pièces', '5 Chambres', '5 Salles de bains', 'Bon état', '5-10 ans']",6,303.0,7.0,5.0,5.0,Bon état,3.0,7
Appartements Casablanca,Sidi Moumen à Casablanca,33.56170473792227,-7.630379283521052,Vente d'un bel appartement à Sidi Moumen,550000.0,"['79 m²', '1 Pièce', '2 Chambres', '1 Salle de bain', 'Bon état', '20-30 ans', '1er étage']",8,79.0,4.682934712346477,2.0,1.0,Bon état,3.0,25
Appartements Casablanca,Mandarona à Casablanca,33.533508386837234,-7.613197749632633,Joli appartement mandarouna a vendre,1700000.0,"['99 m²', '2 Pièces', '3 Chambres', '1 Salle de bain', 'Bon état', '5-10 ans', '3ème étage']",7,99.0,2.0,3.0,1.0,Bon état,3.0,7
Villas & maisons de luxe Casablanca,Aïn Sebaâ à Casablanca,33.56170473792227,-7.630379283521052,Villa chic à vendre quartier luxieux ainsbaa Casa,3600000.0,"['392 m²', '4 Pièces', '10 Chambres', '4 Salles de bains', 'Bon état', '20-30 ans']",6,392.0,4.0,10.0,4.0,Bon état,3.0,25
Appartements Casablanca,Racine à Casablanca,33.5860217527853,-7.6418801955878735,Magnifique Duplex 244 M2 Très Haut De Standing à vendre sur Racine,5990000.0,"['244 m²', '3 Pièces', '3 Chambres', '3 Salles de bains', 'Bon état', '5-10 ans', '5ème étage']",7,244.0,3.0,3.0,3.0,Bon état,5.0,7
Villas & maisons de luxe Casablanca,Anfa à Casablanca,33.56170473792227,-7.630379283521052,Magnifique Villa à vendre à Anfa Casablanca,36000000.0,"['1600 m²', '10 Pièces', '5 Chambres', '5 Salles de bains', 'Bon état', '10-20 ans']",6,1600.0,10.0,5.0,5.0,Bon état,3.0,15
Appartements Casablanca,Les princesses à Casablanca,33.57632686457234,-7.647761609405279,Top Appart 2 ou 4 Chbr avec Terrasse (belle vue sur Casa) Q. Princesse,2100000.0,"['118 m²', '2 Pièces', '2 Chambres', '1 Salle de bain', 'Nouveau', '1-5 ans', '7ème étage']",7,118.0,2.0,2.0,1.0,Nouveau,7.0,3
Appartements Casablanca,Les princesses à Casablanca,33.56170473792227,-7.630379283521052,"LES PRINCESSES, bel appartement moderne A VENDRE,",2100000.0,"['113 m²', '4 Pièces', '3 Chambres', '2 Salles de bains', 'Bon état', '1-5 ans', '4ème étage']",7,113.0,4.0,3.0,2.0,Bon état,4.0,3
Appartements Casablanca,Maârif Extension à Casablanca,33.57987394514173,-7.646827697753906,Vente appartement 76m2 plus 30m2 de terrasse,1495000.0,"['106 m²', '3 Pièces', '2 Chambres', '2 Salles de bains', 'Bon état', '5-10 ans', '2ème étage']",7,106.0,3.0,2.0,2.0,Bon état,2.0,7
Appartements Casablanca,Racine Extension à Casablanca,33.59056356209817,-7.640819549560547,Vente d'un bel appartement à Racine Extension. 3 chambres. Parking et ascenseur,3000000.0,"['150 m²', '5 Pièces', '3 Chambres', '2 Salles de bains', 'Bon état', '10-20 ans', '1er étage']",7,150.0,5.0,3.0,2.0,Bon état,1.0,15
Appartements Casablanca,Ain Diab à Casablanca,33.58630932470067,-7.671375274658203,"Appartement à vendre à Anfa Place, 77 m2, Ain Diab",2650000.0,"['77 m²', '2 Pièces', '1 Chambre', '1 Salle de bain', 'Bon état', '2ème étage']",6,77.0,2.0,1.0,1.0,Bon état,2.0,15
Appartements Casablanca,Palmier à Casablanca,33.56170473792227,-7.630379283521052,Votre investissement de cœur au cœur de Casablanca,1300000.0,"['65 m²', '3 Pièces', '2 Chambres', '2 Salles de bains', 'Nouveau', ""Moins d'un an"", '4ème étage']",7,65.0,3.0,2.0,2.0,Nouveau,4.0,0
Appartements Casablanca,Hay Chrifa à Casablanca,33.53480913110469,-7.607971876858812,Appartement de 88m² à Hay Chrifa,960000.0,"['81 m²', '5 Pièces', '2 Chambres', '2 Salles de bains', 'Bon état', '2ème étage']",6,81.0,5.0,2.0,2.0,Bon état,2.0,15
Appartements Casablanca,Tantonville à Casablanca,33.56632232698248,-7.619233131408691,Appartement spacieux près de toutes commodités,1850000.0,"['160 m²', '5 Pièces', '3 Chambres', '3 Salles de bains', 'Bon état', '20-30 ans', '1er étage']",7,160.0,5.0,3.0,3.0,Bon état,1.0,25
Appartements Casablanca,La Gironde à Casablanca,33.56170473792227,-7.630379283521052,Appartements à vendre à la Gironde,850000.0,"['76 m²', '6 Pièces', '2 Chambres', '2 Salles de bains', 'Nouveau', ""Moins d'un an"", '2ème étage']",7,76.0,6.0,2.0,2.0,Nouveau,2.0,0
Villas & maisons de luxe Casablanca,Hay Hassani à Casablanca,33.57229388264518,-7.678842544555664,Villa de luxe à vendre à sidi rahhal dar bouazza Surface totale 350 m². Belle terrasse et jardin.,2250000.0,"['350 m²', '8 Pièces', '6 Chambres', '2 Salles de bains', 'Bon état', '5-10 ans']",6,350.0,8.0,6.0,2.0,Bon état,3.0,7
Maisons Casablanca,Beausite à Casablanca,33.56170473792227,-7.630379283521052,Maison 4 Niveaux. Cave + RDC; Café snack Plus 3,4999000.0,"['119 m²', '7 Pièces', '3 Chambres', '4 Salles de bains', 'Bon état', '10-20 ans']",6,119.0,7.0,3.0,4.0,Bon état,3.0,15
Appartements Casablanca,Al Qods à Casablanca,33.557167523684654,-7.59829044342041,Appartement a vendre a bernoussi,850000.0,"['95 m²', '3 Pièces', '2 Chambres', '1 Salle de bain', 'Bon état', '5-10 ans', '3ème étage']",7,95.0,3.0,2.0,1.0,Bon état,3.0,7
Appartements Casablanca,Ferme Bretonne (Hay Arraha) à Casablanca,33.56300115989288,-7.644096099999984,Appartement à vendre à Casablanca. 3 grandes pièces. Ascenseur et garage,1850000.0,"['102 m²', '3 Pièces', '3 Chambres', '2 Salles de bains', 'Bon état', '1-5 ans', '2ème étage']",7,102.0,3.0,3.0,2.0,Bon état,2.0,3
Appartements Casablanca,Aïn Sebaâ à Casablanca,33.60703465635644,-7.519663345742515,Vente d'un bel appartement à Aïn Sebaâ. Résidence Chabab,660000.0,"['74 m²', '4 Pièces', '3 Chambres', '1 Salle de bain', 'Bon état', '4ème étage']",6,74.0,4.0,3.0,1.0,Bon état,4.0,15
Appartements Casablanca,Gauthier à Casablanca,33.58891909184207,-7.628674507141113,Bel appartement à vendre à Gauthier. Parking et terrasse,2100000.0,"['125 m²', '3 Pièces', '3 Chambres', '2 Salles de bains', 'Nouveau']",5,125.0,3.0,3.0,2.0,Nouveau,3.0,15
Appartements Casablanca,Les Hôpitaux à Casablanca,33.57797899192462,-7.62000560760498,"Grand appartement, belle vue sur Casablanca",2100000.0,"['189 m²', '3 Pièces', '3 Chambres', '3 Salles de bains', 'Bon état', '10-20 ans', '10ème étage']",7,189.0,3.0,3.0,3.0,Bon état,10.0,15
Appartements Casablanca,Val Fleury à Casablanca,33.57537299463748,-7.637854836046188,Appartement à louer à Val Fleury. Superficie 124 m². Parking et jardin,7000.0,"['124 m²', '4 Pièces', '3 Chambres', '2 Salles de bains', 'Bon état', '10-20 ans', '3ème étage']",7,124.0,4.0,3.0,2.0,Bon état,3.0,15
Appartements Casablanca,Maârif à Casablanca,33.58602331802259,-7.636442184448242,Duplexe maarif 2 chambres grandes terrasses dernier étage,1490000.0,"['92 m²', '3 Pièces', '2 Chambres', '2 Salles de bains', 'Bon état', ""Moins d'un an"", '4ème étage']",7,92.0,3.0,2.0,2.0,Bon état,4.0,0
Appartements Casablanca,Roches Noires à Casablanca,33.56170473792227,-7.630379283521052,A vendre Appt roches noires,900000.0,"['96 m²', '3 Pièces', '2 Chambres', '2 Salles de bains', 'Bon état', '5-10 ans', '4ème étage']",7,96.0,3.0,2.0,2.0,Bon état,4.0,7
Appartements Casablanca,Bernoussi à Casablanca,33.56170473792227,-7.630379283521052,Bel appartement à vendre à Bernoussi. 2 belles chambres,380000.0,"['50 m²', '3 Pièces', '2 Chambres', '1 Salle de bain', 'Bon état', '5-10 ans', '4ème étage']",7,50.0,3.0,2.0,1.0,Bon état,4.0,7
Appartements Casablanca,Aïn Sebaâ à Casablanca,33.611688641154686,-7.538852691650391,"Superbe appartement à vendre à Aïn Sebaâ. 2 chambres. Salon traditionnel marocain, résidence sécurisée",4558824.761494253,"['60 m²', '3 Pièces', '2 Chambres', '1 Salle de bain', 'Bon état', '5-10 ans', '4ème étage']",7,60.0,3.0,2.0,1.0,Bon état,4.0,7
Appartements Casablanca,Casablanca Finance City à Casablanca,33.56170473792227,-7.630379283521052,"Appartement F3 en vente 109m², NEXT HOUSE CASA ANFA",2016500.0,"['109 m²', '3 Pièces', '2 Chambres', '2 Salles de bains', 'Nouveau']",5,109.0,3.0,2.0,2.0,Nouveau,3.0,15
Appartements Casablanca,Oulfa à Casablanca,33.56170473792227,-7.630379283521052,"Appartement de 110m² en vente, Dans le quartier Farah Cité Essalam EL OULFA",1260000.0,"['110 m²', '4 Pièces', '3 Chambres', '1 Salle de bain', 'Nouveau', ""Moins d'un an""]",6,110.0,4.0,3.0,1.0,Nouveau,3.0,0
Appartements Casablanca,Oulfa à Casablanca,33.53977830000001,-7.678951400000017,Appartement à vendre à Casablanca. 3 belles chambres. Système de parabole,1200000.0,"['143 m²', '6 Pièces', '3 Chambres', '1 Salle de bain', 'Bon état', '10-20 ans']",6,143.0,6.0,3.0,1.0,Bon état,3.0,15
Appartements Casablanca,Anassi à Casablanca,33.58768252651196,-7.499525492737519,"Vente d'un bel appartement à Anassi. 1 Pièce. Salon traditionnel, antenne parabolique générale.",380000.0,"['60 m²', '1 Pièce', '2 Chambres', '1 Salle de bain', 'Bon état', '5-10 ans', '3ème étage']",8,60.0,4.682934712346477,2.0,1.0,Bon état,3.0,7
Appartements Casablanca,Casablanca Finance City à Casablanca,33.5585265011327,-7.605092525482178,Vente Duplex T5 neuf exceptionnel avec terrasse Casa Anfa,6200000.0,"['257 m²', '5 Pièces', '4 Chambres', '3 Salles de bains', 'Nouveau', '1er étage']",6,257.0,5.0,4.0,3.0,Nouveau,1.0,15
Appartements Casablanca,Casablanca Finance City à Casablanca,33.56170473792227,-7.630379283521052,Vente appartement T3 neuf exceptionnel avec terrasse Casa Anfa,3025000.0,"['126 m²', '3 Pièces', '2 Chambres', '2 Salles de bains', 'Nouveau', '1er étage']",6,126.0,3.0,2.0,2.0,Nouveau,1.0,15
Maisons Casablanca,La Floride à Casablanca,33.537710344848335,-7.673048973083496,Triplex à vendre meublé à Sidi Maarouf Florida,2800000.0,"['303 m²', '7 Pièces', '5 Chambres', '5 Salles de bains', 'Bon état', '5-10 ans']",6,303.0,7.0,5.0,5.0,Bon état,3.0,7
Appartements Casablanca,Sidi Moumen à Casablanca,33.56170473792227,-7.630379283521052,Vente d'un bel appartement à Sidi Moumen,550000.0,"['79 m²', '1 Pièce', '2 Chambres', '1 Salle de bain', 'Bon état', '20-30 ans', '1er étage']",8,79.0,4.682934712346477,2.0,1.0,Bon état,3.0,25
Appartements Casablanca,Mandarona à Casablanca,33.533508386837234,-7.613197749632633,Joli appartement mandarouna a vendre,1700000.0,"['99 m²', '2 Pièces', '3 Chambres', '1 Salle de bain', 'Bon état', '5-10 ans', '3ème étage']",7,99.0,2.0,3.0,1.0,Bon état,3.0,7
Villas & maisons de luxe Casablanca,Aïn Sebaâ à Casablanca,33.611688641154686,-7.538852691650391,Villa chic à vendre quartier luxieux ainsbaa Casa,3600000.0,"['392 m²', '4 Pièces', '10 Chambres', '4 Salles de bains', 'Bon état', '20-30 ans']",6,392.0,4.0,10.0,4.0,Bon état,3.0,25
Appartements Casablanca,Racine à Casablanca,33.5860217527853,-7.6418801955878735,Magnifique Duplex 244 M2 Très Haut De Standing à vendre sur Racine,5990000.0,"['244 m²', '3 Pièces', '3 Chambres', '3 Salles de bains', 'Bon état', '5-10 ans', '5ème étage']",7,244.0,3.0,3.0,3.0,Bon état,5.0,7
Villas & maisons de luxe Casablanca,Anfa à Casablanca,33.56170473792227,-7.630379283521052,Magnifique Villa à vendre à Anfa Casablanca,36000000.0,"['1600 m²', '10 Pièces', '5 Chambres', '5 Salles de bains', 'Bon état', '10-20 ans']",6,1600.0,10.0,5.0,5.0,Bon état,3.0,15
Appartements Casablanca,Les princesses à Casablanca,33.57632686457234,-7.647761609405279,Top Appart 2 ou 4 Chbr avec Terrasse (belle vue sur Casa) Q. Princesse,2100000.0,"['118 m²', '2 Pièces', '2 Chambres', '1 Salle de bain', 'Nouveau', '1-5 ans', '7ème étage']",7,118.0,2.0,2.0,1.0,Nouveau,7.0,3
Appartements Casablanca,Les princesses à Casablanca,33.56170473792227,-7.630379283521052,"LES PRINCESSES, bel appartement moderne A VENDRE,",2100000.0,"['113 m²', '4 Pièces', '3 Chambres', '2 Salles de bains', 'Bon état', '1-5 ans', '4ème étage']",7,113.0,4.0,3.0,2.0,Bon état,4.0,3
Appartements Casablanca,Maârif Extension à Casablanca,33.57987394514173,-7.646827697753906,Vente appartement 76m2 plus 30m2 de terrasse,1495000.0,"['106 m²', '3 Pièces', '2 Chambres', '2 Salles de bains', 'Bon état', '5-10 ans', '2ème étage']",7,106.0,3.0,2.0,2.0,Bon état,2.0,7
Appartements Casablanca,Racine Extension à Casablanca,33.56170473792227,-7.630379283521052,Vente d'un bel appartement à Racine Extension. 3 chambres. Parking et ascenseur,3000000.0,"['150 m²', '5 Pièces', '3 Chambres', '2 Salles de bains', 'Bon état', '10-20 ans', '1er étage']",7,150.0,5.0,3.0,2.0,Bon état,1.0,15
Appartements Casablanca,Ain Diab à Casablanca,33.58630932470067,-7.671375274658203,"Appartement à vendre à Anfa Place, 77 m2, Ain Diab",2650000.0,"['77 m²', '2 Pièces', '1 Chambre', '1 Salle de bain', 'Bon état', '2ème étage']",6,77.0,2.0,1.0,1.0,Bon état,2.0,15
Appartements Casablanca,Palmier à Casablanca,33.56170473792227,-7.630379283521052,Votre investissement de cœur au cœur de Casablanca,1300000.0,"['65 m²', '3 Pièces', '2 Chambres', '2 Salles de bains', 'Nouveau', ""Moins d'un an"", '4ème étage']",7,65.0,3.0,2.0,2.0,Nouveau,4.0,0
Appartements Casablanca,Hay Chrifa à Casablanca,33.53480913110469,-7.607971876858812,Appartement de 88m² à Hay Chrifa,960000.0,"['81 m²', '5 Pièces', '2 Chambres', '2 Salles de bains', 'Bon état', '2ème étage']",6,81.0,5.0,2.0,2.0,Bon état,2.0,15
Appartements Casablanca,Tantonville à Casablanca,33.56170473792227,-7.630379283521052,Appartement spacieux près de toutes commodités,1850000.0,"['160 m²', '5 Pièces', '3 Chambres', '3 Salles de bains', 'Bon état', '20-30 ans', '1er étage']",7,160.0,5.0,3.0,3.0,Bon état,1.0,25
Appartements Casablanca,La Gironde à Casablanca,33.56170473792227,-7.630379283521052,Appartements à vendre à la Gironde,850000.0,"['76 m²', '6 Pièces', '2 Chambres', '2 Salles de bains', 'Nouveau', ""Moins d'un an"", '2ème étage']",7,76.0,6.0,2.0,2.0,Nouveau,2.0,0
Villas & maisons de luxe Casablanca,Hay Hassani à Casablanca,33.57229388264518,-7.678842544555664,Villa de luxe à vendre à sidi rahhal dar bouazza Surface totale 350 m². Belle terrasse et jardin.,2250000.0,"['350 m²', '8 Pièces', '6 Chambres', '2 Salles de bains', 'Bon état', '5-10 ans']",6,350.0,8.0,6.0,2.0,Bon état,3.0,7
Maisons Casablanca,Beausite à Casablanca,33.56170473792227,-7.630379283521052,Maison 4 Niveaux. Cave + RDC; Café snack Plus 3,4999000.0,"['119 m²', '7 Pièces', '3 Chambres', '4 Salles de bains', 'Bon état', '10-20 ans']",6,119.0,7.0,3.0,4.0,Bon état,3.0,15
Appartements Casablanca,Al Qods à Casablanca,33.557167523684654,-7.59829044342041,Appartement a vendre a bernoussi,850000.0,"['95 m²', '3 Pièces', '2 Chambres', '1 Salle de bain', 'Bon état', '5-10 ans', '3ème étage']",7,95.0,3.0,2.0,1.0,Bon état,3.0,7
Appartements Casablanca,Ferme Bretonne (Hay Arraha) à Casablanca,33.56300115989288,-7.644096099999984,Appartement à vendre à Casablanca. 3 grandes pièces. Ascenseur et garage,1850000.0,"['102 m²', '3 Pièces', '3 Chambres', '2 Salles de bains', 'Bon état', '1-5 ans', '2ème étage']",7,102.0,3.0,3.0,2.0,Bon état,2.0,3
Appartements Casablanca,Aïn Sebaâ à Casablanca,33.60703465635644,-7.519663345742515,Vente d'un bel appartement à Aïn Sebaâ. Résidence Chabab,660000.0,"['74 m²', '4 Pièces', '3 Chambres', '1 Salle de bain', 'Bon état', '4ème étage']",6,74.0,4.0,3.0,1.0,Bon état,4.0,15
Appartements Casablanca,Gauthier à Casablanca,33.56170473792227,-7.630379283521052,Bel appartement à vendre à Gauthier. Parking et terrasse,2100000.0,"['125 m²', '3 Pièces', '3 Chambres', '2 Salles de bains', 'Nouveau']",5,125.0,3.0,3.0,2.0,Nouveau,3.0,15
Appartements Casablanca,Les Hôpitaux à Casablanca,33.56170473792227,-7.630379283521052,"Grand appartement, belle vue sur Casablanca",2100000.0,"['189 m²', '3 Pièces', '3 Chambres', '3 Salles de bains', 'Bon état', '10-20 ans', '10ème étage']",7,189.0,3.0,3.0,3.0,Bon état,10.0,15
Appartements Casablanca,Val Fleury à Casablanca,33.57537299463748,-7.637854836046188,Appartement à louer à Val Fleury. Superficie 124 m². Parking et jardin,7000.0,"['124 m²', '4 Pièces', '3 Chambres', '2 Salles de bains', 'Bon état', '10-20 ans', '3ème étage']",7,124.0,4.0,3.0,2.0,Bon état,3.0,15
Appartements Casablanca,Maârif à Casablanca,33.58602331802259,-7.636442184448242,Duplexe maarif 2 chambres grandes terrasses dernier étage,1490000.0,"['92 m²', '3 Pièces', '2 Chambres', '2 Salles de bains', 'Bon état', ""Moins d'un an"", '4ème étage']",7,92.0,3.0,2.0,2.0,Bon état,4.0,0
Appartements Casablanca,Roches Noires à Casablanca,33.56170473792227,-7.630379283521052,A vendre Appt roches noires,900000.0,"['96 m²', '3 Pièces', '2 Chambres', '2 Salles de bains', 'Bon état', '5-10 ans', '4ème étage']",7,96.0,3.0,2.0,2.0,Bon état,4.0,7
Appartements Casablanca,Bernoussi à Casablanca,33.56170473792227,-7.630379283521052,Bel appartement à vendre à Bernoussi. 2 belles chambres,380000.0,"['50 m²', '3 Pièces', '2 Chambres', '1 Salle de bain', 'Bon état', '5-10 ans', '4ème étage']",7,50.0,3.0,2.0,1.0,Bon état,4.0,7
Appartements Casablanca,Aïn Sebaâ à Casablanca,33.611688641154686,-7.538852691650391,"Superbe appartement à vendre à Aïn Sebaâ. 2 chambres. Salon traditionnel marocain, résidence sécurisée",4558824.761494253,"['60 m²', '3 Pièces', '2 Chambres', '1 Salle de bain', 'Bon état', '5-10 ans', '4ème étage']",7,60.0,3.0,2.0,1.0,Bon état,4.0,7
Appartements Casablanca,Casablanca Finance City à Casablanca,33.56170473792227,-7.630379283521052,"Appartement F3 en vente 109m², NEXT HOUSE CASA ANFA",2016500.0,"['109 m²', '3 Pièces', '2 Chambres', '2 Salles de bains', 'Nouveau']",5,109.0,3.0,2.0,2.0,Nouveau,3.0,15
Appartements Casablanca,Oulfa à Casablanca,33.56170473792227,-7.630379283521052,"Appartement de 110m² en vente, Dans le quartier Farah Cité Essalam EL OULFA",1260000.0,"['110 m²', '4 Pièces', '3 Chambres', '1 Salle de bain', 'Nouveau', ""Moins d'un an""]",6,110.0,4.0,3.0,1.0,Nouveau,3.0,0
Appartements Casablanca,Oulfa à Casablanca,33.53977830000001,-7.678951400000017,Appartement à vendre à Casablanca. 3 belles chambres. Système de parabole,1200000.0,"['143 m²', '6 Pièces', '3 Chambres', '1 Salle de bain', 'Bon état', '10-20 ans']",6,143.0,6.0,3.0,1.0,Bon état,3.0,15
Appartements Casablanca,Anassi à Casablanca,33.58768252651196,-7.499525492737519,"Vente d'un bel appartement à Anassi. 1 Pièce. Salon traditionnel, antenne parabolique générale.",380000.0,"['60 m²', '1 Pièce', '2 Chambres', '1 Salle de bain', 'Bon état', '5-10 ans', '3ème étage']",8,60.0,4.682934712346477,2.0,1.0,Bon état,3.0,7
Appartements Casablanca,Casablanca Finance City à Casablanca,33.56170473792227,-7.630379283521052,Vente Duplex T5 neuf exceptionnel avec terrasse Casa Anfa,6200000.0,"['257 m²', '5 Pièces', '4 Chambres', '3 Salles de bains', 'Nouveau', '1er étage']",6,257.0,5.0,4.0,3.0,Nouveau,1.0,15
Appartements Casablanca,Casablanca Finance City à Casablanca,33.5585265011327,-7.605092525482178,Vente appartement T3 neuf exceptionnel avec terrasse Casa Anfa,3025000.0,"['126 m²', '3 Pièces', '2 Chambres', '2 Salles de bains', 'Nouveau', '1er étage']",6,126.0,3.0,2.0,2.0,Nouveau,1.0,15
Maisons Casablanca,La Floride à Casablanca,33.56170473792227,-7.630379283521052,Triplex à vendre meublé à Sidi Maarouf Florida,2800000.0,"['303 m²', '7 Pièces', '5 Chambres', '5 Salles de bains', 'Bon état', '5-10 ans']",6,303.0,7.0,5.0,5.0,Bon état,3.0,7
Appartements Casablanca,Sidi Moumen à Casablanca,33.56170473792227,-7.630379283521052,Vente d'un bel appartement à Sidi Moumen,550000.0,"['79 m²', '1 Pièce', '2 Chambres', '1 Salle de bain', 'Bon état', '20-30 ans', '1er étage']",8,79.0,4.682934712346477,2.0,1.0,Bon état,3.0,25
Appartements Casablanca,Mandarona à Casablanca,33.533508386837234,-7.613197749632633,Joli appartement mandarouna a vendre,1700000.0,"['99 m²', '2 Pièces', '3 Chambres', '1 Salle de bain', 'Bon état', '5-10 ans', '3ème étage']",7,99.0,2.0,3.0,1.0,Bon état,3.0,7
Villas & maisons de luxe Casablanca,Aïn Sebaâ à Casablanca,33.611688641154686,-7.538852691650391,Villa chic à vendre quartier luxieux ainsbaa Casa,3600000.0,"['392 m²', '4 Pièces', '10 Chambres', '4 Salles de bains', 'Bon état', '20-30 ans']",6,392.0,4.0,10.0,4.0,Bon état,3.0,25
Appartements Casablanca,Racine à Casablanca,33.5860217527853,-7.6418801955878735,Magnifique Duplex 244 M2 Très Haut De Standing à vendre sur Racine,5990000.0,"['244 m²', '3 Pièces', '3 Chambres', '3 Salles de bains', 'Bon état', '5-10 ans', '5ème étage']",7,244.0,3.0,3.0,3.0,Bon état,5.0,7
Villas & maisons de luxe Casablanca,Anfa à Casablanca,33.596175974504256,-7.657470703125,Magnifique Villa à vendre à Anfa Casablanca,36000000.0,"['1600 m²', '10 Pièces', '5 Chambres', '5 Salles de bains', 'Bon état', '10-20 ans']",6,1600.0,10.0,5.0,5.0,Bon état,3.0,15
Appartements Casablanca,Les princesses à Casablanca,33.57632686457234,-7.647761609405279,Top Appart 2 ou 4 Chbr avec Terrasse (belle vue sur Casa) Q. Princesse,2100000.0,"['118 m²', '2 Pièces', '2 Chambres', '1 Salle de bain', 'Nouveau', '1-5 ans', '7ème étage']",7,118.0,2.0,2.0,1.0,Nouveau,7.0,3
Appartements Casablanca,Les princesses à Casablanca,33.56170473792227,-7.630379283521052,"LES PRINCESSES, bel appartement moderne A VENDRE,",2100000.0,"['113 m²', '4 Pièces', '3 Chambres', '2 Salles de bains', 'Bon état', '1-5 ans', '4ème étage']",7,113.0,4.0,3.0,2.0,Bon état,4.0,3
Appartements Casablanca,Maârif Extension à Casablanca,33.57987394514173,-7.646827697753906,Vente appartement 76m2 plus 30m2 de terrasse,1495000.0,"['106 m²', '3 Pièces', '2 Chambres', '2 Salles de bains', 'Bon état', '5-10 ans', '2ème étage']",7,106.0,3.0,2.0,2.0,Bon état,2.0,7
Appartements Casablanca,Centre Ville à Casablanca,33.56170473792227,-7.630379283521052,Appartement a vendre en plein centre ville de casa,4558824.761494253,"['120 m²', '4 Pièces', '2 Chambres', '2 Salles de bains', 'Bon état', '4ème étage']",6,120.0,4.0,2.0,2.0,Bon état,4.0,15
Villas & maisons de luxe Casablanca,Centre Ville à Casablanca,33.59485333695376,-7.61876106262207,Villa art deco proche starbucks anfa,15500000.0,"['890 m²', '4 Chambres', '2 Salles de bains']",4,890.0,4.682934712346477,4.0,2.306532663316583,Bon état,3.0,15
Appartements Casablanca,Aïn Sebaâ à Casablanca,33.56170473792227,-7.630379283521052,Appartement à vendre ain sebaa,550000.0,"['57 m²', '3 Pièces', '3 Chambres', '1 Salle de bain', 'Bon état', '10-20 ans', '4ème étage']",7,57.0,3.0,3.0,1.0,Bon état,4.0,15
Appartements Casablanca,Racine à Casablanca,33.592458238962855,-7.648158073425293,Dernier etage roof top rare,3300000.0,"['200 m²', '3 Chambres', '2 Salles de bains']",4,200.0,4.682934712346477,3.0,2.306532663316583,Bon état,3.0,15
Appartements Casablanca,La Vilette à Casablanca,33.58543948422508,-7.573373318479128,Appartement 2CH à vendre. Blvd Ibn Tachfine,820000.0,"['80 m²', '5 Pièces', '2 Chambres', '1 Salle de bain', 'Bon état', '10-20 ans', '4ème étage']",7,80.0,5.0,2.0,1.0,Bon état,4.0,15
Appartements Casablanca,Bourgogne Ouest à Casablanca,33.598304662993705,-7.644252777099609,Bel appartement vue sur mer,2600000.0,"['131 m²', '1 Pièce', '3 Chambres', '3 Salles de bains', 'Bon état', '5-10 ans', '3ème étage']",8,131.0,4.682934712346477,3.0,3.0,Bon état,3.0,7
Villas & maisons de luxe Casablanca,Ain Diab à Casablanca,33.58630932470067,-7.671375274658203,"Ain Diab, Jolie Villa à VENDRE dans une résidence VVC.8796",7700000.0,"['574 m²', '5 Pièces', '4 Chambres', '4 Salles de bains', 'Bon état', '10-20 ans']",6,574.0,5.0,4.0,4.0,Bon état,3.0,15
Appartements Casablanca,Oasis à Casablanca,33.55702447218315,-7.6348114013671875,Studio haut standing en plein oasis,1100000.0,"['55 m²', '2 Pièces', '1 Chambre', '2 Salles de bains', 'Nouveau', ""Moins d'un an"", '2ème étage']",7,55.0,2.0,1.0,2.0,Nouveau,2.0,0
Appartements Casablanca,Zone Industrielle Moulay Rachid à Casablanca,33.54847671501679,-7.539024353027344,Vend appartement à Zone Industrielle Moulay Rachid. 2 chambres agréables. Cuisine entièrement équipée.,4558824.761494253,"['61 m²', '4 Pièces', '2 Chambres', '1 Salle de bain', 'Nouveau', '1er étage']",6,61.0,4.0,2.0,1.0,Nouveau,1.0,15
Appartements Casablanca,Al Madina Aljadida à Casablanca,33.56170473792227,-7.630379283521052,Bel appartement en vente,4558824.761494253,"['59 m²', '4 Pièces', '2 Chambres', '1 Salle de bain', 'Nouveau', '1er étage']",6,59.0,4.0,2.0,1.0,Nouveau,1.0,15
Appartements Casablanca,Ain Borja à Casablanca,33.56170473792227,-7.630379283521052,"Appartement de 85m² en vente, Les Jardins de Belvédère",4558824.761494253,"['85 m²', '3 Pièces', '2 Chambres', '1 Salle de bain', 'Nouveau']",5,85.0,3.0,2.0,1.0,Nouveau,3.0,15
Appartements Casablanca,Ferme Bretonne (Hay Arraha) à Casablanca,33.56170473792227,-7.630379283521052,Appartement de 108 m² en vente Résidence Zeralda,1810000.0,"['108 m²', '3 Pièces', '2 Chambres', '3 Salles de bains', 'Nouveau', '1-5 ans', '2ème étage']",7,108.0,3.0,2.0,3.0,Nouveau,2.0,3
Appartements Casablanca,Bernoussi à Casablanca,33.56170473792227,-7.630379283521052,Vend appartement à Bernoussi. 2 chambres. Parking privé,400000.0,"['60 m²', '3 Pièces', '2 Chambres', '2 Salles de bains', 'À rénover', '2ème étage']",6,60.0,3.0,2.0,2.0,À rénover,2.0,15
Appartements Casablanca,Racine à Casablanca,33.58941958610795,-7.641634941101245,"Bel Appartement ENSOLEILLE, Grand Salon, TERRASSE",3950000.0,"['238 m²', '5 Pièces', '3 Chambres', '2 Salles de bains', 'Bon état', '4ème étage']",6,238.0,5.0,3.0,2.0,Bon état,4.0,15
Appartements Casablanca,Californie à Casablanca,33.53595755299843,-7.625627517700195,Californie Luxueux 3 ch de 130m² balcon park,1725000.0,"['130 m²', '5 Pièces', '3 Chambres', '2 Salles de bains', 'Bon état', '5-10 ans', '3ème étage']",7,130.0,5.0,3.0,2.0,Bon état,3.0,7
Appartements Casablanca,Bernoussi à Casablanca,33.56170473792227,-7.630379283521052,Vend appartement à Bernoussi. Surface de 60 m²,400000.0,"['60 m²', '1 Pièce', '2 Chambres', '2 Salles de bains', 'À rénover']",6,60.0,4.682934712346477,2.0,2.0,À rénover,3.0,15
Appartements Casablanca,La Gironde à Casablanca,33.585482584056265,-7.60081440210331,Appartement de 91 m2 à la Gironde à vendre,880000.0,"['91 m²', '3 Pièces', '2 Chambres', '2 Salles de bains', 'Nouveau', '1er étage']",6,91.0,3.0,2.0,2.0,Nouveau,1.0,15
Appartements Casablanca,Les Hôpitaux à Casablanca,33.58009740386343,-7.615413665771371,Appartement de 112 m2 avec une grande terrasse sur 2 mars,1680000.0,"['112 m²', '3 Pièces', '2 Chambres', '2 Salles de bains', 'Nouveau', '1er étage']",6,112.0,3.0,2.0,2.0,Nouveau,1.0,15
Appartements Casablanca,Les Hôpitaux à Casablanca,33.58010634220034,-7.615199089050435,"Joli Duplexe à vendre de 79,5 m2 sur 2 mars",1287900.0,"['80 m²', '3 Pièces', '2 Chambres', '2 Salles de bains', 'Nouveau', '1er étage']",6,80.0,3.0,2.0,2.0,Nouveau,1.0,15
Maisons Casablanca,Ain Chock à Casablanca,33.5435824731932,-7.60124592678153,Superbe maison à vendre à Ain Chock.,4000000.0,"['100 m²', '4 Pièces', '3 Chambres', '4 Salles de bains', 'Bon état', '20-30 ans']",6,100.0,4.0,3.0,4.0,Bon état,3.0,25
Appartements Casablanca,Bourgogne Est à Casablanca,33.591064046823725,-7.556705474853516,Vente d'un bel appartement à Bourgogne Est. 2 belles chambres. Parking et ascenseur,1050000.0,"['87 m²', '3 Pièces', '2 Chambres', '2 Salles de bains', 'Bon état', '10-20 ans', '1er étage']",7,87.0,3.0,2.0,2.0,Bon état,1.0,15
Appartements Casablanca,Al Azhar à Casablanca,33.56170473792227,-7.630379283521052,Appartement en vente à Al Azhar. Surface totale 84 m²,520000.0,"['84 m²', '5 Pièces', '3 Chambres', '1 Salle de bain', 'Bon état', '2ème étage']",6,84.0,5.0,3.0,1.0,Bon état,2.0,15
Appartements Casablanca,Ain Borja à Casablanca,33.58652382908706,-7.586703300476074,Residence sécurisée à 5mn du centre Tachfine,1150000.0,"['132 m²', '2 Pièces', '2 Chambres', '2 Salles de bains', 'Bon état', '10-20 ans', '5ème étage']",7,132.0,2.0,2.0,2.0,Bon état,5.0,15
Appartements Casablanca,Roches Noires à Casablanca,33.6027183,-7.581340699999998,"Superbe appartement à vendre à Roches Noires. 1 belle chambre. Antenne parabolique, résidence sécurisée",814000.0,"['74 m²', '1 Pièce', '1 Chambre', '1 Salle de bain', 'Bon état']",6,74.0,4.682934712346477,1.0,1.0,Bon état,3.0,15
Villas & maisons de luxe Casablanca,Anfa à Casablanca,33.56170473792227,-7.630379283521052,VILLA Commercial. Surface de 488 m². R+1,4558824.761494253,"['488 m²', '11 Pièces', '9 Chambres', '2 Salles de bains', 'À rénover', '30-50 ans']",6,488.0,11.0,9.0,2.0,À rénover,3.0,40
Appartements Casablanca,Derb Loubila à Casablanca,33.60099650000001,-7.636546699999997,Appartement en vente à Bourgogne,1100000.0,"['87 m²', '2 Pièces', '2 Chambres', '1 Salle de bain', 'Bon état', '10-20 ans', '1er étage']",7,87.0,2.0,2.0,1.0,Bon état,1.0,15
Appartements Casablanca,Sidi Moumen à Casablanca,33.58770359367981,-7.524046897888184,"Vend appartement à Sidi Moumen. 1 Pièce. Salon traditionnel marocain, résidence sécurisée",4558824.761494253,"['67 m²', '1 Pièce', '3 Chambres', '1 Salle de bain', 'Bon état', '4ème étage']",7,67.0,4.682934712346477,3.0,1.0,Bon état,4.0,15
Appartements Casablanca,CIL (Hay Salam) à Casablanca,33.56170473792227,-7.630379283521052,Appartement à vendre au CIL,3100000.0,"['150 m²', '4 Pièces', '2 Chambres', '2 Salles de bains', 'Bon état', ""Moins d'un an"", '2ème étage']",7,150.0,4.0,2.0,2.0,Bon état,2.0,0
Appartements Casablanca,Al Azhar à Casablanca,33.6041768641579,-7.483614799999998,Residance alfath bernoussi,4558824.761494253,"['67 m²', '4 Pièces', '2 Chambres', '1 Salle de bain', 'Bon état', '5-10 ans', '1er étage']",7,67.0,4.0,2.0,1.0,Bon état,1.0,7
Villas & maisons de luxe Casablanca,Anfa à Casablanca,33.596175974504256,-7.657470703125,Villa belle rue calme a anfa 1000m a raser,18500000.0,"['1000 m²', '9 Pièces', '5 Chambres', '5 Salles de bains', 'Nouveau']",5,1000.0,9.0,5.0,5.0,Nouveau,3.0,15
Villas & maisons de luxe Casablanca,El Manar - El Hank à Casablanca,33.56170473792227,-7.630379283521052,Villa habitation ou usage bureau proche de l'ort,12000000.0,"['600 m²', '8 Pièces', '4 Chambres', '5 Salles de bains', 'Nouveau']",5,600.0,8.0,4.0,5.0,Nouveau,3.0,15
Appartements Casablanca,El Manar - El Hank à Casablanca,33.60468568200702,-7.656142542890507,Appartement en vente à El Manar El Hank. 2 chambres. Parking et ascenseur,1100000.0,"['86 m²', '2 Pièces', '2 Chambres', '2 Salles de bains', 'Bon état', '1-5 ans', '1er étage']",7,86.0,2.0,2.0,2.0,Bon état,1.0,3
Appartements Casablanca,Bourgogne Ouest à Casablanca,33.598304662993705,-7.644252777099609,"Bel appartement à vendre à Bourgogne Ouest. Superficie 81 m². Salon traditionnel marocain, résidence sécurisée",1300000.0,"['81 m²', '3 Pièces', '3 Chambres', '2 Salles de bains', 'Nouveau', '5-10 ans', '1er étage']",7,81.0,3.0,3.0,2.0,Nouveau,1.0,7
Appartements Casablanca,Bourgogne Ouest à Casablanca,33.598304662993705,-7.644252777099609,"Appartement sans vis à vis à vendre , Bourgogne",2511000.0,"['186 m²', '4 Pièces', '3 Chambres', '2 Salles de bains', 'Bon état']",5,186.0,4.0,3.0,2.0,Bon état,3.0,15
Appartements Casablanca,Bourgogne Ouest à Casablanca,33.598304662993705,-7.644252777099609,Appartement à Vendre à Bourgogne,2850000.0,"['219 m²', '4 Pièces', '3 Chambres', '2 Salles de bains', 'Bon état', '10-20 ans', '3ème étage']",7,219.0,4.0,3.0,2.0,Bon état,3.0,15
Appartements Casablanca,Gauthier à Casablanca,33.56170473792227,-7.630379283521052,Studios Neufs à Vendre à Gauthier,1500000.0,"['74 m²', '2 Pièces', '1 Chambre', '1 Salle de bain', 'Nouveau', ""Moins d'un an"", '1er étage']",7,74.0,2.0,1.0,1.0,Nouveau,1.0,0
Appartements Casablanca,Bourgogne Ouest à Casablanca,33.598304662993705,-7.644252777099609,Studio à l'achat à Casablanca. Superficie 50 m². Ascenseur et stationnement,816000.0,"['48 m²', '2 Pièces', '1 Chambre', '2 Salles de bains', 'Nouveau']",5,48.0,2.0,1.0,2.0,Nouveau,3.0,15
Villas & maisons de luxe Casablanca,Ain Diab à Casablanca,33.56170473792227,-7.630379283521052,Entierement renove rare,13000000.0,"['760 m²', '4 Chambres', '4 Salles de bains']",4,760.0,4.682934712346477,4.0,2.306532663316583,Bon état,3.0,15
Villas & maisons de luxe Casablanca,Ain Diab à Casablanca,33.58630932470067,-7.671375274658203,Vieux ain diab,17000000.0,"['550 m²', '4 Chambres', '3 Salles de bains']",4,550.0,4.682934712346477,4.0,2.306532663316583,Bon état,3.0,15
Villas & maisons de luxe Casablanca,Casablanca,33.57601248704883,-7.603912353515625,Villa moderne en plein cil et calme,15800000.0,"['500 m²', '5 Chambres', '3 Salles de bains']",4,500.0,4.682934712346477,5.0,2.306532663316583,Bon état,3.0,15
Appartements Casablanca,Racine Extension à Casablanca,33.56170473792227,-7.630379283521052,Romandie tout renové,1650000.0,"['110 m²', '2 Chambres', '2 Salles de bains', '3ème étage']",5,110.0,4.682934712346477,2.0,2.0,Bon état,3.0,15
Appartements Casablanca,Maârif à Casablanca,33.58676336567893,-7.642317855539431,Superbe appartement affaire à vendre à racine,2800000.0,"['163 m²', '5 Pièces', '3 Chambres', '3 Salles de bains', 'À rénover', '10-20 ans', '2ème étage']",7,163.0,5.0,3.0,3.0,À rénover,2.0,15
Appartements Casablanca,Racine à Casablanca,33.592458238962855,-7.648158073425293,Racine 410m² en duplex avec terrasse.,7000000.0,"['410 m²', '4 Pièces', '2 Chambres', '2 Salles de bains', 'Bon état']",5,410.0,4.0,2.0,2.0,Bon état,3.0,15
Appartements Casablanca,Aïn Sebaâ à Casablanca,33.605926999999994,-7.523754800000006,Bel appartement à vendre à Aïn Sebaâ. Surface de 84 m². Espace vert,750000.0,"['84 m²', '4 Pièces', '2 Chambres', '1 Salle de bain', 'Bon état', '10-20 ans', '3ème étage']",7,84.0,4.0,2.0,1.0,Bon état,3.0,15
Appartements Casablanca,Anfa à Casablanca,33.56170473792227,-7.630379283521052,Anfa vente appartement balcon 133 m²,2150000.0,"['133 m²', '4 Pièces', '3 Chambres', '2 Salles de bains', 'Bon état', '4ème étage']",6,133.0,4.0,3.0,2.0,Bon état,4.0,15
Villas & maisons de luxe Casablanca,Californie à Casablanca,33.53595755299843,-7.625627517700195,Californie vente villa jardin piscine 1200 m²,14000000.0,"['1200 m²', '6 Pièces', '5 Chambres', '4 Salles de bains', 'Bon état']",5,1200.0,6.0,5.0,4.0,Bon état,3.0,15
Appartements Casablanca,Racine à Casablanca,33.592458238962855,-7.648158073425293,PRODUIT RARE Duplex neuf dernier étage terrasse,3250000.0,"['123 m²', '3 Pièces', '2 Chambres', '3 Salles de bains', 'Nouveau', ""Moins d'un an"", '5ème étage']",7,123.0,3.0,2.0,3.0,Nouveau,5.0,0
Appartements Casablanca,Triangle d'Or à Casablanca,33.56170473792227,-7.630379283521052,Très bel appartement de 150 m² au triangle d'or,2750000.0,"['150 m²', '5 Pièces', '3 Chambres', '2 Salles de bains', 'Bon état', '10-20 ans', '1er étage']",7,150.0,5.0,3.0,2.0,Bon état,1.0,15
Appartements Casablanca,Maârif Extension à Casablanca,33.57987394514173,-7.646827697753906,Appartement maarif extention A SAISIR bas prix,1890000.0,"['290 m²', '5 Pièces', '3 Chambres', '2 Salles de bains', 'Bon état', '5-10 ans']",6,290.0,5.0,3.0,2.0,Bon état,3.0,7
Appartements Casablanca,Racine à Casablanca,33.125368726446304,-7.856357539672842,Produit Rare Vente Grand Duplex Racine 4 Ch,4900000.0,"['318 m²', '5 Pièces', '4 Chambres', '3 Salles de bains', 'Bon état', '10-20 ans', '2ème étage']",7,318.0,5.0,4.0,3.0,Bon état,2.0,15
Appartements Casablanca,Al Hadika à Casablanca,33.5794468784035,-7.509896521506874,Apprtement 1 er etage,860000.0,"['96 m²', '4 Pièces', '3 Chambres', '2 Salles de bains', 'Bon état', '1-5 ans', '1er étage']",7,96.0,4.0,3.0,2.0,Bon état,1.0,3
Appartements Casablanca,Franceville à Casablanca,33.56693022877625,-7.631549835205078,Duplex à vendre à BD anoual rez de chaussée et premier étage 2 jardin,11000.0,"['249 m²', '8 Pièces', '5 Chambres', '3 Salles de bains', 'Bon état', '10-20 ans', '1er étage']",7,249.0,8.0,5.0,3.0,Bon état,1.0,15
Appartements Casablanca,Palmier à Casablanca,33.58230514493684,-7.630155086517135,"Appartement ZERO TRAVAUX à prévoir, ENSOLEILLE",3100000.0,"['168 m²', '4 Pièces', '3 Chambres', '2 Salles de bains', 'Bon état', '3ème étage']",6,168.0,4.0,3.0,2.0,Bon état,3.0,15
Appartements Casablanca,Oulfa à Casablanca,33.550774678460385,-7.697961330413676,Appartement de 85m² en vente Résidence New City,892500.0,"['85 m²', '3 Pièces', '2 Chambres', '2 Salles de bains']",4,85.0,3.0,2.0,2.306532663316583,Bon état,3.0,15
Appartements Casablanca,El Manar - El Hank à Casablanca,33.604041673774326,-7.655426859855709,"Appartement de 104m² en vente, Les terrasses d'anfa",4558824.761494253,"['104 m²', '4 Pièces', '3 Chambres', '2 Salles de bains', 'Nouveau']",5,104.0,4.0,3.0,2.0,Nouveau,3.0,15
Appartements Casablanca,Maârif à Casablanca,33.56170473792227,-7.630379283521052,Appartement de 103m² en vente Résidence Ô Maarif,2108500.0,"['103 m²', '3 Pièces', '2 Chambres', 'Nouveau', '2ème étage']",6,103.0,3.0,2.0,2.306532663316583,Nouveau,2.0,15
Appartements Casablanca,Aïn Sebaâ à Casablanca,33.613068914837,-7.525504278639175,"Studio 50m² en vente, Résidence En-Nour",550000.0,"['50 m²', '3 Pièces', '1 Chambre', '1 Salle de bain', 'Nouveau', ""Moins d'un an"", '4ème étage']",7,50.0,3.0,1.0,1.0,Nouveau,4.0,0
Appartements Casablanca,Roches Noires à Casablanca,33.56170473792227,-7.630379283521052,"Superbe appartement à vendre à Roches Noires. Superficie 70 m². Salon Marocain, sécurité",4558824.761494253,"['70 m²', '3 Pièces', '2 Chambres', '1 Salle de bain', 'Nouveau', '1-5 ans', '1er étage']",7,70.0,3.0,2.0,1.0,Nouveau,1.0,3
Villas & maisons de luxe Casablanca,Ain Diab Extension à Casablanca,33.57815776287343,-7.692489624023437,Jolie villa bien ensoleillée,7700000.0,"['400 m²', '6 Pièces', '4 Chambres', '4 Salles de bains', 'Bon état', '5-10 ans']",6,400.0,6.0,4.0,4.0,Bon état,3.0,7
Appartements Casablanca,Triangle d'Or à Casablanca,33.58843957752416,-7.634968348670213,Appartement à l'achat à Casablanca. Surface totale 185 m². Ascenseur et places de parking,2750000.0,"['185 m²', '4 Pièces', '3 Chambres', '3 Salles de bains', 'Bon état']",5,185.0,4.0,3.0,3.0,Bon état,3.0,15
Maisons Casablanca,Anassi à Casablanca,33.56170473792227,-7.630379283521052,Maison à acheter à Anassi. Surface de 84 m².,500000.0,"['84 m²', '4 Pièces', '2 Chambres', '1 Salle de bain', 'Bon état', '1-5 ans']",6,84.0,4.0,2.0,1.0,Bon état,3.0,3
Appartements Casablanca,Mers Sultan à Casablanca,33.570156303866966,-7.609891391884787,"Appartement entièrement rénové!! Á vendre, á 2Mars",1600000.0,"['132 m²', '8 Pièces', '3 Chambres', '2 Salles de bains', 'Bon état', ""Moins d'un an"", '1er étage']",7,132.0,8.0,3.0,2.0,Bon état,1.0,0
Appartements Casablanca,Sidi Moumen à Casablanca,33.56170473792227,-7.630379283521052,Vend appartement à Sidi Moumen. Surface totale 84 m².,4558824.761494253,"['84 m²', '2 Pièces', '1 Chambre', '1 Salle de bain', 'Nouveau', ""Moins d'un an""]",6,84.0,2.0,1.0,1.0,Nouveau,3.0,0
Appartements Casablanca,Les Hôpitaux à Casablanca,33.581599790184164,-7.623044342978119,Appartement à vendre Quartier des Hôpitaux,2500000.0,"['153 m²', '4 Pièces', '3 Chambres', '2 Salles de bains', 'À rénover', '10-20 ans', '8ème étage']",7,153.0,4.0,3.0,2.0,À rénover,8.0,15
Appartements Casablanca,CIL (Hay Salam) à Casablanca,33.56170473792227,-7.630379283521052,Appartement vente et Location,2500000.0,"['136 m²', '4 Pièces', '3 Chambres', '2 Salles de bains', 'Bon état', '5-10 ans', '3ème étage']",7,136.0,4.0,3.0,2.0,Bon état,3.0,7
Appartements Casablanca,Hay Zobir à Casablanca,33.583556471073265,-7.579107284545898,Appart à vendre Ryad El Menzeh Prestige El Oulfa,1060000.0,"['101 m²', '4 Pièces', '3 Chambres', '2 Salles de bains', 'Nouveau', '5-10 ans', '5ème étage']",7,101.0,4.0,3.0,2.0,Nouveau,5.0,7
Appartements Casablanca,Bourgogne Ouest à Casablanca,33.598304662993705,-7.644252777099609,"Appartement sans vis à vis à vendre , Bourgogne",2511000.0,"['186 m²', '4 Pièces', '3 Chambres', '2 Salles de bains', 'Bon état']",5,186.0,4.0,3.0,2.0,Bon état,3.0,15
Appartements Casablanca,Bourgogne Ouest à Casablanca,33.598304662993705,-7.644252777099609,Appartement à Vendre à Bourgogne,2850000.0,"['219 m²', '4 Pièces', '3 Chambres', '2 Salles de bains', 'Bon état', '10-20 ans', '3ème étage']",7,219.0,4.0,3.0,2.0,Bon état,3.0,15
Appartements Casablanca,Gauthier à Casablanca,33.56170473792227,-7.630379283521052,Studios Neufs à Vendre à Gauthier,1500000.0,"['74 m²', '2 Pièces', '1 Chambre', '1 Salle de bain', 'Nouveau', ""Moins d'un an"", '1er étage']",7,74.0,2.0,1.0,1.0,Nouveau,1.0,0
Appartements Casablanca,Bourgogne Ouest à Casablanca,33.56170473792227,-7.630379283521052,Studio à l'achat à Casablanca. Superficie 50 m². Ascenseur et stationnement,816000.0,"['48 m²', '2 Pièces', '1 Chambre', '2 Salles de bains', 'Nouveau']",5,48.0,2.0,1.0,2.0,Nouveau,3.0,15
Villas & maisons de luxe Casablanca,Ain Diab à Casablanca,33.58630932470067,-7.671375274658203,Entierement renove rare,13000000.0,"['760 m²', '4 Chambres', '4 Salles de bains']",4,760.0,4.682934712346477,4.0,2.306532663316583,Bon état,3.0,15
Villas & maisons de luxe Casablanca,Ain Diab à Casablanca,33.58630932470067,-7.671375274658203,Vieux ain diab,17000000.0,"['550 m²', '4 Chambres', '3 Salles de bains']",4,550.0,4.682934712346477,4.0,2.306532663316583,Bon état,3.0,15
Villas & maisons de luxe Casablanca,Casablanca,33.56170473792227,-7.630379283521052,Villa moderne en plein cil et calme,15800000.0,"['500 m²', '5 Chambres', '3 Salles de bains']",4,500.0,4.682934712346477,5.0,2.306532663316583,Bon état,3.0,15
Appartements Casablanca,Racine Extension à Casablanca,33.56170473792227,-7.630379283521052,Romandie tout renové,1650000.0,"['110 m²', '2 Chambres', '2 Salles de bains', '3ème étage']",5,110.0,4.682934712346477,2.0,2.0,Bon état,3.0,15
Appartements Casablanca,Maârif à Casablanca,33.58676336567893,-7.642317855539431,Superbe appartement affaire à vendre à racine,2800000.0,"['163 m²', '5 Pièces', '3 Chambres', '3 Salles de bains', 'À rénover', '10-20 ans', '2ème étage']",7,163.0,5.0,3.0,3.0,À rénover,2.0,15
Appartements Casablanca,Racine à Casablanca,33.592458238962855,-7.648158073425293,Racine 410m² en duplex avec terrasse.,7000000.0,"['410 m²', '4 Pièces', '2 Chambres', '2 Salles de bains', 'Bon état']",5,410.0,4.0,2.0,2.0,Bon état,3.0,15
Appartements Casablanca,Aïn Sebaâ à Casablanca,33.605926999999994,-7.523754800000006,Bel appartement à vendre à Aïn Sebaâ. Surface de 84 m². Espace vert,750000.0,"['84 m²', '4 Pièces', '2 Chambres', '1 Salle de bain', 'Bon état', '10-20 ans', '3ème étage']",7,84.0,4.0,2.0,1.0,Bon état,3.0,15
Appartements Casablanca,Anfa à Casablanca,33.596175974504256,-7.657470703125,Anfa vente appartement balcon 133 m²,2150000.0,"['133 m²', '4 Pièces', '3 Chambres', '2 Salles de bains', 'Bon état', '4ème étage']",6,133.0,4.0,3.0,2.0,Bon état,4.0,15
Villas & maisons de luxe Casablanca,Californie à Casablanca,33.56170473792227,-7.630379283521052,Californie vente villa jardin piscine 1200 m²,14000000.0,"['1200 m²', '6 Pièces', '5 Chambres', '4 Salles de bains', 'Bon état']",5,1200.0,6.0,5.0,4.0,Bon état,3.0,15
Appartements Casablanca,Racine à Casablanca,33.592458238962855,-7.648158073425293,PRODUIT RARE Duplex neuf dernier étage terrasse,3250000.0,"['123 m²', '3 Pièces', '2 Chambres', '3 Salles de bains', 'Nouveau', ""Moins d'un an"", '5ème étage']",7,123.0,3.0,2.0,3.0,Nouveau,5.0,0
Appartements Casablanca,Triangle d'Or à Casablanca,33.56170473792227,-7.630379283521052,Très bel appartement de 150 m² au triangle d'or,2750000.0,"['150 m²', '5 Pièces', '3 Chambres', '2 Salles de bains', 'Bon état', '10-20 ans', '1er étage']",7,150.0,5.0,3.0,2.0,Bon état,1.0,15
Appartements Casablanca,Maârif Extension à Casablanca,33.57987394514173,-7.646827697753906,Appartement maarif extention A SAISIR bas prix,1890000.0,"['290 m²', '5 Pièces', '3 Chambres', '2 Salles de bains', 'Bon état', '5-10 ans']",6,290.0,5.0,3.0,2.0,Bon état,3.0,7
Appartements Casablanca,Racine à Casablanca,33.125368726446304,-7.856357539672842,Produit Rare Vente Grand Duplex Racine 4 Ch,4900000.0,"['318 m²', '5 Pièces', '4 Chambres', '3 Salles de bains', 'Bon état', '10-20 ans', '2ème étage']",7,318.0,5.0,4.0,3.0,Bon état,2.0,15
Appartements Casablanca,Al Hadika à Casablanca,33.5794468784035,-7.509896521506874,Apprtement 1 er etage,860000.0,"['96 m²', '4 Pièces', '3 Chambres', '2 Salles de bains', 'Bon état', '1-5 ans', '1er étage']",7,96.0,4.0,3.0,2.0,Bon état,1.0,3
Appartements Casablanca,Franceville à Casablanca,33.56170473792227,-7.630379283521052,Duplex à vendre à BD anoual rez de chaussée et premier étage 2 jardin,11000.0,"['249 m²', '8 Pièces', '5 Chambres', '3 Salles de bains', 'Bon état', '10-20 ans', '1er étage']",7,249.0,8.0,5.0,3.0,Bon état,1.0,15
Appartements Casablanca,Palmier à Casablanca,33.58230514493684,-7.630155086517135,"Appartement ZERO TRAVAUX à prévoir, ENSOLEILLE",3100000.0,"['168 m²', '4 Pièces', '3 Chambres', '2 Salles de bains', 'Bon état', '3ème étage']",6,168.0,4.0,3.0,2.0,Bon état,3.0,15
Appartements Casablanca,Oulfa à Casablanca,33.550774678460385,-7.697961330413676,Appartement de 85m² en vente Résidence New City,892500.0,"['85 m²', '3 Pièces', '2 Chambres', '2 Salles de bains']",4,85.0,3.0,2.0,2.306532663316583,Bon état,3.0,15
Appartements Casablanca,El Manar - El Hank à Casablanca,33.604041673774326,-7.655426859855709,"Appartement de 104m² en vente, Les terrasses d'anfa",4558824.761494253,"['104 m²', '4 Pièces', '3 Chambres', '2 Salles de bains', 'Nouveau']",5,104.0,4.0,3.0,2.0,Nouveau,3.0,15
Appartements Casablanca,Maârif à Casablanca,33.56170473792227,-7.630379283521052,Appartement de 103m² en vente Résidence Ô Maarif,2108500.0,"['103 m²', '3 Pièces', '2 Chambres', 'Nouveau', '2ème étage']",6,103.0,3.0,2.0,2.306532663316583,Nouveau,2.0,15
Appartements Casablanca,Aïn Sebaâ à Casablanca,33.613068914837,-7.525504278639175,"Studio 50m² en vente, Résidence En-Nour",550000.0,"['50 m²', '3 Pièces', '1 Chambre', '1 Salle de bain', 'Nouveau', ""Moins d'un an"", '4ème étage']",7,50.0,3.0,1.0,1.0,Nouveau,4.0,0
Appartements Casablanca,Roches Noires à Casablanca,33.56170473792227,-7.630379283521052,"Superbe appartement à vendre à Roches Noires. Superficie 70 m². Salon Marocain, sécurité",4558824.761494253,"['70 m²', '3 Pièces', '2 Chambres', '1 Salle de bain', 'Nouveau', '1-5 ans', '1er étage']",7,70.0,3.0,2.0,1.0,Nouveau,1.0,3
Villas & maisons de luxe Casablanca,Ain Diab Extension à Casablanca,33.57815776287343,-7.692489624023437,Jolie villa bien ensoleillée,7700000.0,"['400 m²', '6 Pièces', '4 Chambres', '4 Salles de bains', 'Bon état', '5-10 ans']",6,400.0,6.0,4.0,4.0,Bon état,3.0,7
Appartements Casablanca,Triangle d'Or à Casablanca,33.58843957752416,-7.634968348670213,Appartement à l'achat à Casablanca. Surface totale 185 m². Ascenseur et places de parking,2750000.0,"['185 m²', '4 Pièces', '3 Chambres', '3 Salles de bains', 'Bon état']",5,185.0,4.0,3.0,3.0,Bon état,3.0,15
Maisons Casablanca,Anassi à Casablanca,33.56170473792227,-7.630379283521052,Maison à acheter à Anassi. Surface de 84 m².,500000.0,"['84 m²', '4 Pièces', '2 Chambres', '1 Salle de bain', 'Bon état', '1-5 ans']",6,84.0,4.0,2.0,1.0,Bon état,3.0,3
Appartements Casablanca,Mers Sultan à Casablanca,33.570156303866966,-7.609891391884787,"Appartement entièrement rénové!! Á vendre, á 2Mars",1600000.0,"['132 m²', '8 Pièces', '3 Chambres', '2 Salles de bains', 'Bon état', ""Moins d'un an"", '1er étage']",7,132.0,8.0,3.0,2.0,Bon état,1.0,0
Appartements Casablanca,Sidi Moumen à Casablanca,33.56170473792227,-7.630379283521052,Vend appartement à Sidi Moumen. Surface totale 84 m².,4558824.761494253,"['84 m²', '2 Pièces', '1 Chambre', '1 Salle de bain', 'Nouveau', ""Moins d'un an""]",6,84.0,2.0,1.0,1.0,Nouveau,3.0,0
Appartements Casablanca,Les Hôpitaux à Casablanca,33.581599790184164,-7.623044342978119,Appartement à vendre Quartier des Hôpitaux,2500000.0,"['153 m²', '4 Pièces', '3 Chambres', '2 Salles de bains', 'À rénover', '10-20 ans', '8ème étage']",7,153.0,4.0,3.0,2.0,À rénover,8.0,15
Appartements Casablanca,CIL (Hay Salam) à Casablanca,33.56170473792227,-7.630379283521052,Appartement vente et Location,2500000.0,"['136 m²', '4 Pièces', '3 Chambres', '2 Salles de bains', 'Bon état', '5-10 ans', '3ème étage']",7,136.0,4.0,3.0,2.0,Bon état,3.0,7
Appartements Casablanca,Hay Zobir à Casablanca,33.56170473792227,-7.630379283521052,Appart à vendre Ryad El Menzeh Prestige El Oulfa,1060000.0,"['101 m²', '4 Pièces', '3 Chambres', '2 Salles de bains', 'Nouveau', '5-10 ans', '5ème étage']",7,101.0,4.0,3.0,2.0,Nouveau,5.0,7
Appartements Casablanca,Californie à Casablanca,33.53595755299843,-7.625627517700195,Appartement 2 ch 100 m2 Rés. Du Lac Californie,1300000.0,"['100 m²', '4 Pièces', '2 Chambres', '2 Salles de bains', 'Bon état', '10-20 ans', '3ème étage']",7,100.0,4.0,2.0,2.0,Bon état,3.0,15
Appartements Casablanca,Al Qods à Casablanca,33.621315100000004,-7.485869500000007,Vend appartement à Al Qods. Surface de 76 m². Ascenseur et garage,720000.0,"['76 m²', '4 Pièces', '3 Chambres', '1 Salle de bain', 'Bon état', '5-10 ans', '4ème étage']",7,76.0,4.0,3.0,1.0,Bon état,4.0,7
Maisons Casablanca,Sidi Maarouf à Casablanca,33.51821300640254,-7.644338607788086,Très bel maison avendre R+4+cave Neuf à sidi maarof,2750000.0,"['320 m²', '8 Pièces', '5 Chambres', '5 Salles de bains', 'Bon état', '1-5 ans']",6,320.0,8.0,5.0,5.0,Bon état,3.0,3
Appartements Casablanca,Oulfa à Casablanca,33.56170473792227,-7.630379283521052,Appartement en très bon état vendre,640000.0,"['74 m²', '3 Pièces', '2 Chambres', '2 Salles de bains', 'Bon état', '10-20 ans', '3ème étage']",7,74.0,3.0,2.0,2.0,Bon état,3.0,15
Appartements Casablanca,Oulfa à Casablanca,33.56170473792227,-7.630379283521052,Appartement en Vente à Casablanca OULFA,320000.0,"['50 m²', '1 Pièce', '2 Chambres', '1 Salle de bain', 'Nouveau', '1-5 ans']",7,50.0,4.682934712346477,2.0,1.0,Nouveau,3.0,3
Appartements Casablanca,La Gironde à Casablanca,33.58505803848486,-7.601637840270996,Bel Appartement a vendre a Casablanca,1150000.0,"['109 m²', '4 Pièces', '3 Chambres', '2 Salles de bains', 'Bon état', '5-10 ans', '3ème étage']",7,109.0,4.0,3.0,2.0,Bon état,3.0,7
Villas & maisons de luxe Casablanca,Californie à Casablanca,33.56170473792227,-7.630379283521052,Villa à vendre à californie,8000000.0,"['510 m²', '13 Pièces', '4 Chambres', '3 Salles de bains', 'Bon état', '10-20 ans']",6,510.0,13.0,4.0,3.0,Bon état,3.0,15
Appartements Casablanca,Racine à Casablanca,33.56170473792227,-7.630379283521052,Bel Appartement de 176m2 racine,4000000.0,"['176 m²', '6 Pièces', '3 Chambres', '3 Salles de bains', 'Bon état', '10-20 ans', '5ème étage']",7,176.0,6.0,3.0,3.0,Bon état,5.0,15
Appartements Casablanca,Bourgogne Est à Casablanca,33.6008128653725,-7.636478394269829,Appartement en vente à Bourgogne,10000.0,"['172 m²', '7 Pièces', '5 Chambres', '2 Salles de bains', 'Bon état', '5ème étage']",6,172.0,7.0,5.0,2.0,Bon état,5.0,15
Appartements Casablanca,Racine à Casablanca,33.56170473792227,-7.630379283521052,Vente magnifique appartement 180m² Racine,3600000.0,"['180 m²', '5 Pièces', '3 Chambres', '2 Salles de bains', 'Bon état']",5,180.0,5.0,3.0,2.0,Bon état,3.0,15
Appartements Casablanca,Les princesses à Casablanca,33.56170473792227,-7.630379283521052,Résidence Neuve Haut Standing Appts ~110m²,2150000.0,"['108 m²', '6 Pièces', '2 Chambres', '2 Salles de bains', 'Nouveau', ""Moins d'un an"", '4ème étage']",7,108.0,6.0,2.0,2.0,Nouveau,4.0,0
Appartements Casablanca,Al Qods à Casablanca,33.614709365249574,-7.484031200000004,Appartement à vendre à Al Qods. 2 chambres. Garage et terrasse,820000.0,"['89 m²', '2 Pièces', '2 Chambres', '2 Salles de bains', 'Bon état', '5-10 ans']",6,89.0,2.0,2.0,2.0,Bon état,3.0,7
Appartements Casablanca,Ferme Bretonne (Hay Arraha) à Casablanca,33.5608510182527,-7.647085189819336,Résidence Neuve Haut Standing Apts & Duplex ~160m²,2500000.0,"['150 m²', '8 Pièces', '3 Chambres', '3 Salles de bains', 'Nouveau', ""Moins d'un an""]",6,150.0,8.0,3.0,3.0,Nouveau,3.0,0
Appartements Casablanca,Ferme Bretonne (Hay Arraha) à Casablanca,33.5608510182527,-7.647085189819336,Magnifiques Appts & Duplexes FERME BRETONNE,2500000.0,"['132 m²', '8 Pièces', '3 Chambres', '2 Salles de bains', 'Nouveau', ""Moins d'un an"", '4ème étage']",7,132.0,8.0,3.0,2.0,Nouveau,4.0,0
Villas & maisons de luxe Casablanca,Longchamps (Hay Al Hanâa) à Casablanca,33.57751418572474,-7.664079666137695,Good deal villa 972m² plein sud longchamps,13500000.0,"['972 m²', '12 Pièces', '4 Chambres', '4 Salles de bains', 'À rénover', '20-30 ans']",6,972.0,12.0,4.0,4.0,À rénover,3.0,25
Appartements Casablanca,Racine à Casablanca,33.591362294665075,-7.63751877846488,Vend appartement de 3 ch. sur 112m² en plein racine (Top Situation).,2200000.0,"['112 m²', '4 Pièces', '3 Chambres', '3 Salles de bains', 'Bon état', '10-20 ans', '5ème étage']",7,112.0,4.0,3.0,3.0,Bon état,5.0,15
Appartements Casablanca,Maârif Extension à Casablanca,33.57987394514173,-7.646827697753906,Studio à vendre à Maarif ext Forat,950000.0,"['55 m²', '1 Pièce', '1 Chambre', '1 Salle de bain', 'Bon état', '1-5 ans', '2ème étage']",8,55.0,4.682934712346477,1.0,1.0,Bon état,3.0,3
Appartements Casablanca,Maârif à Casablanca,33.58891909184202,-7.635154724121037,Superbe Duplex quartier Racine,4900000.0,"['318 m²', '7 Pièces', '5 Chambres', '4 Salles de bains', 'Bon état', '1-5 ans', '3ème étage']",7,318.0,7.0,5.0,4.0,Bon état,3.0,3
Villas & maisons de luxe Casablanca,Longchamps (Hay Al Hanâa) à Casablanca,33.57751418572474,-7.664079666137695,Vente villa de luxe moderne à Longchamps,16000000.0,"['525 m²', '7 Pièces', '4 Chambres', '6 Salles de bains', 'Nouveau', ""Moins d'un an""]",6,525.0,7.0,4.0,6.0,Nouveau,3.0,0
Villas & maisons de luxe Casablanca,Californie à Casablanca,33.53595755299843,-7.625627517700195,À vendre une luxueuse villa très moderne à Californie avec 6 chambres piscine et un grand jardin,4558824.761494253,"['1850 m²', '10 Pièces', '6 Chambres', '7 Salles de bains', 'Nouveau', '1-5 ans']",6,1850.0,10.0,6.0,7.0,Nouveau,3.0,3
Appartements Casablanca,Quartier Cheminots à Casablanca,33.60196674334238,-7.603354454040527,"Superbe appartement à vendre à Quartier Cheminots. Surface totale 82 m². Antenne parabolique, résidence sécurisée",4558824.761494253,"['82 m²', '6 Pièces', '2 Chambres', '1 Salle de bain', 'Bon état', '1er étage']",6,82.0,6.0,2.0,1.0,Bon état,1.0,15
Appartements Casablanca,Oulfa à Casablanca,33.56170473792227,-7.630379283521052,Appartement en vente à Oulfa. 2 chambres agréables. Cuisine équipée,500000.0,"['57 m²', '3 Pièces', '2 Chambres', '2 Salles de bains', 'Bon état', '1-5 ans', '1er étage']",7,57.0,3.0,2.0,2.0,Bon état,1.0,3
Appartements Casablanca,Oulfa à Casablanca,33.54566061560706,-7.697866950184107,Vend appartement à allience darna oulfa. Surface totale 52 m². Porte blindée,300000.0,"['52 m²', '3 Pièces', '2 Chambres', '1 Salle de bain', 'Bon état', '1-5 ans']",6,52.0,3.0,2.0,1.0,Bon état,3.0,3
Appartements Casablanca,Triangle d'Or à Casablanca,33.56170473792227,-7.630379283521052,Appartement triangle d'or,4200000.0,"['204 m²', '4 Pièces', '3 Chambres', '3 Salles de bains']",4,204.0,4.0,3.0,2.306532663316583,Bon état,3.0,15
Appartements Casablanca,Sidi Maarouf à Casablanca,33.56170473792227,-7.630379283521052,Apprt à vendre se trouvé à moustakbale,370000.0,"['55 m²', '3 Pièces', '2 Chambres', '2 Salles de bains', 'Bon état', '4ème étage']",6,55.0,3.0,2.0,2.0,Bon état,4.0,15
Appartements Casablanca,Mers Sultan à Casablanca,32.34023266790936,-7.437744140625,Appartement à vendre centre ville 4ème étage,1000000.0,"['71 m²', '4 Pièces', '2 Chambres', '1 Salle de bain', 'Bon état', '4ème étage']",6,71.0,4.0,2.0,1.0,Bon état,4.0,15
Appartements Casablanca,Maârif Extension à Casablanca,33.57987394514173,-7.646827697753906,Luxueux Appartement à Vendre sur Maarif Extention,2500000.0,"['161 m²', '3 Pièces', '2 Chambres', '2 Salles de bains', 'Bon état', '3ème étage']",6,161.0,3.0,2.0,2.0,Bon état,3.0,15
Villas & maisons de luxe Casablanca,Ain Diab à Casablanca,33.56170473792227,-7.630379283521052,Incroyable Villa Moderne à vendre à Ain Diab,11950000.0,"['567 m²', '10 Pièces', '4 Chambres', '4 Salles de bains', 'Bon état']",5,567.0,10.0,4.0,4.0,Bon état,3.0,15
Villas & maisons de luxe Casablanca,Ain Diab à Casablanca,33.58630932470067,-7.671375274658203,Belle Villa en vente á Ain Diab,9500000.0,"['414 m²', '10 Pièces', '4 Chambres', '4 Salles de bains', 'Bon état', '10-20 ans']",6,414.0,10.0,4.0,4.0,Bon état,3.0,15
Appartements Casablanca,Californie à Casablanca,33.53595755299843,-7.625627517700195,Bel Appartement spacieux à vendre en Californie,1780000.0,"['110 m²', '4 Pièces', '3 Chambres', '2 Salles de bains', 'Bon état', '5ème étage']",6,110.0,4.0,3.0,2.0,Bon état,5.0,15
Maisons Casablanca,Oulfa à Casablanca,33.54541862997427,-7.677565813064803,Maison a vendre,2500000.0,"['83 m²', '7 Pièces', '3 Chambres', '4 Salles de bains', 'Bon état', '5-10 ans']",6,83.0,7.0,3.0,4.0,Bon état,3.0,7
Appartements Casablanca,Hay Mohammadi à Casablanca,33.56170473792227,-7.630379283521052,Vend appartement à Hay Mohammadi. Superficie 98 m². Belle terrasse.,660000.0,"['98 m²', '3 Pièces', '2 Chambres', '1 Salle de bain', 'Bon état', '20-30 ans', '1er étage']",7,98.0,3.0,2.0,1.0,Bon état,1.0,25
Appartements Casablanca,Gauthier à Casablanca,33.56170473792227,-7.630379283521052,Gauthier vente appartement balcon 200 m²,3000000.0,"['200 m²', '4 Pièces', '3 Chambres', '2 Salles de bains', 'Bon état']",5,200.0,4.0,3.0,2.0,Bon état,3.0,15
Appartements Casablanca,Californie à Casablanca,33.53595755299843,-7.625627517700195,Appartement 2 ch 100 m2 Rés. Du Lac Californie,1300000.0,"['100 m²', '4 Pièces', '2 Chambres', '2 Salles de bains', 'Bon état', '10-20 ans', '3ème étage']",7,100.0,4.0,2.0,2.0,Bon état,3.0,15
Appartements Casablanca,Al Qods à Casablanca,33.621315100000004,-7.485869500000007,Vend appartement à Al Qods. Surface de 76 m². Ascenseur et garage,720000.0,"['76 m²', '4 Pièces', '3 Chambres', '1 Salle de bain', 'Bon état', '5-10 ans', '4ème étage']",7,76.0,4.0,3.0,1.0,Bon état,4.0,7
Maisons Casablanca,Sidi Maarouf à Casablanca,33.51821300640254,-7.644338607788086,Très bel maison avendre R+4+cave Neuf à sidi maarof,2750000.0,"['320 m²', '8 Pièces', '5 Chambres', '5 Salles de bains', 'Bon état', '1-5 ans']",6,320.0,8.0,5.0,5.0,Bon état,3.0,3
Appartements Casablanca,Oulfa à Casablanca,33.56170473792227,-7.630379283521052,Appartement en très bon état vendre,640000.0,"['74 m²', '3 Pièces', '2 Chambres', '2 Salles de bains', 'Bon état', '10-20 ans', '3ème étage']",7,74.0,3.0,2.0,2.0,Bon état,3.0,15
Appartements Casablanca,Oulfa à Casablanca,33.56170473792227,-7.630379283521052,Appartement en Vente à Casablanca OULFA,320000.0,"['50 m²', '1 Pièce', '2 Chambres', '1 Salle de bain', 'Nouveau', '1-5 ans']",7,50.0,4.682934712346477,2.0,1.0,Nouveau,3.0,3
Appartements Casablanca,La Gironde à Casablanca,33.56170473792227,-7.630379283521052,Bel Appartement a vendre a Casablanca,1150000.0,"['109 m²', '4 Pièces', '3 Chambres', '2 Salles de bains', 'Bon état', '5-10 ans', '3ème étage']",7,109.0,4.0,3.0,2.0,Bon état,3.0,7
Villas & maisons de luxe Casablanca,Californie à Casablanca,33.53595755299843,-7.625627517700195,Villa à vendre à californie,8000000.0,"['510 m²', '13 Pièces', '4 Chambres', '3 Salles de bains', 'Bon état', '10-20 ans']",6,510.0,13.0,4.0,3.0,Bon état,3.0,15
Appartements Casablanca,Racine à Casablanca,33.592458238962855,-7.648158073425293,Bel Appartement de 176m2 racine,4000000.0,"['176 m²', '6 Pièces', '3 Chambres', '3 Salles de bains', 'Bon état', '10-20 ans', '5ème étage']",7,176.0,6.0,3.0,3.0,Bon état,5.0,15
Appartements Casablanca,Bourgogne Est à Casablanca,33.6008128653725,-7.636478394269829,Appartement en vente à Bourgogne,10000.0,"['172 m²', '7 Pièces', '5 Chambres', '2 Salles de bains', 'Bon état', '5ème étage']",6,172.0,7.0,5.0,2.0,Bon état,5.0,15
Appartements Casablanca,Racine à Casablanca,33.56170473792227,-7.630379283521052,Vente magnifique appartement 180m² Racine,3600000.0,"['180 m²', '5 Pièces', '3 Chambres', '2 Salles de bains', 'Bon état']",5,180.0,5.0,3.0,2.0,Bon état,3.0,15
Appartements Casablanca,Les princesses à Casablanca,33.57154299116339,-7.636313438415527,Résidence Neuve Haut Standing Appts ~110m²,2150000.0,"['108 m²', '6 Pièces', '2 Chambres', '2 Salles de bains', 'Nouveau', ""Moins d'un an"", '4ème étage']",7,108.0,6.0,2.0,2.0,Nouveau,4.0,0
Appartements Casablanca,Al Qods à Casablanca,33.614709365249574,-7.484031200000004,Appartement à vendre à Al Qods. 2 chambres. Garage et terrasse,820000.0,"['89 m²', '2 Pièces', '2 Chambres', '2 Salles de bains', 'Bon état', '5-10 ans']",6,89.0,2.0,2.0,2.0,Bon état,3.0,7
Appartements Casablanca,Ferme Bretonne (Hay Arraha) à Casablanca,33.5608510182527,-7.647085189819336,Résidence Neuve Haut Standing Apts & Duplex ~160m²,2500000.0,"['150 m²', '8 Pièces', '3 Chambres', '3 Salles de bains', 'Nouveau', ""Moins d'un an""]",6,150.0,8.0,3.0,3.0,Nouveau,3.0,0
Appartements Casablanca,Ferme Bretonne (Hay Arraha) à Casablanca,33.5608510182527,-7.647085189819336,Magnifiques Appts & Duplexes FERME BRETONNE,2500000.0,"['132 m²', '8 Pièces', '3 Chambres', '2 Salles de bains', 'Nouveau', ""Moins d'un an"", '4ème étage']",7,132.0,8.0,3.0,2.0,Nouveau,4.0,0
Villas & maisons de luxe Casablanca,Longchamps (Hay Al Hanâa) à Casablanca,33.57751418572474,-7.664079666137695,Good deal villa 972m² plein sud longchamps,13500000.0,"['972 m²', '12 Pièces', '4 Chambres', '4 Salles de bains', 'À rénover', '20-30 ans']",6,972.0,12.0,4.0,4.0,À rénover,3.0,25
Appartements Casablanca,Racine à Casablanca,33.591362294665075,-7.63751877846488,Vend appartement de 3 ch. sur 112m² en plein racine (Top Situation).,2200000.0,"['112 m²', '4 Pièces', '3 Chambres', '3 Salles de bains', 'Bon état', '10-20 ans', '5ème étage']",7,112.0,4.0,3.0,3.0,Bon état,5.0,15
Appartements Casablanca,Maârif Extension à Casablanca,33.57987394514173,-7.646827697753906,Studio à vendre à Maarif ext Forat,950000.0,"['55 m²', '1 Pièce', '1 Chambre', '1 Salle de bain', 'Bon état', '1-5 ans', '2ème étage']",8,55.0,4.682934712346477,1.0,1.0,Bon état,3.0,3
Appartements Casablanca,Maârif à Casablanca,33.58891909184202,-7.635154724121037,Superbe Duplex quartier Racine,4900000.0,"['318 m²', '7 Pièces', '5 Chambres', '4 Salles de bains', 'Bon état', '1-5 ans', '3ème étage']",7,318.0,7.0,5.0,4.0,Bon état,3.0,3
Villas & maisons de luxe Casablanca,Longchamps (Hay Al Hanâa) à Casablanca,33.56170473792227,-7.630379283521052,Vente villa de luxe moderne à Longchamps,16000000.0,"['525 m²', '7 Pièces', '4 Chambres', '6 Salles de bains', 'Nouveau', ""Moins d'un an""]",6,525.0,7.0,4.0,6.0,Nouveau,3.0,0
Villas & maisons de luxe Casablanca,Californie à Casablanca,33.56170473792227,-7.630379283521052,À vendre une luxueuse villa très moderne à Californie avec 6 chambres piscine et un grand jardin,4558824.761494253,"['1850 m²', '10 Pièces', '6 Chambres', '7 Salles de bains', 'Nouveau', '1-5 ans']",6,1850.0,10.0,6.0,7.0,Nouveau,3.0,3
Appartements Casablanca,Quartier Cheminots à Casablanca,33.60196674334238,-7.603354454040527,"Superbe appartement à vendre à Quartier Cheminots. Surface totale 82 m². Antenne parabolique, résidence sécurisée",4558824.761494253,"['82 m²', '6 Pièces', '2 Chambres', '1 Salle de bain', 'Bon état', '1er étage']",6,82.0,6.0,2.0,1.0,Bon état,1.0,15
Appartements Casablanca,Oulfa à Casablanca,33.56170473792227,-7.630379283521052,Appartement en vente à Oulfa. 2 chambres agréables. Cuisine équipée,500000.0,"['57 m²', '3 Pièces', '2 Chambres', '2 Salles de bains', 'Bon état', '1-5 ans', '1er étage']",7,57.0,3.0,2.0,2.0,Bon état,1.0,3
Appartements Casablanca,Oulfa à Casablanca,33.54566061560706,-7.697866950184107,Vend appartement à allience darna oulfa. Surface totale 52 m². Porte blindée,300000.0,"['52 m²', '3 Pièces', '2 Chambres', '1 Salle de bain', 'Bon état', '1-5 ans']",6,52.0,3.0,2.0,1.0,Bon état,3.0,3
Appartements Casablanca,Triangle d'Or à Casablanca,33.56170473792227,-7.630379283521052,Appartement triangle d'or,4200000.0,"['204 m²', '4 Pièces', '3 Chambres', '3 Salles de bains']",4,204.0,4.0,3.0,2.306532663316583,Bon état,3.0,15
Appartements Casablanca,Sidi Maarouf à Casablanca,33.56170473792227,-7.630379283521052,Apprt à vendre se trouvé à moustakbale,370000.0,"['55 m²', '3 Pièces', '2 Chambres', '2 Salles de bains', 'Bon état', '4ème étage']",6,55.0,3.0,2.0,2.0,Bon état,4.0,15
Appartements Casablanca,Mers Sultan à Casablanca,32.34023266790936,-7.437744140625,Appartement à vendre centre ville 4ème étage,1000000.0,"['71 m²', '4 Pièces', '2 Chambres', '1 Salle de bain', 'Bon état', '4ème étage']",6,71.0,4.0,2.0,1.0,Bon état,4.0,15
Appartements Casablanca,Maârif Extension à Casablanca,33.57987394514173,-7.646827697753906,Luxueux Appartement à Vendre sur Maarif Extention,2500000.0,"['161 m²', '3 Pièces', '2 Chambres', '2 Salles de bains', 'Bon état', '3ème étage']",6,161.0,3.0,2.0,2.0,Bon état,3.0,15
Villas & maisons de luxe Casablanca,Ain Diab à Casablanca,33.58630932470067,-7.671375274658203,Incroyable Villa Moderne à vendre à Ain Diab,11950000.0,"['567 m²', '10 Pièces', '4 Chambres', '4 Salles de bains', 'Bon état']",5,567.0,10.0,4.0,4.0,Bon état,3.0,15
Villas & maisons de luxe Casablanca,Ain Diab à Casablanca,33.56170473792227,-7.630379283521052,Belle Villa en vente á Ain Diab,9500000.0,"['414 m²', '10 Pièces', '4 Chambres', '4 Salles de bains', 'Bon état', '10-20 ans']",6,414.0,10.0,4.0,4.0,Bon état,3.0,15
Appartements Casablanca,Californie à Casablanca,33.56170473792227,-7.630379283521052,Bel Appartement spacieux à vendre en Californie,1780000.0,"['110 m²', '4 Pièces', '3 Chambres', '2 Salles de bains', 'Bon état', '5ème étage']",6,110.0,4.0,3.0,2.0,Bon état,5.0,15
Maisons Casablanca,Oulfa à Casablanca,33.54541862997427,-7.677565813064803,Maison a vendre,2500000.0,"['83 m²', '7 Pièces', '3 Chambres', '4 Salles de bains', 'Bon état', '5-10 ans']",6,83.0,7.0,3.0,4.0,Bon état,3.0,7
Appartements Casablanca,Hay Mohammadi à Casablanca,33.56170473792227,-7.630379283521052,Vend appartement à Hay Mohammadi. Superficie 98 m². Belle terrasse.,660000.0,"['98 m²', '3 Pièces', '2 Chambres', '1 Salle de bain', 'Bon état', '20-30 ans', '1er étage']",7,98.0,3.0,2.0,1.0,Bon état,1.0,25
Appartements Casablanca,Gauthier à Casablanca,33.58891909184207,-7.628674507141113,Gauthier vente appartement balcon 200 m²,3000000.0,"['200 m²', '4 Pièces', '3 Chambres', '2 Salles de bains', 'Bon état']",5,200.0,4.0,3.0,2.0,Bon état,3.0,15
Appartements Casablanca,El Manar - El Hank à Casablanca,33.609485874664365,-7.6515117384549,Vend appartement à El Manar El Hank. Superficie 96 m². Avec ascenseur,1100000.0,"['96 m²', '4 Pièces', '2 Chambres', '1 Salle de bain', 'Bon état', '5-10 ans', '4ème étage']",7,96.0,4.0,2.0,1.0,Bon état,4.0,7
Appartements Casablanca,Maârif Extension à Casablanca,33.57987394514173,-7.646827697753906,Superbe appartement à vendre à Maarif Extension,3200000.0,"['175 m²', '4 Pièces', '3 Chambres', '2 Salles de bains', 'Bon état', '1er étage']",6,175.0,4.0,3.0,2.0,Bon état,1.0,15
Appartements Casablanca,Derb Ghalef à Casablanca,33.56170473792227,-7.630379283521052,Studio vide Luxe 45m2 à Bd Abdelmoumen enface Tram,4558824.761494253,"['45 m²', '2 Pièces', '1 Chambre', '1 Salle de bain', 'Bon état', '1-5 ans', '2ème étage']",7,45.0,2.0,1.0,1.0,Bon état,2.0,3
Appartements Casablanca,Californie à Casablanca,33.53595755299843,-7.625627517700195,Appartement a vendre Californie,1100000.0,"['86 m²', '2 Pièces', '2 Chambres', '2 Salles de bains', 'Bon état', '5-10 ans', '3ème étage']",7,86.0,2.0,2.0,2.0,Bon état,3.0,7
Appartements Casablanca,Belvédère à Casablanca,33.56170473792227,-7.630379283521052,Vend appartement à Casablanca. Surface de 85m². Conciergerie à disposition,750000.0,"['85 m²', '3 Pièces', '2 Chambres', '1 Salle de bain', 'Bon état', '10-20 ans', '5ème étage']",7,85.0,3.0,2.0,1.0,Bon état,5.0,15
Appartements Casablanca,Bourgogne Ouest à Casablanca,33.598304662993705,-7.644252777099609,Bourgogne vente studio terrasse 92 m²,1050000.0,"['92 m²', '2 Pièces', '1 Chambre', '1 Salle de bain', 'Bon état']",5,92.0,2.0,1.0,1.0,Bon état,3.0,15
Appartements Casablanca,Casablanca Finance City à Casablanca,33.56170473792227,-7.630379283521052,"Appartement F4 en vente 119m², NEXT HOUSE CASA ANFA",2191500.0,"['119 m²', '4 Pièces', '3 Chambres', '2 Salles de bains', 'Nouveau']",5,119.0,4.0,3.0,2.0,Nouveau,3.0,15
Appartements Casablanca,Roches Noires à Casablanca,33.59907140752743,-7.587089538574219,Appartement en vente à Roches Noires. Surface de 86 m². Système de parabole et résidence sécurisée,900000.0,"['86 m²', '3 Pièces', '2 Chambres', '2 Salles de bains', 'Bon état', '10-20 ans', '2ème étage']",7,86.0,3.0,2.0,2.0,Bon état,2.0,15
Villas & maisons de luxe Casablanca,Ain Diab à Casablanca,33.58630932470067,-7.671375274658203,Villa moderne,15500000.0,"['800 m²', '4 Chambres', '3 Salles de bains']",4,800.0,4.682934712346477,4.0,2.306532663316583,Bon état,3.0,15
Villas & maisons de luxe Casablanca,Port à Casablanca,33.56170473792227,-7.630379283521052,Villa neuve anfa superieur,39000000.0,"['800 m²', '3 Chambres', '3 Salles de bains']",4,800.0,4.682934712346477,3.0,2.306532663316583,Bon état,3.0,15
Appartements Casablanca,Racine à Casablanca,33.592458238962855,-7.648158073425293,Belle adresse avec terrasse,2550000.0,"['142 m²', '3 Pièces', '2 Chambres', '2 Salles de bains']",4,142.0,3.0,2.0,2.306532663316583,Bon état,3.0,15
Villas & maisons de luxe Casablanca,Ain Diab à Casablanca,33.56170473792227,-7.630379283521052,Exceptionnel,19500000.0,"['1171 m²', '4 Chambres']",4,1171.0,4.682934712346477,2.9211172498465316,2.306532663316583,Bon état,3.0,15
Appartements Casablanca,Port à Casablanca,33.56170473792227,-7.630379283521052,Exclusivite coeur du cil unique,4700000.0,"['190 m²', '3 Chambres', '2 Salles de bains']",4,190.0,4.682934712346477,3.0,2.306532663316583,Bon état,3.0,15
Appartements Casablanca,CIL (Hay Salam) à Casablanca,33.57243690885356,-7.657556533813477,Comme une villa suspendue,9000000.0,"['421 m²', '4 Chambres', '3 Salles de bains']",4,421.0,4.682934712346477,4.0,2.306532663316583,Bon état,3.0,15
Villas & maisons de luxe Casablanca,CIL (Hay Salam) à Casablanca,33.57243690885356,-7.657556533813477,Comme une villa suspendue,9000000.0,"['421 m²', '4 Chambres', '3 Salles de bains']",4,421.0,4.682934712346477,4.0,2.306532663316583,Bon état,3.0,15
Villas & maisons de luxe Casablanca,Port à Casablanca,33.592815720497164,-7.61277437210083,Villa moderne triple facade,12000000.0,"['439 m²', '4 Chambres', '2 Salles de bains']",4,439.0,4.682934712346477,4.0,2.306532663316583,Bon état,3.0,15
Villas & maisons de luxe Casablanca,Ain Diab à Casablanca,33.58630932470067,-7.671375274658203,Superbe villa piscine,7200000.0,"['550 m²', '4 Chambres', '3 Salles de bains']",4,550.0,4.682934712346477,4.0,2.306532663316583,Bon état,3.0,15
Appartements Casablanca,Racine à Casablanca,33.56170473792227,-7.630379283521052,Appartement 126 m2 hyper contemporain à Racine,2600000.0,"['126 m²', '4 Pièces', '2 Chambres', '2 Salles de bains', 'Bon état', '10-20 ans', '3ème étage']",7,126.0,4.0,2.0,2.0,Bon état,3.0,15
Appartements Casablanca,Maârif à Casablanca,33.58602331802259,-7.636442184448242,Appartement 2ch 193 m2 dernier étage en résidence Haut standing quartier les princesses,2500000.0,"['193 m²', '5 Pièces', '2 Chambres', '2 Salles de bains', 'Bon état', '5-10 ans', '5ème étage']",7,193.0,5.0,2.0,2.0,Bon état,5.0,7
Appartements Casablanca,Racine à Casablanca,33.56170473792227,-7.630379283521052,Appartement moderne 1ch avec 2 terrasses à Racine,1550000.0,"['83 m²', '2 Pièces', '1 Chambre', '1 Salle de bain', 'Bon état', '1-5 ans', '5ème étage']",7,83.0,2.0,1.0,1.0,Bon état,5.0,3
Appartements Casablanca,Maârif à Casablanca,33.58602331802259,-7.636442184448242,Appartement 80 m2 1CH avec terrasse au Maarif,1200000.0,"['80 m²', '2 Pièces', '1 Chambre', '1 Salle de bain', 'Bon état', '5-10 ans', '3ème étage']",7,80.0,2.0,1.0,1.0,Bon état,3.0,7
Appartements Casablanca,Les Hôpitaux à Casablanca,33.56170473792227,-7.630379283521052,Appartement 72 m2 avec terrasse et vue degagée,1180000.0,"['72 m²', '2 Pièces', '1 Chambre', '1 Salle de bain', 'Bon état', '5-10 ans', '7ème étage']",7,72.0,2.0,1.0,1.0,Bon état,7.0,7
Appartements Casablanca,Les Hôpitaux à Casablanca,33.56170473792227,-7.630379283521052,Splendide appartement HS avec terrasse sur 2 Mars,1460000.0,"['124 m²', '3 Pièces', '2 Chambres', '2 Salles de bains', 'Bon état', '5-10 ans', '4ème étage']",7,124.0,3.0,2.0,2.0,Bon état,4.0,7
Appartements Casablanca,Palmier à Casablanca,33.56170473792227,-7.630379283521052,Bel appartement à vendre à palmiers,3000000.0,"['205 m²', '4 Pièces', '3 Chambres', '2 Salles de bains', 'Bon état', '10-20 ans']",6,205.0,4.0,3.0,2.0,Bon état,3.0,15
Appartements Casablanca,Belvédère à Casablanca,33.5895625839363,-7.59678840637207,Spacieux appartement a vendre a belvedere,800000.0,"['96 m²', '2 Pièces', '1 Chambre', '2 Salles de bains', 'Bon état', '7ème étage']",6,96.0,2.0,1.0,2.0,Bon état,7.0,15
Maisons Casablanca,Aïn Sebaâ à Casablanca,33.56170473792227,-7.630379283521052,Maison à acheter à Aïn Sebaâ. 4 belles chambres. Places de parking et terrasse,4558824.761494253,"['210 m²', '4 Pièces', '4 Chambres', '4 Salles de bains', 'Bon état']",5,210.0,4.0,4.0,4.0,Bon état,3.0,15
Villas & maisons de luxe Casablanca,Californie à Casablanca,33.53595755299843,-7.625627517700195,Superbe Villa 1700m Luxe A Californie,39000000.0,"['1700 m²', '9 Pièces', '6 Chambres', '6 Salles de bains', 'Bon état']",5,1700.0,9.0,6.0,6.0,Bon état,3.0,15
Appartements Casablanca,Riviera à Casablanca,33.56163776372238,-7.64124870300293,Studios Neuf 40m 61m Luxe A Riviera,880000.0,"['40 m²', '2 Pièces', '1 Chambre', '1 Salle de bain', 'Nouveau', ""Moins d'un an""]",6,40.0,2.0,1.0,1.0,Nouveau,3.0,0
Appartements Casablanca,Derb Moulay Cherif à Casablanca,33.56170473792227,-7.630379283521052,Appartement à vendre à hay Mohamadi,380000.0,"['55 m²', '2 Pièces', '2 Chambres', '1 Salle de bain', 'Nouveau', '5-10 ans', '4ème étage']",7,55.0,2.0,2.0,1.0,Nouveau,4.0,7
Maisons Casablanca,Hay Moulay Abdellah à Casablanca,33.56170473792227,-7.630379283521052,Trouvez votre maison à acheter à Hay Moulay Abdellah. Surface de 100 m²,2600000.0,"['100 m²', '8 Pièces', '6 Chambres', '2 Salles de bains', 'Bon état', '20-30 ans']",6,100.0,8.0,6.0,2.0,Bon état,3.0,25
Maisons Casablanca,Hay Albaraka à Casablanca,33.573404400000015,-7.538712199999992,Superbe maison à vendre à Hay lbaraka02 b 110 m²,3200000.0,"['110 m²', '15 Pièces', '5 Chambres', '5 Salles de bains', 'Bon état', '5-10 ans']",6,110.0,15.0,5.0,5.0,Bon état,3.0,7
Appartements Casablanca,Derb Omar à Casablanca,33.54895956065648,-7.581671476364136,Pas de porte à vendre saroute au quartier Derb Omar,300000.0,"['90 m²', '4 Pièces', '2 Chambres', '2 Salles de bains', 'Bon état', '20-30 ans', '2ème étage']",7,90.0,4.0,2.0,2.0,Bon état,2.0,25
Appartements Casablanca,Gauthier à Casablanca,33.56170473792227,-7.630379283521052,Gauthier vente appartement 91 m²,1500000.0,"['91 m²', '3 Pièces', '2 Chambres', '1 Salle de bain', 'Bon état']",5,91.0,3.0,2.0,1.0,Bon état,3.0,15
Appartements Casablanca,El Manar - El Hank à Casablanca,33.609485874664365,-7.6515117384549,Vend appartement à El Manar El Hank. Superficie 96 m². Avec ascenseur,1100000.0,"['96 m²', '4 Pièces', '2 Chambres', '1 Salle de bain', 'Bon état', '5-10 ans', '4ème étage']",7,96.0,4.0,2.0,1.0,Bon état,4.0,7
Appartements Casablanca,Maârif Extension à Casablanca,33.57987394514173,-7.646827697753906,Superbe appartement à vendre à Maarif Extension,3200000.0,"['175 m²', '4 Pièces', '3 Chambres', '2 Salles de bains', 'Bon état', '1er étage']",6,175.0,4.0,3.0,2.0,Bon état,1.0,15
Appartements Casablanca,Derb Ghalef à Casablanca,33.59828500323537,-7.646913528442383,Studio vide Luxe 45m2 à Bd Abdelmoumen enface Tram,4558824.761494253,"['45 m²', '2 Pièces', '1 Chambre', '1 Salle de bain', 'Bon état', '1-5 ans', '2ème étage']",7,45.0,2.0,1.0,1.0,Bon état,2.0,3
Appartements Casablanca,Californie à Casablanca,33.56170473792227,-7.630379283521052,Appartement a vendre Californie,1100000.0,"['86 m²', '2 Pièces', '2 Chambres', '2 Salles de bains', 'Bon état', '5-10 ans', '3ème étage']",7,86.0,2.0,2.0,2.0,Bon état,3.0,7
Appartements Casablanca,Belvédère à Casablanca,33.56170473792227,-7.630379283521052,Vend appartement à Casablanca. Surface de 85m². Conciergerie à disposition,750000.0,"['85 m²', '3 Pièces', '2 Chambres', '1 Salle de bain', 'Bon état', '10-20 ans', '5ème étage']",7,85.0,3.0,2.0,1.0,Bon état,5.0,15
Appartements Casablanca,Bourgogne Ouest à Casablanca,33.598304662993705,-7.644252777099609,Bourgogne vente studio terrasse 92 m²,1050000.0,"['92 m²', '2 Pièces', '1 Chambre', '1 Salle de bain', 'Bon état']",5,92.0,2.0,1.0,1.0,Bon état,3.0,15
Appartements Casablanca,Casablanca Finance City à Casablanca,33.56170473792227,-7.630379283521052,"Appartement F4 en vente 119m², NEXT HOUSE CASA ANFA",2191500.0,"['119 m²', '4 Pièces', '3 Chambres', '2 Salles de bains', 'Nouveau']",5,119.0,4.0,3.0,2.0,Nouveau,3.0,15
Appartements Casablanca,Roches Noires à Casablanca,33.56170473792227,-7.630379283521052,Appartement en vente à Roches Noires. Surface de 86 m². Système de parabole et résidence sécurisée,900000.0,"['86 m²', '3 Pièces', '2 Chambres', '2 Salles de bains', 'Bon état', '10-20 ans', '2ème étage']",7,86.0,3.0,2.0,2.0,Bon état,2.0,15
Villas & maisons de luxe Casablanca,Ain Diab à Casablanca,33.58630932470067,-7.671375274658203,Villa moderne,15500000.0,"['800 m²', '4 Chambres', '3 Salles de bains']",4,800.0,4.682934712346477,4.0,2.306532663316583,Bon état,3.0,15
Villas & maisons de luxe Casablanca,Port à Casablanca,33.592815720497164,-7.61277437210083,Villa neuve anfa superieur,39000000.0,"['800 m²', '3 Chambres', '3 Salles de bains']",4,800.0,4.682934712346477,3.0,2.306532663316583,Bon état,3.0,15
Appartements Casablanca,Racine à Casablanca,33.592458238962855,-7.648158073425293,Belle adresse avec terrasse,2550000.0,"['142 m²', '3 Pièces', '2 Chambres', '2 Salles de bains']",4,142.0,3.0,2.0,2.306532663316583,Bon état,3.0,15
Villas & maisons de luxe Casablanca,Ain Diab à Casablanca,33.58630932470067,-7.671375274658203,Exceptionnel,19500000.0,"['1171 m²', '4 Chambres']",4,1171.0,4.682934712346477,2.9211172498465316,2.306532663316583,Bon état,3.0,15
Appartements Casablanca,Port à Casablanca,33.56170473792227,-7.630379283521052,Exclusivite coeur du cil unique,4700000.0,"['190 m²', '3 Chambres', '2 Salles de bains']",4,190.0,4.682934712346477,3.0,2.306532663316583,Bon état,3.0,15
Appartements Casablanca,CIL (Hay Salam) à Casablanca,33.56170473792227,-7.630379283521052,Comme une villa suspendue,9000000.0,"['421 m²', '4 Chambres', '3 Salles de bains']",4,421.0,4.682934712346477,4.0,2.306532663316583,Bon état,3.0,15
Villas & maisons de luxe Casablanca,CIL (Hay Salam) à Casablanca,33.57243690885356,-7.657556533813477,Comme une villa suspendue,9000000.0,"['421 m²', '4 Chambres', '3 Salles de bains']",4,421.0,4.682934712346477,4.0,2.306532663316583,Bon état,3.0,15
Villas & maisons de luxe Casablanca,Port à Casablanca,33.56170473792227,-7.630379283521052,Villa moderne triple facade,12000000.0,"['439 m²', '4 Chambres', '2 Salles de bains']",4,439.0,4.682934712346477,4.0,2.306532663316583,Bon état,3.0,15
Villas & maisons de luxe Casablanca,Ain Diab à Casablanca,33.56170473792227,-7.630379283521052,Superbe villa piscine,7200000.0,"['550 m²', '4 Chambres', '3 Salles de bains']",4,550.0,4.682934712346477,4.0,2.306532663316583,Bon état,3.0,15
Appartements Casablanca,Racine à Casablanca,33.592458238962855,-7.648158073425293,Appartement 126 m2 hyper contemporain à Racine,2600000.0,"['126 m²', '4 Pièces', '2 Chambres', '2 Salles de bains', 'Bon état', '10-20 ans', '3ème étage']",7,126.0,4.0,2.0,2.0,Bon état,3.0,15
Appartements Casablanca,Maârif à Casablanca,33.56170473792227,-7.630379283521052,Appartement 2ch 193 m2 dernier étage en résidence Haut standing quartier les princesses,2500000.0,"['193 m²', '5 Pièces', '2 Chambres', '2 Salles de bains', 'Bon état', '5-10 ans', '5ème étage']",7,193.0,5.0,2.0,2.0,Bon état,5.0,7
Appartements Casablanca,Racine à Casablanca,33.592458238962855,-7.648158073425293,Appartement moderne 1ch avec 2 terrasses à Racine,1550000.0,"['83 m²', '2 Pièces', '1 Chambre', '1 Salle de bain', 'Bon état', '1-5 ans', '5ème étage']",7,83.0,2.0,1.0,1.0,Bon état,5.0,3
Appartements Casablanca,Maârif à Casablanca,33.58602331802259,-7.636442184448242,Appartement 80 m2 1CH avec terrasse au Maarif,1200000.0,"['80 m²', '2 Pièces', '1 Chambre', '1 Salle de bain', 'Bon état', '5-10 ans', '3ème étage']",7,80.0,2.0,1.0,1.0,Bon état,3.0,7
Appartements Casablanca,Les Hôpitaux à Casablanca,33.57797899192462,-7.62000560760498,Appartement 72 m2 avec terrasse et vue degagée,1180000.0,"['72 m²', '2 Pièces', '1 Chambre', '1 Salle de bain', 'Bon état', '5-10 ans', '7ème étage']",7,72.0,2.0,1.0,1.0,Bon état,7.0,7
Appartements Casablanca,Les Hôpitaux à Casablanca,33.57797899192462,-7.62000560760498,Splendide appartement HS avec terrasse sur 2 Mars,1460000.0,"['124 m²', '3 Pièces', '2 Chambres', '2 Salles de bains', 'Bon état', '5-10 ans', '4ème étage']",7,124.0,3.0,2.0,2.0,Bon état,4.0,7
Appartements Casablanca,Palmier à Casablanca,33.580946541729524,-7.629060745239258,Bel appartement à vendre à palmiers,3000000.0,"['205 m²', '4 Pièces', '3 Chambres', '2 Salles de bains', 'Bon état', '10-20 ans']",6,205.0,4.0,3.0,2.0,Bon état,3.0,15
Appartements Casablanca,Belvédère à Casablanca,33.5895625839363,-7.59678840637207,Spacieux appartement a vendre a belvedere,800000.0,"['96 m²', '2 Pièces', '1 Chambre', '2 Salles de bains', 'Bon état', '7ème étage']",6,96.0,2.0,1.0,2.0,Bon état,7.0,15
Maisons Casablanca,Aïn Sebaâ à Casablanca,33.56170473792227,-7.630379283521052,Maison à acheter à Aïn Sebaâ. 4 belles chambres. Places de parking et terrasse,4558824.761494253,"['210 m²', '4 Pièces', '4 Chambres', '4 Salles de bains', 'Bon état']",5,210.0,4.0,4.0,4.0,Bon état,3.0,15
Villas & maisons de luxe Casablanca,Californie à Casablanca,33.53595755299843,-7.625627517700195,Superbe Villa 1700m Luxe A Californie,39000000.0,"['1700 m²', '9 Pièces', '6 Chambres', '6 Salles de bains', 'Bon état']",5,1700.0,9.0,6.0,6.0,Bon état,3.0,15
Appartements Casablanca,Riviera à Casablanca,33.56170473792227,-7.630379283521052,Studios Neuf 40m 61m Luxe A Riviera,880000.0,"['40 m²', '2 Pièces', '1 Chambre', '1 Salle de bain', 'Nouveau', ""Moins d'un an""]",6,40.0,2.0,1.0,1.0,Nouveau,3.0,0
Appartements Casablanca,Derb Moulay Cherif à Casablanca,33.56170473792227,-7.630379283521052,Appartement à vendre à hay Mohamadi,380000.0,"['55 m²', '2 Pièces', '2 Chambres', '1 Salle de bain', 'Nouveau', '5-10 ans', '4ème étage']",7,55.0,2.0,2.0,1.0,Nouveau,4.0,7
Maisons Casablanca,Hay Moulay Abdellah à Casablanca,33.56170473792227,-7.630379283521052,Trouvez votre maison à acheter à Hay Moulay Abdellah. Surface de 100 m²,2600000.0,"['100 m²', '8 Pièces', '6 Chambres', '2 Salles de bains', 'Bon état', '20-30 ans']",6,100.0,8.0,6.0,2.0,Bon état,3.0,25
Maisons Casablanca,Hay Albaraka à Casablanca,33.573404400000015,-7.538712199999992,Superbe maison à vendre à Hay lbaraka02 b 110 m²,3200000.0,"['110 m²', '15 Pièces', '5 Chambres', '5 Salles de bains', 'Bon état', '5-10 ans']",6,110.0,15.0,5.0,5.0,Bon état,3.0,7
Appartements Casablanca,Derb Omar à Casablanca,33.54895956065648,-7.581671476364136,Pas de porte à vendre saroute au quartier Derb Omar,300000.0,"['90 m²', '4 Pièces', '2 Chambres', '2 Salles de bains', 'Bon état', '20-30 ans', '2ème étage']",7,90.0,4.0,2.0,2.0,Bon état,2.0,25
Appartements Casablanca,Gauthier à Casablanca,33.58891909184207,-7.628674507141113,Gauthier vente appartement 91 m²,1500000.0,"['91 m²', '3 Pièces', '2 Chambres', '1 Salle de bain', 'Bon état']",5,91.0,3.0,2.0,1.0,Bon état,3.0,15
Appartements Casablanca,Gauthier à Casablanca,33.56170473792227,-7.630379283521052,Gauthier vente appartement 3 chambres 150 m²,2600000.0,"['150 m²', '4 Pièces', '3 Chambres', '2 Salles de bains', 'Bon état']",5,150.0,4.0,3.0,2.0,Bon état,3.0,15
Villas & maisons de luxe Casablanca,Oulfa à Casablanca,33.56170473792227,-7.630379283521052,Villa à vendre à ne pàas rater se trouve à oulfa,3200000.0,"['231 m²', '4 Pièces', '3 Chambres', '3 Salles de bains', 'Bon état']",5,231.0,4.0,3.0,3.0,Bon état,3.0,15
Appartements Casablanca,Maârif à Casablanca,33.56703,-7.62769,Bel appartement 5 pieces de charme,3265000.0,"['227 m²', '5 Pièces', '3 Chambres', '3 Salles de bains', '5ème étage']",5,227.0,5.0,3.0,3.0,Bon état,5.0,15
Appartements Casablanca,Maârif à Casablanca,33.56703,-7.62769,Bel appartement 3 pièces Maarif,1540000.0,"['106 m²', '3 Pièces', '2 Chambres', '2 Salles de bains', '3ème étage']",5,106.0,3.0,2.0,2.0,Bon état,3.0,15
Villas & maisons de luxe Casablanca,Californie à Casablanca,33.56170473792227,-7.630379283521052,Offre villa californie sup 438 m 4 ch,6900000.0,"['436 m²', '7 Pièces', '4 Chambres', '4 Salles de bains', 'Bon état', '10-20 ans']",6,436.0,7.0,4.0,4.0,Bon état,3.0,15
Appartements Casablanca,Oulfa à Casablanca,33.56170473792227,-7.630379283521052,Un appartement à vendre 112 m² oulfa oum rabie,1140000.0,"['112 m²', '4 Pièces', '2 Chambres', '2 Salles de bains', 'Bon état']",5,112.0,4.0,2.0,2.0,Bon état,3.0,15
Appartements Casablanca,Sidi Maarouf à Casablanca,33.51821300640254,-7.644338607788086,Superbe appartement à vendre à Sidi Maarouf. 3 chambres. Parking et terrasse,1100000.0,"['125 m²', '5 Pièces', '3 Chambres', '2 Salles de bains', 'Bon état', '5-10 ans', '1er étage']",7,125.0,5.0,3.0,2.0,Bon état,1.0,7
Appartements Casablanca,Bourgogne Ouest à Casablanca,33.598304662993705,-7.644252777099609,A vendre Studio haut standing 48m2 A bourgogne,950000.0,"['48 m²', '2 Pièces', '1 Chambre', '1 Salle de bain', 'Bon état', '1-5 ans']",6,48.0,2.0,1.0,1.0,Bon état,3.0,3
Appartements Casablanca,Sidi Moumen à Casablanca,33.58770359367981,-7.524046897888184,Superbe appartement à vendre à Casablanca. 2 belles chambres. Ascenseur et garage,600000.0,"['69 m²', '2 Pièces', '2 Chambres', '1 Salle de bain', 'Bon état', '5-10 ans', '4ème étage']",7,69.0,2.0,2.0,1.0,Bon état,4.0,7
Appartements Casablanca,Sidi Maarouf à Casablanca,33.53184500417395,-7.6491976582669,Jolie appartement sans vis à vis sur bd alkodss sidi maarouf,775000.0,"['70 m²', '3 Pièces', '2 Chambres', '1 Salle de bain', 'Bon état', '10-20 ans', '3ème étage']",7,70.0,3.0,2.0,1.0,Bon état,3.0,15
Appartements Casablanca,Oulfa à Casablanca,33.56170473792227,-7.630379283521052,Appartement en vente à Oulfa. Superficie 57 m²,4558824.761494253,"['57 m²', '3 Pièces', '2 Chambres', '1 Salle de bain', 'Bon état', '10-20 ans', '4ème étage']",7,57.0,3.0,2.0,1.0,Bon état,4.0,15
Appartements Casablanca,Belvédère à Casablanca,33.56170473792227,-7.630379283521052,Appartement a vendre a belvedere,780000.0,"['51 m²', '2 Pièces', '1 Chambre', '1 Salle de bain', 'Nouveau', ""Moins d'un an"", '1er étage']",7,51.0,2.0,1.0,1.0,Nouveau,1.0,0
Appartements Casablanca,Les Hôpitaux à Casablanca,33.56170473792227,-7.630379283521052,Appartement en vente à Les Hôpitaux. 3 salon 2 CH 2 balcon,4558824.761494253,"['105 m²', '3 Pièces', '2 Chambres', '2 Salles de bains', 'Bon état']",5,105.0,3.0,2.0,2.0,Bon état,3.0,15
Appartements Casablanca,Casablanca,33.56170473792227,-7.630379283521052,Vente appartement à Maarif Extension,3300000.0,"['240 m²', '5 Pièces', '3 Chambres', '4ème étage']",5,240.0,5.0,3.0,2.306532663316583,Bon état,4.0,15
Appartements Casablanca,Hay Chrifa à Casablanca,33.56170473792227,-7.630379283521052,Appartement à vendre à Hay Chrifa. 2 chambres,4558824.761494253,"['87 m²', '4 Pièces', '2 Chambres', '2 Salles de bains', 'Bon état']",5,87.0,4.0,2.0,2.0,Bon état,3.0,15
Appartements Casablanca,Triangle d'Or à Casablanca,33.582734173084866,-7.675838470458984,Vente magnifique appartement 192m² Triangle d'or,4650000.0,"['192 m²', '5 Pièces', '3 Chambres', '3 Salles de bains', 'Bon état']",5,192.0,5.0,3.0,3.0,Bon état,3.0,15
Appartements Casablanca,Les Hôpitaux à Casablanca,33.57797899192462,-7.62000560760498,Appartement à vendre aux QDH,1300000.0,"['113 m²', '4 Pièces', '2 Chambres', '2 Salles de bains', 'Bon état', '10-20 ans', '1er étage']",7,113.0,4.0,2.0,2.0,Bon état,1.0,15
Villas & maisons de luxe Casablanca,Anfa à Casablanca,33.56170473792227,-7.630379283521052,Villa en Vente à Casablanca,25000000.0,"['602 m²', '5 Chambres', '6 Salles de bains']",4,602.0,4.682934712346477,5.0,2.306532663316583,Bon état,3.0,15
Appartements Casablanca,Val Fleury à Casablanca,33.57519011717882,-7.636785507202148,Appartement à l'achat à Val Fleury. 2 chambres agréables. Fenêtres avec double vitrage et porte blindée,1022000.0,"['73 m²', '4 Pièces', '2 Chambres', '2 Salles de bains', 'Bon état', '5-10 ans', '5ème étage']",7,73.0,4.0,2.0,2.0,Bon état,5.0,7
Appartements Casablanca,Hermitage à Casablanca,33.56947353619336,-7.621116042137174,Appartement 64 m²,1097000.0,"['64 m²', '3 Pièces', '2 Chambres', '1 Salle de bain', 'Nouveau', ""Moins d'un an"", '2ème étage']",7,64.0,3.0,2.0,1.0,Nouveau,2.0,0
Appartements Casablanca,Triangle d'Or à Casablanca,33.56170473792227,-7.630379283521052,"Appartement 148 m² à vendre, Triangle d'Or, Casa",2500000.0,"['148 m²', '5 Pièces', '3 Chambres', '2 Salles de bains', 'Bon état', '2ème étage']",6,148.0,5.0,3.0,2.0,Bon état,2.0,15
Appartements Casablanca,CIL (Hay Salam) à Casablanca,33.57302214496336,-7.655260351187849,Vends appartement 3 chs à ferme de bretonne,2000000.0,"['122 m²', '4 Pièces', '3 Chambres', '2 Salles de bains', 'Nouveau', '1-5 ans']",6,122.0,4.0,3.0,2.0,Nouveau,3.0,3
Appartements Casablanca,Oulfa à Casablanca,33.53695915269317,-7.674808502197465,Apartement en vente,649000.0,"['63 m²', '3 Pièces', '2 Chambres', '2 Salles de bains', 'Bon état', '1-5 ans', '3ème étage']",7,63.0,3.0,2.0,2.0,Bon état,3.0,3
Appartements Casablanca,Gauthier à Casablanca,33.56170473792227,-7.630379283521052,GAUTHIER-VENTE-APPARTEMENT-TERRASSE 150M2,2400000.0,"['150 m²', '5 Pièces', '3 Chambres', '2 Salles de bains', 'Bon état']",5,150.0,5.0,3.0,2.0,Bon état,3.0,15
Appartements Casablanca,Californie à Casablanca,33.56170473792227,-7.630379283521052,"Appartement de 97m² en vente, Résidence Ritaj",1358000.0,"['97 m²', '4 Pièces', '3 Chambres', '2 Salles de bains', 'Nouveau']",5,97.0,4.0,3.0,2.0,Nouveau,3.0,15
Appartements Casablanca,Bourgogne Ouest à Casablanca,33.597640588567145,-7.644109596009173,LUMINEUX STUDIO EN VENTE À BOURGOGNE,950000.0,"['47 m²', '2 Pièces', '1 Chambre', '1 Salle de bain', 'Bon état', '1-5 ans', '5ème étage']",7,47.0,2.0,1.0,1.0,Bon état,5.0,3
Appartements Casablanca,Aïn Sebaâ à Casablanca,33.56170473792227,-7.630379283521052,Bel appartement à vendre à Aïn Sebaâ. 2 grandes pièces,380000.0,"['49 m²', '5 Pièces', '3 Chambres', '2 Salles de bains', 'Bon état', '5-10 ans', '2ème étage']",7,49.0,5.0,3.0,2.0,Bon état,2.0,7
Appartements Casablanca,Aïn Sebaâ à Casablanca,33.56170473792227,-7.630379283521052,Bel appartement à vendre au centre de Ain Sbaa,1300000.0,"['108 m²', '5 Pièces', '3 Chambres', '2 Salles de bains', 'Bon état']",5,108.0,5.0,3.0,2.0,Bon état,3.0,15
Villas & maisons de luxe Casablanca,Longchamps (Hay Al Hanâa) à Casablanca,33.5776442842984,-7.661323033716712,Villa à vendre au Longchamp Hay Al Hanâa,10500000.0,"['560 m²', '3 Pièces', '4 Chambres', '2 Salles de bains', 'À rénover', '30-50 ans']",6,560.0,3.0,4.0,2.0,À rénover,3.0,40
Appartements Casablanca,Bourgogne Ouest à Casablanca,33.56170473792227,-7.630379283521052,Superbe appartement à 120m²,1500000.0,"['120 m²', '7 Pièces', '3 Chambres', '1 Salle de bain', 'Bon état', '10-20 ans', '3ème étage']",7,120.0,7.0,3.0,1.0,Bon état,3.0,15
Appartements Casablanca,Hay Salama à Casablanca,33.56971937037364,-7.527050971984863,Bel appartement à Res Farhatine a Bd Med Bouziane,830000.0,"['72 m²', '3 Pièces', '2 Chambres', '1 Salle de bain', 'Bon état', '10-20 ans', '5ème étage']",7,72.0,3.0,2.0,1.0,Bon état,5.0,15
Appartements Casablanca,Oulfa à Casablanca,33.56170473792227,-7.630379283521052,Vend appartement à Oulfa. Surface totale 54 m²,520000.0,"['54 m²', '5 Pièces', '3 Chambres', '1 Salle de bain', 'Bon état']",5,54.0,5.0,3.0,1.0,Bon état,3.0,15
Appartements Casablanca,Belvédère à Casablanca,33.56170473792227,-7.630379283521052,Vente d'un bel appartement à Belvédère. Surface totale 150 m². Grande terrasse,1500000.0,"['150 m²', '3 Pièces', '2 Chambres', '2 Salles de bains', 'Bon état', '20-30 ans', '3ème étage']",7,150.0,3.0,2.0,2.0,Bon état,3.0,25
Appartements Casablanca,Bernoussi à Casablanca,33.56170473792227,-7.630379283521052,Appartement à l'achat à Bernoussi. 3 chambres agréables. Avec ascenseur et espace vert.,940000.0,"['100 m²', '3 Pièces', '3 Chambres', '2 Salles de bains', 'Bon état', '5-10 ans', '1er étage']",7,100.0,3.0,3.0,2.0,Bon état,1.0,7
Appartements Casablanca,Oulfa à Casablanca,33.55627344791359,-7.67918586730957,Appartement à vendre à Oulfa. Surface de 46 m². Frigidaire,350000.0,"['46 m²', '3 Pièces', '2 Chambres', '1 Salle de bain', 'Bon état', '1-5 ans', '2ème étage']",7,46.0,3.0,2.0,1.0,Bon état,2.0,3
Appartements Casablanca,Bourgogne Ouest à Casablanca,33.56170473792227,-7.630379283521052,Appartement à vendre à Bourgogne,1020000.0,"['83 m²', '3 Pièces', '2 Chambres', '2 Salles de bains', 'Bon état']",5,83.0,3.0,2.0,2.0,Bon état,3.0,15
Appartements Casablanca,Nassim 1 à Casablanca,33.52264948439997,-7.660281658172494,Bel appart. à vendre 115 m² Nassim Sidi maârouf,930000.0,"['115 m²', '4 Pièces', '3 Chambres', '2 Salles de bains', 'Bon état', '10-20 ans', '3ème étage']",7,115.0,4.0,3.0,2.0,Bon état,3.0,15
Appartements Casablanca,Les Hôpitaux à Casablanca,33.572427969722575,-7.616143226623564,Bel appartement à vendre avec terasse agréable,3200000.0,"['281 m²', '5 Pièces', '3 Chambres', '2 Salles de bains', 'Bon état', '20-30 ans', '5ème étage']",7,281.0,5.0,3.0,2.0,Bon état,5.0,25
Appartements Casablanca,Belvédère à Casablanca,33.56170473792227,-7.630379283521052,Vente magnifique duplexe avec terrasse Emile Zola,2400000.0,"['164 m²', '5 Pièces', '3 Chambres', '2 Salles de bains', 'Bon état', '5-10 ans', '6ème étage']",7,164.0,5.0,3.0,2.0,Bon état,6.0,7
Villas & maisons de luxe Casablanca,La Floride à Casablanca,33.56170473792227,-7.630379283521052,Villa a florida sup 346 m 4 ch,4600000.0,"['346 m²', '6 Pièces', '4 Chambres', '4 Salles de bains', 'Bon état', '10-20 ans']",6,346.0,6.0,4.0,4.0,Bon état,3.0,15
Appartements Casablanca,Riviera à Casablanca,33.56163776372238,-7.64124870300293,Appt a vendre tres fermee sup 120m 3 ch,1790000.0,"['120 m²', '4 Pièces', '3 Chambres', '2 Salles de bains', 'Bon état', '5-10 ans', '3ème étage']",7,120.0,4.0,3.0,2.0,Bon état,3.0,7
Appartements Casablanca,Palmier à Casablanca,33.580946541729524,-7.629060745239258,Appt a vendre palmier 135 m 3 ch vue degage,2030000.0,"['135 m²', '4 Pièces', '3 Chambres', '2 Salles de bains', 'Bon état', '10-20 ans', '6ème étage']",7,135.0,4.0,3.0,2.0,Bon état,6.0,15
Appartements Casablanca,Sidi Maarouf à Casablanca,33.56170473792227,-7.630379283521052,Un appartement à véndre sur lot soufiane,800000.0,"['79 m²', '3 Pièces', '2 Chambres', '2 Salles de bains', 'Bon état', '1-5 ans']",6,79.0,3.0,2.0,2.0,Bon état,3.0,3
Appartements Casablanca,Aïn Sebaâ à Casablanca,33.56170473792227,-7.630379283521052,App à vendre à Aïn Sebaâ. 60 m²,560000.0,"['60 m²', '3 Pièces', '2 Chambres', '1 Salle de bain', 'Bon état', '5-10 ans', '2ème étage']",7,60.0,3.0,2.0,1.0,Bon état,2.0,7
Appartements Casablanca,Hay Adil à Casablanca,33.56170473792227,-7.630379283521052,Superbe appartement à vendre à Hay Adil. Surface de 83 m².,4558824.761494253,"['83 m²', '5 Pièces', '4 Chambres', '1 Salle de bain', 'Bon état', '10-20 ans', '3ème étage']",7,83.0,5.0,4.0,1.0,Bon état,3.0,15
Appartements Casablanca,Oulfa à Casablanca,33.55627344791359,-7.67918586730957,Appartement en Vente à Casablanca,390000.0,"['50 m²', '3 Pièces', '2 Chambres', '1 Salle de bain', 'Bon état', '1-5 ans', '3ème étage']",7,50.0,3.0,2.0,1.0,Bon état,3.0,3
Appartements Casablanca,Aïn Sebaâ à Casablanca,33.61087396163268,-7.547263479086183,Superbe appartement à vendre à Aïn Sebaâ. 2 pièces confortables. Ascenseur et places de parking,4558824.761494253,"['64 m²', '2 Pièces', '2 Chambres', '1 Salle de bain', 'Nouveau', ""Moins d'un an""]",6,64.0,2.0,2.0,1.0,Nouveau,3.0,0
Appartements Casablanca,Ain Diab à Casablanca,33.56170473792227,-7.630379283521052,"Apt 172 m², sans vis à vis, terrasse et soleil",2650000.0,"['172 m²', '4 Pièces', '3 Chambres', '3 Salles de bains', 'Bon état', '10-20 ans', '1er étage']",7,172.0,4.0,3.0,3.0,Bon état,1.0,15
Appartements Casablanca,Hay Arsalan à Casablanca,33.56170473792227,-7.630379283521052,Appartement à vendre au 4ème étage,820000.0,"['116 m²', '1 Pièce', '3 Chambres', '1 Salle de bain', 'À rénover', '20-30 ans', '4ème étage']",8,116.0,4.682934712346477,3.0,1.0,À rénover,3.0,25
Appartements Casablanca,Al Hassania à Casablanca,32.34023266790936,-7.437744140625,Appartement à vendre dans un excellent emplacement,594000.0,"['54 m²', '3 Pièces', '2 Chambres', '1 Salle de bain', 'Bon état', '1-5 ans', '3ème étage']",7,54.0,3.0,2.0,1.0,Bon état,3.0,3
Appartements Casablanca,Maârif Extension à Casablanca,33.56170473792227,-7.630379283521052,Appartement de 96m² en vente à ZIRAOUI,1650000.0,"['96 m²', '3 Pièces', '1 Chambre', '1 Salle de bain', 'Nouveau', '1-5 ans']",6,96.0,3.0,1.0,1.0,Nouveau,3.0,3
Appartements Casablanca,Gauthier à Casablanca,33.58891909184207,-7.628674507141113,Appartement en vente à Gauthier. 6 grandes pièces. Ascenseur et stationnement,3200000.0,"['197 m²', '6 Pièces', '4 Chambres', '3 Salles de bains', 'Bon état', '10-20 ans', '5ème étage']",7,197.0,6.0,4.0,3.0,Bon état,5.0,15
Appartements Casablanca,Belvédère à Casablanca,33.5895625839363,-7.59678840637207,Très joli appartement de 85 m2,935000.0,"['85 m²', '3 Pièces', '2 Chambres', '2 Salles de bains', 'Bon état', '5-10 ans', '3ème étage']",7,85.0,3.0,2.0,2.0,Bon état,3.0,7
Appartements Casablanca,Val Fleury à Casablanca,33.57519011717882,-7.636785507202148,Superbe appartement de 137m à vendre à Val Fleury,2400000.0,"['137 m²', '5 Pièces', '3 Chambres', '2 Salles de bains', 'Bon état', '1-5 ans', '2ème étage']",7,137.0,5.0,3.0,2.0,Bon état,2.0,3
Villas & maisons de luxe Casablanca,Polo à Casablanca,33.56170473792227,-7.630379283521052,"Villa, Jardin, polo",8000000.0,"['800 m²', '5 Pièces', '3 Chambres', '3 Salles de bains', 'À rénover']",5,800.0,5.0,3.0,3.0,À rénover,3.0,15
Villas & maisons de luxe Casablanca,Ain Diab à Casablanca,33.58630932470067,-7.671375274658203,Villa a vendre usage habitation et commercial,14000000.0,"['700 m²', '7 Pièces', '4 Chambres', '4 Salles de bains', 'Bon état']",5,700.0,7.0,4.0,4.0,Bon état,3.0,15
Appartements Casablanca,Casablanca Finance City à Casablanca,33.56170473792227,-7.630379283521052,Bel appartement à vendre au faubourg d’anfa,2350000.0,"['103 m²', '3 Pièces', '2 Chambres', '2 Salles de bains', 'Nouveau', '1-5 ans', '3ème étage']",7,103.0,3.0,2.0,2.0,Nouveau,3.0,3
Appartements Casablanca,Palmier à Casablanca,33.580946541729524,-7.629060745239258,Super appartement de 284 m à vendre à Palmier,14200.0,"['284 m²', '7 Pièces', '5 Chambres', '3 Salles de bains', 'Bon état', '10-20 ans', '2ème étage']",7,284.0,7.0,5.0,3.0,Bon état,2.0,15
Appartements Casablanca,Bourgogne Ouest à Casablanca,33.56170473792227,-7.630379283521052,"Appartement 97 m² à vendre, Bourgogne, Casablanca",1550000.0,"['97 m²', '3 Pièces', '2 Chambres', '1 Salle de bain', 'Bon état']",5,97.0,3.0,2.0,1.0,Bon état,3.0,15
Appartements Casablanca,Ferme Bretonne (Hay Arraha) à Casablanca,33.56170473792227,-7.630379283521052,"Appartement 115 m² à vendre, Ferme Bretonne, Casa",2266250.0,"['115 m²', '4 Pièces', '3 Chambres', '2 Salles de bains', 'Bon état']",5,115.0,4.0,3.0,2.0,Bon état,3.0,15
Villas & maisons de luxe Casablanca,Californie à Casablanca,33.56170473792227,-7.630379283521052,Belle villa à vendre sur californie,7200000.0,"['450 m²', '5 Pièces', '4 Chambres', '5 Salles de bains', 'Bon état']",5,450.0,5.0,4.0,5.0,Bon état,3.0,15
Villas & maisons de luxe Casablanca,Californie à Casablanca,33.56170473792227,-7.630379283521052,Superbe villa à vendre sur Californie,16000000.0,"['1040 m²', '8 Pièces', '5 Chambres', '6 Salles de bains', 'Bon état']",5,1040.0,8.0,5.0,6.0,Bon état,3.0,15
Appartements Casablanca,Val Fleury à Casablanca,33.574081693218154,-7.639102935791186,2 chambres séjour au 4ème étage orienté est ouest,1140000.0,"['74 m²', '3 Pièces', '2 Chambres', '2 Salles de bains', 'Bon état', '4ème étage']",6,74.0,3.0,2.0,2.0,Bon état,4.0,15
Appartements Casablanca,Hermitage à Casablanca,33.56894023166542,-7.615811517274551,Magnifique studio de 56m2 sur Boulevard Anoual,870000.0,"['56 m²', '2 Pièces', '1 Chambre', '2 Salles de bains', 'Nouveau', ""Moins d'un an"", '4ème étage']",7,56.0,2.0,1.0,2.0,Nouveau,4.0,0
Appartements Casablanca,Hay Arrahma à Casablanca,33.56170473792227,-7.630379283521052,Bel appartement à vendre à résidence Almanzeh,495000.0,"['68 m²', '3 Pièces', '2 Chambres', '1 Salle de bain', 'Bon état', '5-10 ans', '4ème étage']",7,68.0,3.0,2.0,1.0,Bon état,4.0,7
Appartements Casablanca,Les Hôpitaux à Casablanca,33.56170473792227,-7.630379283521052,Grand et lumineux appartement à Abdelmoumen,2760000.0,"['230 m²', '9 Pièces', '3 Chambres', '3 Salles de bains', 'Bon état', '10-20 ans', '6ème étage']",7,230.0,9.0,3.0,3.0,Bon état,6.0,15
Appartements Casablanca,Bernoussi à Casablanca,33.610187537328144,-7.506923675537109,Appartement à l'achat à Bernoussi. 3 chambres agréables. Avec ascenseur et espace vert.,940000.0,"['100 m²', '3 Pièces', '3 Chambres', '2 Salles de bains', 'Bon état', '5-10 ans', '1er étage']",7,100.0,3.0,3.0,2.0,Bon état,1.0,7
Appartements Casablanca,Oulfa à Casablanca,33.55627344791359,-7.67918586730957,Appartement à vendre à Oulfa. Surface de 46 m². Frigidaire,350000.0,"['46 m²', '3 Pièces', '2 Chambres', '1 Salle de bain', 'Bon état', '1-5 ans', '2ème étage']",7,46.0,3.0,2.0,1.0,Bon état,2.0,3
Appartements Casablanca,Bourgogne Ouest à Casablanca,33.56170473792227,-7.630379283521052,Appartement à vendre à Bourgogne,1020000.0,"['83 m²', '3 Pièces', '2 Chambres', '2 Salles de bains', 'Bon état']",5,83.0,3.0,2.0,2.0,Bon état,3.0,15
Appartements Casablanca,Nassim 1 à Casablanca,33.52264948439997,-7.660281658172494,Bel appart. à vendre 115 m² Nassim Sidi maârouf,930000.0,"['115 m²', '4 Pièces', '3 Chambres', '2 Salles de bains', 'Bon état', '10-20 ans', '3ème étage']",7,115.0,4.0,3.0,2.0,Bon état,3.0,15
Appartements Casablanca,Les Hôpitaux à Casablanca,33.572427969722575,-7.616143226623564,Bel appartement à vendre avec terasse agréable,3200000.0,"['281 m²', '5 Pièces', '3 Chambres', '2 Salles de bains', 'Bon état', '20-30 ans', '5ème étage']",7,281.0,5.0,3.0,2.0,Bon état,5.0,25
Appartements Casablanca,Belvédère à Casablanca,33.5895625839363,-7.59678840637207,Vente magnifique duplexe avec terrasse Emile Zola,2400000.0,"['164 m²', '5 Pièces', '3 Chambres', '2 Salles de bains', 'Bon état', '5-10 ans', '6ème étage']",7,164.0,5.0,3.0,2.0,Bon état,6.0,7
Villas & maisons de luxe Casablanca,La Floride à Casablanca,33.56170473792227,-7.630379283521052,Villa a florida sup 346 m 4 ch,4600000.0,"['346 m²', '6 Pièces', '4 Chambres', '4 Salles de bains', 'Bon état', '10-20 ans']",6,346.0,6.0,4.0,4.0,Bon état,3.0,15
Appartements Casablanca,Riviera à Casablanca,33.56170473792227,-7.630379283521052,Appt a vendre tres fermee sup 120m 3 ch,1790000.0,"['120 m²', '4 Pièces', '3 Chambres', '2 Salles de bains', 'Bon état', '5-10 ans', '3ème étage']",7,120.0,4.0,3.0,2.0,Bon état,3.0,7
Appartements Casablanca,Palmier à Casablanca,33.580946541729524,-7.629060745239258,Appt a vendre palmier 135 m 3 ch vue degage,2030000.0,"['135 m²', '4 Pièces', '3 Chambres', '2 Salles de bains', 'Bon état', '10-20 ans', '6ème étage']",7,135.0,4.0,3.0,2.0,Bon état,6.0,15
Appartements Casablanca,Sidi Maarouf à Casablanca,33.56170473792227,-7.630379283521052,Un appartement à véndre sur lot soufiane,800000.0,"['79 m²', '3 Pièces', '2 Chambres', '2 Salles de bains', 'Bon état', '1-5 ans']",6,79.0,3.0,2.0,2.0,Bon état,3.0,3
Appartements Casablanca,Aïn Sebaâ à Casablanca,33.611688641154686,-7.538852691650391,App à vendre à Aïn Sebaâ. 60 m²,560000.0,"['60 m²', '3 Pièces', '2 Chambres', '1 Salle de bain', 'Bon état', '5-10 ans', '2ème étage']",7,60.0,3.0,2.0,1.0,Bon état,2.0,7
Appartements Casablanca,Hay Adil à Casablanca,33.56170473792227,-7.630379283521052,Superbe appartement à vendre à Hay Adil. Surface de 83 m².,4558824.761494253,"['83 m²', '5 Pièces', '4 Chambres', '1 Salle de bain', 'Bon état', '10-20 ans', '3ème étage']",7,83.0,5.0,4.0,1.0,Bon état,3.0,15
Appartements Casablanca,Oulfa à Casablanca,33.55627344791359,-7.67918586730957,Appartement en Vente à Casablanca,390000.0,"['50 m²', '3 Pièces', '2 Chambres', '1 Salle de bain', 'Bon état', '1-5 ans', '3ème étage']",7,50.0,3.0,2.0,1.0,Bon état,3.0,3
Appartements Casablanca,Aïn Sebaâ à Casablanca,33.61087396163268,-7.547263479086183,Superbe appartement à vendre à Aïn Sebaâ. 2 pièces confortables. Ascenseur et places de parking,4558824.761494253,"['64 m²', '2 Pièces', '2 Chambres', '1 Salle de bain', 'Nouveau', ""Moins d'un an""]",6,64.0,2.0,2.0,1.0,Nouveau,3.0,0
Appartements Casablanca,Ain Diab à Casablanca,33.56170473792227,-7.630379283521052,"Apt 172 m², sans vis à vis, terrasse et soleil",2650000.0,"['172 m²', '4 Pièces', '3 Chambres', '3 Salles de bains', 'Bon état', '10-20 ans', '1er étage']",7,172.0,4.0,3.0,3.0,Bon état,1.0,15
Appartements Casablanca,Hay Arsalan à Casablanca,33.56170473792227,-7.630379283521052,Appartement à vendre au 4ème étage,820000.0,"['116 m²', '1 Pièce', '3 Chambres', '1 Salle de bain', 'À rénover', '20-30 ans', '4ème étage']",8,116.0,4.682934712346477,3.0,1.0,À rénover,3.0,25
Appartements Casablanca,Al Hassania à Casablanca,32.34023266790936,-7.437744140625,Appartement à vendre dans un excellent emplacement,594000.0,"['54 m²', '3 Pièces', '2 Chambres', '1 Salle de bain', 'Bon état', '1-5 ans', '3ème étage']",7,54.0,3.0,2.0,1.0,Bon état,3.0,3
Appartements Casablanca,Maârif Extension à Casablanca,33.56170473792227,-7.630379283521052,Appartement de 96m² en vente à ZIRAOUI,1650000.0,"['96 m²', '3 Pièces', '1 Chambre', '1 Salle de bain', 'Nouveau', '1-5 ans']",6,96.0,3.0,1.0,1.0,Nouveau,3.0,3
Appartements Casablanca,Gauthier à Casablanca,33.58891909184207,-7.628674507141113,Appartement en vente à Gauthier. 6 grandes pièces. Ascenseur et stationnement,3200000.0,"['197 m²', '6 Pièces', '4 Chambres', '3 Salles de bains', 'Bon état', '10-20 ans', '5ème étage']",7,197.0,6.0,4.0,3.0,Bon état,5.0,15
Appartements Casablanca,Belvédère à Casablanca,33.5895625839363,-7.59678840637207,Très joli appartement de 85 m2,935000.0,"['85 m²', '3 Pièces', '2 Chambres', '2 Salles de bains', 'Bon état', '5-10 ans', '3ème étage']",7,85.0,3.0,2.0,2.0,Bon état,3.0,7
Appartements Casablanca,Val Fleury à Casablanca,33.56170473792227,-7.630379283521052,Superbe appartement de 137m à vendre à Val Fleury,2400000.0,"['137 m²', '5 Pièces', '3 Chambres', '2 Salles de bains', 'Bon état', '1-5 ans', '2ème étage']",7,137.0,5.0,3.0,2.0,Bon état,2.0,3
Villas & maisons de luxe Casablanca,Polo à Casablanca,33.56170473792227,-7.630379283521052,"Villa, Jardin, polo",8000000.0,"['800 m²', '5 Pièces', '3 Chambres', '3 Salles de bains', 'À rénover']",5,800.0,5.0,3.0,3.0,À rénover,3.0,15
Villas & maisons de luxe Casablanca,Ain Diab à Casablanca,33.58630932470067,-7.671375274658203,Villa a vendre usage habitation et commercial,14000000.0,"['700 m²', '7 Pièces', '4 Chambres', '4 Salles de bains', 'Bon état']",5,700.0,7.0,4.0,4.0,Bon état,3.0,15
Appartements Casablanca,Casablanca Finance City à Casablanca,33.56170473792227,-7.630379283521052,Bel appartement à vendre au faubourg d’anfa,2350000.0,"['103 m²', '3 Pièces', '2 Chambres', '2 Salles de bains', 'Nouveau', '1-5 ans', '3ème étage']",7,103.0,3.0,2.0,2.0,Nouveau,3.0,3
Appartements Casablanca,Palmier à Casablanca,33.580946541729524,-7.629060745239258,Super appartement de 284 m à vendre à Palmier,14200.0,"['284 m²', '7 Pièces', '5 Chambres', '3 Salles de bains', 'Bon état', '10-20 ans', '2ème étage']",7,284.0,7.0,5.0,3.0,Bon état,2.0,15
Appartements Casablanca,Bourgogne Ouest à Casablanca,33.56170473792227,-7.630379283521052,"Appartement 97 m² à vendre, Bourgogne, Casablanca",1550000.0,"['97 m²', '3 Pièces', '2 Chambres', '1 Salle de bain', 'Bon état']",5,97.0,3.0,2.0,1.0,Bon état,3.0,15
Appartements Casablanca,Ferme Bretonne (Hay Arraha) à Casablanca,33.56170473792227,-7.630379283521052,"Appartement 115 m² à vendre, Ferme Bretonne, Casa",2266250.0,"['115 m²', '4 Pièces', '3 Chambres', '2 Salles de bains', 'Bon état']",5,115.0,4.0,3.0,2.0,Bon état,3.0,15
Villas & maisons de luxe Casablanca,Californie à Casablanca,33.53595755299843,-7.625627517700195,Belle villa à vendre sur californie,7200000.0,"['450 m²', '5 Pièces', '4 Chambres', '5 Salles de bains', 'Bon état']",5,450.0,5.0,4.0,5.0,Bon état,3.0,15
Villas & maisons de luxe Casablanca,Californie à Casablanca,33.53595755299843,-7.625627517700195,Superbe villa à vendre sur Californie,16000000.0,"['1040 m²', '8 Pièces', '5 Chambres', '6 Salles de bains', 'Bon état']",5,1040.0,8.0,5.0,6.0,Bon état,3.0,15
Appartements Casablanca,Val Fleury à Casablanca,33.574081693218154,-7.639102935791186,2 chambres séjour au 4ème étage orienté est ouest,1140000.0,"['74 m²', '3 Pièces', '2 Chambres', '2 Salles de bains', 'Bon état', '4ème étage']",6,74.0,3.0,2.0,2.0,Bon état,4.0,15
Appartements Casablanca,Hermitage à Casablanca,33.56894023166542,-7.615811517274551,Magnifique studio de 56m2 sur Boulevard Anoual,870000.0,"['56 m²', '2 Pièces', '1 Chambre', '2 Salles de bains', 'Nouveau', ""Moins d'un an"", '4ème étage']",7,56.0,2.0,1.0,2.0,Nouveau,4.0,0
Appartements Casablanca,Hay Arrahma à Casablanca,33.59878544316002,-7.567605972290039,Bel appartement à vendre à résidence Almanzeh,495000.0,"['68 m²', '3 Pièces', '2 Chambres', '1 Salle de bain', 'Bon état', '5-10 ans', '4ème étage']",7,68.0,3.0,2.0,1.0,Bon état,4.0,7
Appartements Casablanca,Les Hôpitaux à Casablanca,33.57797899192462,-7.62000560760498,Grand et lumineux appartement à Abdelmoumen,2760000.0,"['230 m²', '9 Pièces', '3 Chambres', '3 Salles de bains', 'Bon état', '10-20 ans', '6ème étage']",7,230.0,9.0,3.0,3.0,Bon état,6.0,15
